super,codigo,producto,precio,oferta,fecha,precio_regular,ean
Carrefour,680457,Aceite de girasol alto omega Carrefour Classic pet 15 lts,5750.00,,2026-10-06,5750.00,7791720025123
Carrefour,244757,Aceite de girasol Cañuelas 15 l,6529.00,,2026-10-06,6529.00,7792180001665
Carrefour,699030,Aceite de girasol Carrefour Classic alto omega pet 900 cc,3650.00,,2026-10-06,3650.00,7791720025291
Carrefour,6307,Aceite de girasol Cocinero 15 l,6925.00,,2026-10-06,6925.00,7790060023684
Carrefour,6309,Aceite de girasol Natura 15 l,7469.00,,2026-10-06,7469.00,7790272001029
Carrefour,253384,Aceite de girasol Cocinero 900 cc,4369.00,,2026-10-06,4369.00,7790070012050
Carrefour,304519,Aceite en aerosol Carrefour classic girasol 150 cc,4390.00,,2026-10-06,4390.00,7798108340236
Carrefour,255169,Aceite de girasol Cañuelas 900 cc,4115.00,,2026-10-06,4115.00,7792180001641
Carrefour,567617,Aceite en aerosol Natura 120 cc,4419.00,,2026-10-06,4419.00,7790272000831
Carrefour,436123,Aceite de oliva Oliovita extra virgen 500 cc,15625.00,,2026-10-06,15625.00,7798061190312
Carrefour,332888,Aceite de girasol Natura 900 cc,4719.00,,2026-10-06,4719.00,7790272001005
Carrefour,721204,Aceite de oliva Cocinero extra virgen pet 500 cc,13650.00,,2026-10-06,13650.00,7790070265098
Carrefour,757629,Aceite de girasol Carrefour Classic pet 900 ml,3650.00,,2026-10-06,3650.00,7792180144829
Carrefour,700952,Aceite de girasol Legitimo 15 lt,6815.00,,2026-10-06,6815.00,7798316700815
Carrefour,684014,Aceite de oliva extra virgen Morixe vidrio 500 cc,15299.00,,2026-10-06,15299.00,7790199604174
Carrefour,700951,Aceite de girasol Legitimo 900 cc,4240.00,,2026-10-06,4240.00,7798316700808
Carrefour,682234,Aceite de oliva extra virgen Cocinero intenso 500 cc,13650.00,,2026-10-06,13650.00,7790070231864
Carrefour,730601,Aceite de girasol en aerosol Fritolim clásico 120 g,4650.00,,2026-10-06,4650.00,7790070265333
Carrefour,397456,Aceite de oliva La Toscana extra virgen 500 cc,18850.00,,2026-10-06,18850.00,7798080520077
Carrefour,441323,Aceite de oliva Carrefour Classic virgen en botella 500 ml,10890.00,,2026-10-06,10890.00,7798141710119
Carrefour,682232,Aceite de oliva extra virgen Lira pet 500 cc,15015.00,,2026-10-06,15015.00,7790070231833
Carrefour,763333,Aceite de oliva virgen Carrefour Classic en lata 500 ml,11990.00,si,2026-10-06,17890.00,7791720043325
Carrefour,668788,Aceite de oliva Morixe extra virgen 500 cc,14199.00,,2026-10-06,14199.00,7790199603757
Carrefour,732142,Aceite de oliva virgen Natura extra suave 500 cc,14475.00,,2026-10-06,14475.00,7790272008394
Carrefour,722003,Aceite de oliva Cocinero extra virgen pet 250 cc,8300.00,,2026-10-06,8300.00,7790070265104
Carrefour,391022,Aceite de oliva Oliovita clásico extra virgen 500 cc,18999.00,,2026-10-06,18999.00,7798061190183
Carrefour,397457,Aceite de oliva extra virgen La Toscana botella 250 cc,10599.00,,2026-10-06,10599.00,7798080520084
Carrefour,539357,Aceite de oliva Oliovita meditarráneo extra virgen 500 cc,15349.00,,2026-10-06,15349.00,7798061190596
Carrefour,317855,Aceite de oliva Carrefour Extra virgen 500 cc,14440.00,,2026-10-06,14440.00,7798033338759
Carrefour,763334,Aceite de oliva virgen Carrefour Classic en lata 1 lt,34050.00,,2026-10-06,34050.00,7791720043332
Carrefour,575443,Aceite de oliva Cañuelas extra virgen suave pico dosificador 500 cc,14859.00,,2026-10-06,14859.00,7792180005205
Carrefour,732141,Aceite de oliva virgen Natura extra fuerte 500 cc,14480.00,,2026-10-06,14480.00,7790272008417
Carrefour,575442,Aceite de oliva Cañuelas extra virgen clásico pet 500 cc,14859.00,,2026-10-06,14859.00,7792180005182
Carrefour,541632,Aceite de maíz Arcor 900 cc,6529.00,,2026-10-06,6529.00,7790580160807
Carrefour,682235,Aceite de oliva extra virgen Cocinero suave 500 cc,13650.00,,2026-10-06,13650.00,7790070231871
Carrefour,664054,Aceite de girasol Pureza 1500 cc,6979.00,,2026-10-06,6979.00,7792180137944
Carrefour,770931,Aceite de coco neutro Carrefour Classic 200 ml,5290.00,,2026-10-06,5290.00,7791720049167
Carrefour,607586,Aceite de oliva Carrefour extra virgen orgánico botella 500 cc,17450.00,,2026-10-06,17450.00,7798159716646
Carrefour,590516,Aceite Cocinero mezcla soja girasol 900 g,3465.00,,2026-10-06,3465.00,7790060234868
Carrefour,664061,Aceite de girasol Pureza 900 cc,4469.00,,2026-10-06,4469.00,7792180137937
Carrefour,756150,Aceite de oliva extra virgen Carrefour Extra en botella 500 ml,15990.00,,2026-10-06,15990.00,7791720041444
Carrefour,441324,Aceite de oliva Carrefour Classic virgen 1 l,19650.00,,2026-10-06,19650.00,7798141710126
Carrefour,610669,Aceite de oliva Carrefour Extra extra virgen 250 ml,11350.00,,2026-10-06,11350.00,7798159718664
Carrefour,721455,Aceite para bebé Johnsons Baby puro 200 cc.,7849.00,,2026-10-06,7849.00,7790010002936
Carrefour,726488,Aceite de oliva Lira en lata 1 lt,33359.00,,2026-10-06,33359.00,7790070265166
Carrefour,575445,Aceite de oliva Cañuelas extra virgen intenso 500 cc,17160.00,,2026-10-06,17160.00,7792180005212
Carrefour,721454,Aceite para bebé Johnsons Baby puro 100 cc.,5760.00,,2026-10-06,5760.00,7790010002943
Carrefour,392580,Aceite Cocinero mezcla soja girasol 15 lst,5495.00,,2026-10-06,5495.00,7790070225023
Carrefour,770485,Aceite mezcla Carrefour Classic 250 ml,2790.00,si,2026-10-06,3490.00,7791720048078
Carrefour,331628,Aceite de oliva virgen Carrefour Classic lata 500 ml,16290.00,,2026-10-06,16290.00,7798108349000
Carrefour,770932,Aceite de coco virgen Carrefour Extra 200 ml,9590.00,,2026-10-06,9590.00,7791720049174
Carrefour,778800,Aceite de oliva extra virgen Cocinero pet 900 ml,23830.00,,2026-10-06,23830.00,7790070104304
Carrefour,759769,Aceite corporal Carrefour My Baby en botella 200 ml,3990.00,si,2026-10-06,5950.00,7791720044544
Carrefour,770486,Aceite mezcla Carrefour Classic 500 ml,4990.00,si,2026-10-06,6550.00,7791720048085
Carrefour,394471,Aceite de oliva Carrefour Classic virgen lata 1 l,30950.00,,2026-10-06,30950.00,7798108348997
Carrefour,573723,Aceite en aerosol Mazola manteca 120 g,5185.00,,2026-10-06,5185.00,7790272000855
Carrefour,738387,Aceite de girasol Dicomere alt oleico sin gluten 500 cc,6400.00,,2026-10-06,6400.00,7793323024763
Carrefour,723656,Aceite de girasol orgánico Pampagourmet en botella 500 cc,11555.00,,2026-10-06,11555.00,7798131061528
Carrefour,572419,Aceite en aerosol Mazola maíz 120 g,5185.00,,2026-10-06,5185.00,7790272000848
Carrefour,670226,Aceite de oliva Maelca organico botella 500 cc,19500.00,,2026-10-06,19500.00,7798241870102
Carrefour,770487,Aceite mezcla Carrefour Classic 2 lts,18990.00,si,2026-10-06,24890.00,7791720048092
Carrefour,652607,Aceite para hornillos Organic Spa coco vainilla 1 u.,4349.00,,2026-10-06,4349.00,7798332210190
Carrefour,652650,Aceite para hornillos Organic Spa maracuya 1 u.,4349.00,,2026-10-06,4349.00,7798239332742
Carrefour,652588,Aceite para hornillos Organic Spa sandía y pepino 1 u.,4349.00,,2026-10-06,4349.00,7798139040549
Carrefour,687989,Aceite de canola Carrefour Classic sin gluten botella 500 ml,11990.00,,2026-10-06,11990.00,7791720025505
Carrefour,712693,Aceite para hornillo Carrefour Home coco y vainilla 30 ml,8190.00,,2026-10-06,8190.00,7798156591109
Carrefour,723650,Aceite de oliva orgánico Pampagourmet en frasco 500 g,29165.00,,2026-10-06,29165.00,7798131061771
Carrefour,655356,Aceite Gulf Max 15w-40 x 4 lts,43989.00,,2026-10-06,43989.00,7798056300153
Carrefour,655358,Aceite Gulf max 20w50 x 4 l.,41300.00,,2026-10-06,41300.00,7798056300191
Carrefour,781921,Aceite en aerosol de coco virge Chiagraal 190 ml,13916.00,,2026-10-06,13916.00,7798260050356
Carrefour,687987,Aceite de canola Carrefour Classic albahaca sin gluten 500 ml,11990.00,,2026-10-06,11990.00,7791720025529
Carrefour,297144,Aceite de oliva Nucete extra virgen lata 500 cc,17640.00,,2026-10-06,17640.00,7792070011606
Carrefour,687988,Aceite de canola limón Carrefour Classic sin gluten botella 500 ml,11990.00,,2026-10-06,11990.00,7791720025536
Carrefour,712697,Aceite para hornillo Carrefour Home verbena y flores 30 ml,8190.00,,2026-10-06,8190.00,7798156591123
Carrefour,709529,Aceite Gulf max ultra plus 10W-40 4 lts,74000.00,,2026-10-06,74000.00,7798056303529
Carrefour,712699,Aceite para hornillo Carrefour Home bergamota y frutos rojos,8190.00,,2026-10-06,8190.00,7798156591130
Carrefour,687986,Aceite de canola Carrefour Classic ajo sin gluten botella 500 ml,11990.00,,2026-10-06,11990.00,7791720025512
Carrefour,785053,Aceite de girasol orgánico Lira 900 ml,7000.00,,2026-10-06,7000.00,7790070100146
Carrefour,655359,Aceite Gulf max 20w-50 x 1l,12100.00,,2026-10-06,12100.00,7798056300207
Carrefour,687990,Aceite de canola Carrefour Classic con oliva sin gluten 500 ml,11990.00,,2026-10-06,11990.00,7791720025499
Carrefour,781922,Aceite de palta y oliva Chiagraal extra virgen 250 ml,21307.00,,2026-10-06,21307.00,7798260052299
Carrefour,712695,Aceite para hornillo Carrefour Home incense 30 ml,8190.00,,2026-10-06,8190.00,7798156591116
Carrefour,655357,Aceite Gulf max 15w40 x 1 l.,14000.00,,2026-10-06,14000.00,7798056300160
Carrefour,781169,Aceite de coco prensado en frio Sri Sri 300 grs,17499.00,,2026-10-06,17499.00,8904150197134
Carrefour,1656668,Aceite Quartz Ineo First 0W30 Sintético (1l),48177.28,,2026-10-06,48177.28,
Carrefour,752479,Aceite de sesamo tostado Nutra Sem 250 ml,12999.00,,2026-10-06,12999.00,7798426200014
Carrefour,1656662,Aceite Moto 4 Roda 15W50 Semi-Sintetico 1LT,21204.14,,2026-10-06,21204.14,
Carrefour,725801,Aceite Elaion ts 1040 x 1 lt,24999.00,,2026-10-06,24999.00,7790968914664
Carrefour,1656632,Aceite Evolution 700 10W40 Semi-Sintetico 4LTS,77448.80,,2026-10-06,77448.80,
Carrefour,1656665,Aceite Quartz Ineo Long Life 5W30 Sintetico 1LT,48875.73,,2026-10-06,48875.73,
Carrefour,1745543,Aceite - Lubricante Semi sintético para Generador x 1 Lts Konan.,11165.00,si,2026-10-06,12921.40,7798013400988
Carrefour,1656669,Aceite Quartz Ineo First 0W30 Sintético (4l),200451.16,,2026-10-06,200451.16,
Carrefour,1656660,Aceite Moto 4 Tech 10W50 1LT,36427.87,,2026-10-06,36427.87,
Carrefour,1656627,Aceite Traxium Gear 8 75W80 1LTS,32276.42,,2026-10-06,32276.42,
Carrefour,1656663,Aceite Evolution 900 5W40 Sintetico Ft 1LT,45863.26,,2026-10-06,45863.26,
Carrefour,486310,Aceite YPF gnc super 20w 50 x 4l.,65442.00,,2026-10-06,65442.00,7790968911700
Carrefour,1656666,Aceite Quartz 9000 5W30 Nfc 1LT,44323.44,,2026-10-06,44323.44,
Carrefour,1656635,Aceite Evolution 700 10W40 Sti Semi-Sintetico 1LT,29155.50,,2026-10-06,29155.50,
Carrefour,1656657,Aceite Evolution 700 15W50 Semi-Sintetico 4LTS,87775.30,,2026-10-06,87775.30,
Carrefour,1656659,Aceite Removedor de óxido Solvo Rust (300ml),10135.90,,2026-10-06,10135.90,
Carrefour,1656626,Aceite Elfmatic D2 1LT,22334.22,,2026-10-06,22334.22,
Carrefour,1656661,Aceite Quartz 9000 0W20 Future Sintetico 1LTS,43167.89,,2026-10-06,43167.89,
Carrefour,1660093,Aceite Elfmaric G3 Dexron Mineral 1LT,27110.48,,2026-10-06,27110.48,
Carrefour,1656670,Aceite Azolla Zs 68 Hidraulico Mineral 20LTS,208759.29,,2026-10-06,208759.29,
Carrefour,1656658,Aceite Fluidmatic Dct Mv Sintetico 1LT,42816.70,,2026-10-06,42816.70,
Carrefour,1656667,Aceite Azolla Zs 46 Hidraulico Mineral 20LTS,192952.45,,2026-10-06,192952.45,
Carrefour,1656631,Aceite Prosylva 2Tz Mineral 1 LT,16050.16,,2026-10-06,16050.16,
Carrefour,439451,Aceite con citronella para exterior free air 500 ml,6900.00,si,2026-10-06,14500.00,7798095221037
Carrefour,757201,Aceite citronella Citroxan 500 cc,25000.00,,2026-10-06,25000.00,7794783000847
Carrefour,783783,Aceite para bebé Johnsons Baby hora del sueño 200 ml,9183.56,,2026-10-06,9183.56,7891010506513
Carrefour,1656630,Aceite Fluidmatic Cvt Mv 1LTS,58908.47,,2026-10-06,58908.47,
Carrefour,122141,Lomito de atún en aceite Carrefour Classic 170 grs,3290.00,,2026-10-06,3290.00,7798033333891
Carrefour,105451,Vinagre de alcohol Carrefour classic 1 l.,1690.00,,2026-10-06,1690.00,7798033332641
Carrefour,718517,Acondicionador Dove Nutrición + Tri-Óleo 400 ml,10165.00,,2026-10-06,10165.00,7791293047515
Carrefour,100650,Vinagre de alcohol Alcazar 1 lt,1389.00,,2026-10-06,1389.00,7790130000294
Carrefour,660295,Vinagre de alcohol Casalta 1 lt,1709.00,,2026-10-06,1709.00,7790139003173
Carrefour,304850,Lomito de atún en aceite Carrefour Classic 354 grs,7190.00,,2026-10-06,7190.00,7798108349178
Carrefour,727456,Shampoo Dove Hidratación + Hialuron Vit 400 ml,10165.00,,2026-10-06,10165.00,7791293050324
Carrefour,412101,Mayonesa con aceite de oliva Mayoliva doy pack 500 cc,4989.00,,2026-10-06,4989.00,7791866001579
Carrefour,557794,Jugo de limón Minerva pet 500 cc.,3465.00,,2026-10-06,3465.00,7790070507341
Carrefour,181618,Vinagre de alcohol Menoyo 1 lt,1849.00,,2026-10-06,1849.00,7790130000058
Carrefour,623430,Atún desmenuzado en aceite Bulnez 170 grs,1490.00,,2026-10-06,1490.00,7791720003862
Carrefour,721953,Papas fritas Lays clásicas 134 g.,5250.00,,2026-10-06,5250.00,7790310985465
Carrefour,699549,Atún en aceite La campagnola lomitos 170 g.,6279.00,,2026-10-06,6279.00,7790580131357
Carrefour,715075,Shampoo Sedal Crema Balance Toque de Seda 650 ml,10249.00,,2026-10-06,10249.00,7791293045801
Carrefour,740977,Jugo de limón Bulnez en botella 1000 cc.,2950.00,,2026-10-06,2950.00,7791720036044
Carrefour,105448,Vinagre de alcohol Carrefour classic 500 cc.,1350.00,,2026-10-06,1350.00,7798033332610
Carrefour,304996,Mayonesa aceite de oliva Mayoliva 250 cc,2545.00,,2026-10-06,2545.00,7791866003283
Carrefour,691846,Vinagre de alcohol Favinco pet 1 l.,1589.00,,2026-10-06,1589.00,7790139101138
Carrefour,762914,Rocio vegetal en aerosol manteca Carrefour Classic 150 ml,4350.00,,2026-10-06,4350.00,7791720044674
Carrefour,558711,Jugo de limón Minerva pet 250 cc.,2229.00,,2026-10-06,2229.00,7790070507372
Carrefour,721959,Papas fritas Lays clásicas 230 g.,9499.00,,2026-10-06,9499.00,7790310984734
Carrefour,718515,Acondicionador Dove Humectación + Coco Antioxi 400 ml,10165.00,,2026-10-06,10165.00,7791293047492
Carrefour,721964,Papas fritas Lays clásicas 330 g.,10499.00,,2026-10-06,10499.00,7790310985588
Carrefour,721958,Papas fritas sabor a queso y cebolla Lays 77 g.,4199.00,,2026-10-06,4199.00,7790310985557
Carrefour,694098,Aceto balsámico Cocinero tipo reducción 250 cc.,4179.00,,2026-10-06,4179.00,7790070231253
Carrefour,558336,Jugo de limón Minerva pet 1 l.,6679.00,,2026-10-06,6679.00,7790070507358
Carrefour,105450,Vinagre de manzana Carrefour classic 500 cc.,2490.00,,2026-10-06,2490.00,7798033332634
Carrefour,481073,Lomito de atún en aceite vegetal Carrefour Classic x3 80 grs,6790.00,,2026-10-06,6790.00,7798152222168
Carrefour,738254,Aceto balsamico Carrefour Extra di modena 500 cc.,4990.00,si,2026-10-06,8650.00,7791720036297
Carrefour,646032,Aceto balsámico Cocinero tipo reducción 500 cc.,7415.00,,2026-10-06,7415.00,7790070231260
Carrefour,715038,Shampoo Sedal hialurónico + vitamina A 650 ml,10249.00,,2026-10-06,10249.00,7791293046389
Carrefour,721956,Papas fritas sabor a jamón serrano Lays 77 g.,4199.00,,2026-10-06,4199.00,7790310985434
Carrefour,715032,Acondicionador Sedal hialurónico y vitamina A 650 ml,10249.00,,2026-10-06,10249.00,7791293046440
Carrefour,612492,Vinagre de vino blanco Menoyo 500 cc.,2129.00,,2026-10-06,2129.00,7790130000720
Carrefour,715056,Shampoo Sedal Ceramidas Botella 650 ml,10249.00,,2026-10-06,10249.00,7791293045795
Carrefour,721950,Papas fritas Lays clásicas 85 g.,4199.00,,2026-10-06,4199.00,7790310985458
Carrefour,760036,Hummus con aceite de oliva Carrefour Classic 230 grs,3290.00,si,2026-10-06,3690.00,7791720043936
Carrefour,715037,Shampoo Sedal hialurónico + vitamina A 340 ml,6384.62,,2026-10-06,6384.62,7791293046372
Carrefour,721522,Aceto balsámico Casalta reducción pet 500 cc.,9630.00,,2026-10-06,9630.00,7790139101640
Carrefour,740976,Jugo de limón Bulnez en botella 500 cc.,2290.00,,2026-10-06,2290.00,7791720036037
Carrefour,715031,Acondicionador Sedal hialurónico + vitamina A 340 ml,6384.62,,2026-10-06,6384.62,7791293046433
Carrefour,181616,Vinagre de manzana Menoyo 500 cc.,2699.00,,2026-10-06,2699.00,7790130000027
Carrefour,715074,Shampoo Sedal Crema Balance Toque de Seda 340 ml,6384.62,,2026-10-06,6384.62,7791293045740
Carrefour,721520,Aceto balsámico Casalta clásico pet 500 cc.,6439.00,,2026-10-06,6439.00,7790139101763
Carrefour,710182,Jabón de tocador Palmolive Naturals alga y almendra dulce 90 g 3 uni,3739.00,,2026-10-06,3739.00,7509546683409
Carrefour,691047,Filet de anchoas Marbella 90 g.,6800.00,,2026-10-06,6800.00,7792750000937
Carrefour,44158,Jabón de tocador Johnson's Baby glicerina 80 grs,1769.00,,2026-10-06,1769.00,7891010035976
Carrefour,762913,Rocio vegetal en aerosol Carrefour Classic 150 ml,5490.00,,2026-10-06,5490.00,7791720044667
Carrefour,691843,Aceto Casalta reducción 250 cc.,5200.00,,2026-10-06,5200.00,7790139101466
Carrefour,558705,Filet de anchoas en aceite Carrefour Classic 90 grs,6790.00,,2026-10-06,6790.00,7798159715311
Carrefour,778712,Acondicionador Dove Nutrición + Tri-Óleo 650 ml,17695.00,,2026-10-06,17695.00,7791293052021
Carrefour,758372,Merluza en aceite Carrefour Classic 340 grs,3250.00,,2026-10-06,3250.00,7791720042229
Carrefour,767877,Jugo de limón Carrefour Classic pet 500 ml,2990.00,,2026-10-06,2990.00,7791720047347
Carrefour,718529,Acondicionador Dove Nutrición + Tri-Óleos 200 ml,6619.00,,2026-10-06,6619.00,7791293047065
Carrefour,181615,Vinagre de vino Menoyo 1 lt,3295.00,,2026-10-06,3295.00,7790130000010
Carrefour,778423,Lomito de atún en aceite Swift en lata 170 grs,4199.00,,2026-10-06,4199.00,7790360984241
Carrefour,468944,Vinagre de alcohol Casalta clásica 500 cc.,1205.00,,2026-10-06,1205.00,7790139003166
Carrefour,416066,Jabón de glicerina Véritas aceites esenciales x3 120 g,4730.00,,2026-10-06,4730.00,7791520077254
Carrefour,735813,Protector labial humectante Nivea Essential original care para todo tipo de piel 4.8 g.,6475.00,,2026-10-06,6475.00,4006000005478
Carrefour,730753,Shampoo para niños Johnson's gotas de brillo 200 ml,5449.00,,2026-10-06,5449.00,7790010002950
Carrefour,715055,Shampoo Sedal Ceramidas Botella 340 ml,6384.62,,2026-10-06,6384.62,7791293045733
Carrefour,717423,Atún en aceite La campagnola en lata 300 g.,9809.00,,2026-10-06,9809.00,7790580138769
Carrefour,181619,Vinagre de vino Menoyo 500 cc.,2375.00,,2026-10-06,2375.00,7790130000065
Carrefour,105452,Vinagre de vino Carrefour classic 1 l.,3090.00,,2026-10-06,3090.00,7798033332658
Carrefour,641157,Vinagre de manzana Pampagourmet orgánico 250 cc.,8450.00,,2026-10-06,8450.00,7798131061467
Carrefour,718527,Acondicionador Dove Humectación + Coco Antioxi 200 ml,6619.00,,2026-10-06,6619.00,7791293047041
Carrefour,517028,Vinagre de alcohol Alcazar 500 cc.,1175.00,,2026-10-06,1175.00,7790130000263
Carrefour,733078,Lustramuebles Blem hidrata y renueva madera aceite de argán en aerosol 360 ml.,9100.00,,2026-10-06,9100.00,7790520028907
Carrefour,730298,Shampoo Suave Brillo Ceramidas 930 ml,4755.00,,2026-10-06,4755.00,7791293050386
Carrefour,324695,Aceto balsámico Favinco pet 500 cc.,4595.00,,2026-10-06,4595.00,7790139002121
Carrefour,738251,Aceto balsámico Carrefour Extra di modena 250 cc.,3690.00,si,2026-10-06,5450.00,7791720036280
Carrefour,181617,Vinagre de alcohol Menoyo 500 cc.,1460.00,,2026-10-06,1460.00,7790130000034
Carrefour,731852,Shampoo para bebé Johnson's cabello claro 400 ml,11415.00,,2026-10-06,11415.00,7790010003070
Carrefour,721302,Papas fritas Lays clásicas 40 g.,2500.00,,2026-10-06,2500.00,7790310985236
Carrefour,572714,Limpiador líquido Pinoluz aceite de pino 900 cc.,1190.00,si,2026-10-06,2350.00,7793253000905
Carrefour,581420,Jugo de limón Menoyo 250 cc.,1750.00,,2026-10-06,1750.00,7790130000713
Carrefour,708266,Crema de manos Nivea Cuidado Intensivo para piel seca 100 ml,6369.00,,2026-10-06,6369.00,42429142
Carrefour,731847,Acondicionador para niños Johnson's gotas de brillo 200 ml,5449.00,,2026-10-06,5449.00,7790010003216
Carrefour,722437,Papas fritas sabor a jamón serrano Lays 122 g.,5850.00,,2026-10-06,5850.00,7790310985618
Carrefour,594621,Jugo de limón Menoyo 500 cc.,2829.00,,2026-10-06,2829.00,7790130000225
Carrefour,590309,Spray para peinar Johnson's Baby gotas de brillo 200 cc.,6875.00,,2026-10-06,6875.00,7702031604143
Carrefour,626844,Filet de anchoas en aceite Carrefour Classic con provenzal 90 grs,6790.00,,2026-10-06,6790.00,7791720016374
Carrefour,715029,Acondicionador Sedal Colágeno + Vitamina C 650 ml,10249.00,,2026-10-06,10249.00,7791293046471
Carrefour,636351,Acondicionador Baby Dove Humectación Enriquecida 200 ml,8090.00,,2026-10-06,8090.00,7891150036390
Carrefour,600318,Aceto balsámico Glaze Casalta reducción 250 cc.,5299.00,,2026-10-06,5299.00,7790139004330
Carrefour,715053,Shampoo Sedal Ceramidas Botella 190 ml,4275.00,,2026-10-06,4275.00,7791293045658
Carrefour,730754,Shampoo para niños Johnson's gotas de brillo 400 ml,9819.00,,2026-10-06,9819.00,7790010002967
Carrefour,554114,Quitaesmalte Cutex humectante con aceite de almendra 100 cc.,3489.00,,2026-10-06,3489.00,7790416066433
Carrefour,731848,Acondicionador para niños Johnson's gotas de brillo 400 ml,9819.00,,2026-10-06,9819.00,7790010003223
Carrefour,703276,Vinagre de alcohol Favinco sin tacc 500 cc.,1159.00,,2026-10-06,1159.00,7790139101145
Carrefour,731851,Shampoo para bebé Johnson's cabello claro 200 ml,6870.00,,2026-10-06,6870.00,7790010003063
Carrefour,730758,Colonia para bebé Johnsons Baby fresca caricia 100 cc.,4359.00,,2026-10-06,4359.00,7790010002929
Carrefour,661692,Head & Shoulders hidratación aceite de coco acondicionador control caspa 300 ml.,12725.00,,2026-10-06,12725.00,7500435147583
Carrefour,640597,Aceto balsámico Favinco ahumado reducción 500 cc.,6719.00,,2026-10-06,6719.00,7790139004972
Carrefour,731854,Shampoo para bebé Johnson's Original 200 ml,6870.00,,2026-10-06,6870.00,7790010003162
Carrefour,767876,Jugo de limón Carrefour Classic pet 1 lt,5750.00,,2026-10-06,5750.00,7791720047354
Carrefour,707248,Limol jabón de tocador pureza cremosa glicerina x3 90 grs,2219.00,,2026-10-06,2219.00,7790990001974
Carrefour,691845,Jugo de limón Favinco pet 1 l.,2980.00,,2026-10-06,2980.00,7790139100919
Carrefour,735814,"Protector labial humectante Nivea Med Repair FPS 20 para todo tipo de piel 4,8 grs",6475.00,,2026-10-06,6475.00,4006000005485
Carrefour,570830,Acondicionador Suave Frutilla Glamorosa 350 ml,6255.00,,2026-10-06,6255.00,7791293027876
Carrefour,347660,Crema hidratante intensiva Nivea Soft para uso diario 100 ml,6345.00,,2026-10-06,6345.00,4005808890590
Carrefour,624273,Aceto balsámico Cocinero tipo modena 500 cc.,6100.00,,2026-10-06,6100.00,7790070228611
Carrefour,105449,Vinagre de vino Carrefour classic 500 cc.,1950.00,,2026-10-06,1950.00,7798033332627
Carrefour,700862,Aceto balsámico Lira pet 250 ml,3850.00,,2026-10-06,3850.00,7790070231949
Carrefour,730755,Shampoo para niños Johnson's hidratación intensa 200 ml,6219.00,,2026-10-06,6219.00,7790010002974
Carrefour,731850,Acondicionador para niños Johnson's rulos de ensueño 200 ml,6219.00,,2026-10-06,6219.00,7790010003285
Carrefour,105453,Vinagre de manzana Carrefour classic 1 l.,4950.00,,2026-10-06,4950.00,7798033332665
Carrefour,708267,Crema de manos antiarrugas Nivea Q10 100 ml,6370.00,,2026-10-06,6370.00,4005900717238
Carrefour,717827,Atún en trozos en aceite Gomes Da Costa 170 grs,3589.00,,2026-10-06,3589.00,7891167831131
Carrefour,730757,Shampoo para niños Johnson's rulos de ensueño 200 ml,6219.00,,2026-10-06,6219.00,7790010002998
Carrefour,707246,Limol jabón de tocador Vitalidad Cítrica Glicerina x3 90 grs,2419.00,,2026-10-06,2419.00,7790990001950
Carrefour,779955,Acondicionador Sedal Mega Crecimiento 190 ml,4275.00,,2026-10-06,4275.00,7791293052199
Carrefour,468948,Vinagre de vino Casalta 1 l.,3079.00,,2026-10-06,3079.00,7790139003302
Carrefour,700863,Aceto reducción Lira pet 250 cc,4900.00,,2026-10-06,4900.00,7790070231956
Carrefour,477694,Crema hidratante intensiva Nivea Soft para uso diario 200 ml,9849.00,,2026-10-06,9849.00,4005808515592
Carrefour,731849,Acondicionador para niños Johnson's hidratación intensa 200 ml,6219.00,,2026-10-06,6219.00,7790010003230
Carrefour,731855,Shampoo Johnsons baby original 400 cc.,11415.00,,2026-10-06,11415.00,7790010003179
Carrefour,731843,Acondicionador para bebé Johnson's cabellos claros 400 ml,11415.00,,2026-10-06,11415.00,7790010003254
Carrefour,468939,Vinagre de manzana Casalta clásico pet 500 cc.,2999.00,,2026-10-06,2999.00,7790139003258
Carrefour,762895,Aromatizante de Ambientes Glade Aceites Naturales Naranjo y Orquídeas Repuesto 21 ml,13405.00,,2026-10-06,13405.00,7790520031556
Carrefour,585328,Vinagre de alcohol Menoyo pet 250 g.,1199.00,,2026-10-06,1199.00,7790130000645
Carrefour,661302,Crema hidratante para bebé Johnson's® para antes de dormir 200 ml.,5380.00,,2026-10-06,5380.00,7891010245382
Carrefour,730301,Shampoo Suave Control Frizz 930 ml,4755.00,,2026-10-06,4755.00,7791293050416
Carrefour,730300,Shampoo Suave Largo y Fuerte 930 ml,4755.00,,2026-10-06,4755.00,7791293050409
Carrefour,723831,Aromatizante de ambientes Glade aceites naturales vainilla repuesto 21 ml.,13465.00,,2026-10-06,13465.00,7790520999535
Carrefour,716917,Atún en aceite Gomes da Costa lomitos claros 170 grs,4899.00,,2026-10-06,4899.00,7891167831186
Carrefour,731857,Shampoo para niños Johnson's fragancia prolongada 200 ml,6219.00,,2026-10-06,6219.00,7790010003292
Carrefour,722439,Papas fritas sabor a jamón serrano Lays 34 g.,2500.00,,2026-10-06,2500.00,7790310985250
Carrefour,723832,Aromatizante de ambientes Glade aceites naturales harmony repuesto 21 ml.,13465.00,,2026-10-06,13465.00,7790520999511
Carrefour,729042,Crema hidratante para bebé Johnson's 200 ml,5190.00,,2026-10-06,5190.00,7891010255213
Carrefour,731856,Shampoo Johnsons baby original 750 cc.,19299.00,,2026-10-06,19299.00,7790010003186
Carrefour,723881,Aromatizante de ambientes Glade aceites naturales Flores tropicales y Coco Aparato + Repuesto 21 ml,22309.00,,2026-10-06,22309.00,7790520999498
Carrefour,731846,Acondicionador para niños Johnson's fragancia prolongada 200 ml,6219.00,,2026-10-06,6219.00,7790010003209
Carrefour,731853,Shampoo para bebé Johnson's cabello claro 750 ml,19299.00,,2026-10-06,19299.00,7790010003087
Carrefour,715017,Acondicionador Sedal Colágeno + Vitamina C 340 ml,6384.62,,2026-10-06,6384.62,7791293046464
Carrefour,731845,Acondicionador para bebé Johnson's original 400 ml,11415.00,,2026-10-06,11415.00,7790010003278
Carrefour,731842,Acondicionador para bebé Johnson's cabello claro 200 ml,6870.00,,2026-10-06,6870.00,7790010003247
Carrefour,730299,Shampoo Suave Hidratación Intensa 930 ml,4755.00,,2026-10-06,4755.00,7791293050393
Carrefour,731841,Jabón líquido para bebé Johnson's glicerina 200 ml,5189.00,,2026-10-06,5189.00,7790010003193
Carrefour,730759,Colonia para bebé Johnsons Baby fresca caricia 200 cc.,7400.00,,2026-10-06,7400.00,7790010002912
Carrefour,731858,Shampoo para niños Johnson's fragancia prolongada 400 ml,9819.00,,2026-10-06,9819.00,7790010003308
Carrefour,730756,Shampoo para niños Johnson's hidratación intensa 400 ml,9819.00,,2026-10-06,9819.00,7790010002981
Carrefour,621309,Loción corporal Nivea cereza y aceite de Jojoba para piel normal a seca 400 ml,13890.00,,2026-10-06,13890.00,4005900399953
Carrefour,620048,Loción corporal Nivea coco o vainilla rápida absorción piel normal a seca 400 ml,13890.00,,2026-10-06,13890.00,4005900399946
Carrefour,758036,"Shampoo Head & Shoulders Anti-Resequedad Nutrición Diaria, Miel Aceites y Esenciales 375 ml",13830.00,,2026-10-06,13830.00,7500435249348
Carrefour,727724,Quitaesmalte Cutex humectante con aceite de almendra 200 cc.,5670.00,,2026-10-06,5670.00,7790416018593
Carrefour,731844,Acondicionador para bebé Johnson's original 200 ml,6870.00,,2026-10-06,6870.00,7790010003261
Carrefour,739292,Crema hidratante para bebé recien nacido Johnsons 200 cc.,5380.00,,2026-10-06,5380.00,7891010255220
Carrefour,771436,Lomo de atún en aceite sabor ahumado La Campagnola 170 grs,6515.00,,2026-10-06,6515.00,7790580143718
Carrefour,548317,Moyonesa con aceite de oliva Mayoliva dp 950 ml,9430.00,,2026-10-06,9430.00,7791866002477
Carrefour,735812,Protector labial humectante Nivea vainilla Buttercream para todo tipo de piel 4.8 g.,6475.00,,2026-10-06,6475.00,4006000005539
Carrefour,737516,Aceto oliva light Cocinero 500 ml,3699.00,,2026-10-06,3699.00,7790070265456
Carrefour,728644,Tomates secos en oliva Meridiano 330 cc.,14125.00,,2026-10-06,14125.00,7792340073969
Carrefour,761240,Vinagre de manzana Arytza 250 grs,8730.00,,2026-10-06,8730.00,7798126291794
Carrefour,740100,Shampoo OGX aceite de argán marroqui 385 ml,31240.00,,2026-10-06,31240.00,22796916112
Carrefour,1754564,Freidora de Aire Gadnic Pantalla Tactil Sin Aceite 4.2 litros,89549.00,si,2026-10-06,116414.00,645760907772
Carrefour,763161,Vinagre orgánico Bragg de sidra de manzana en botella 473 ml,28999.00,,2026-10-06,28999.00,74305001161
Carrefour,1754522,Freidora Sin Aceite Gadnic F12.0 12Lts 1800w Control Digital Antiadherente,177649.00,si,2026-10-06,230944.00,650414478928
Carrefour,1764085,Freidora De Aire Sin Aceite Sutai 8l 7 Funciones Ventana,69999.00,si,2026-10-06,87499.00,66460003880
Carrefour,1758692,Difusor Gadnic Humidificador Aromatizante para Aceites 130mL Bamboo,10599.00,si,2026-10-06,13779.00,650414641872
Carrefour,775608,Pulpo colorado Conservas Puerto Madryn 180 grs,30490.00,,2026-10-06,30490.00,7798448410064
Carrefour,758789,Freidora Mandine aceite doble mdf50,119000.00,si,2026-10-06,162900.00,3616475717878
Carrefour,775609,Pulpito tehuelche Conservas Puerto Madryn 180 grs,30490.00,,2026-10-06,30490.00,7798448410033
Carrefour,1656410,Freidora De Aceite Atma Df5318p Con Cesta Extraíble,95999.00,si,2026-10-06,120999.00,7799111038905
Carrefour,1754959,Freidora Industrial Aceite Eléctrica Doble Capacidad 16lts Acero Inoxidable,342299.00,si,2026-10-06,444989.00,7427251959810
Carrefour,1773428,Mini Compresor Sin Aceite Lusqtoff LC-882 Monocilíndrico 1.5hp,73207.20,si,2026-10-06,77880.00,7798225223887
Carrefour,1758676,Difusor de Aceite Gadnic Aromaterapia,32499.00,si,2026-10-06,42249.00,7798427510839
Carrefour,1769365,Calentador de Aire Diesel GADNIC Para Vehículos 5KW 12V 24V Aluminio Calefacción Bomba De Aceite Silenciosa,495099.00,si,2026-10-06,643629.00,7799219132598
Carrefour,779206,Airfryer Cuisinart 6.5 lts 1700w air700ar,249000.00,si,2026-10-06,329900.00,86279268365
Carrefour,1773439,Compresor de Aire Lusqtoff LC-0122 Sin Aceite 24 Litros 1HP,219621.59,si,2026-10-06,233640.00,7798225221159
Carrefour,1759744,Freidora de Aire sin Aceite Eiffel E‑633 5 Lts Digital Timer,94999.00,,2026-10-06,94999.00,7798131921143
Carrefour,1746218,Fijador al aceite Sinteplast 1 lts,17943.85,si,2026-10-06,25634.07,7792952003248
Carrefour,1764151,Set x20 de Pinceles Para Artistas Gadnic ART07 De Aceite Acuarela,11749.00,si,2026-10-06,15274.00,7427255323792
Carrefour,1776097,Freidora Sin Aceite Peabody 3.2lts Pe-Af612n,191759.00,si,2026-10-06,225599.00,7798111677190
Carrefour,1744132,Bomba Manual De Aceite Rotativa Hogar,118514.00,,2026-10-06,118514.00,7798429020268
Carrefour,1744204,Bomba Manual Para Aceite,98616.00,,2026-10-06,98616.00,7798429020251
Carrefour,1745802,Protector para Deck con aceite de teka 4 lts,121400.80,si,2026-10-06,173429.72,7797722440315
Carrefour,1749461,Fijador al aceite Sinteplast 4 Lts,56659.07,si,2026-10-06,80941.53,7792952003255
Carrefour,1748158,Fijador Sinteplast al aceite 20 Lts,234064.42,si,2026-10-06,334377.74,7792952003262
Carrefour,1772840,Bomba A Palanca Para Diesel Y Aceite Vulcano BP142,999999.00,,2026-10-06,999999.00,5050100295818
Carrefour,1754962,Arrocera Eléctrica Riceron Gadnic Olla Eléctrica Vaporera Multi Función 1.5L,73299.00,si,2026-10-06,95289.00,7427251555616
Carrefour,113161,Arroz largo fino Molinos Ala 1 kg.,1950.00,,2026-10-06,1950.00,7791120031557
Carrefour,718787,Arroz parboil Gallo oro en bolsa 1 kg,2979.00,,2026-10-06,2979.00,7790070431417
Carrefour,734800,Arroz largo fino 00000 Carrefour Classic en bolsa 1 kg.,1490.00,,2026-10-06,1490.00,7791720033074
Carrefour,113165,Arroz Molinos Ala parboil bolsa 1 kg.,1690.00,si,2026-10-06,2290.00,7791120037559
Carrefour,734799,Arroz parboil Carrefour Classic en bolsa 1 kg.,2150.00,,2026-10-06,2150.00,7791720033128
Carrefour,113160,Arroz Molinos Ala doble carolina bolsa 1 kg.,3530.00,,2026-10-06,3530.00,7791120021558
Carrefour,674681,Arroz integral Molinos Ala bolsa 1 kg.,2450.00,,2026-10-06,2450.00,7791120098888
Carrefour,379123,Arroz Molinos Ala largo fino 00000 bolsa 500 g.,1140.00,,2026-10-06,1140.00,7791120031564
Carrefour,733186,Arroz parboil Gallo oro en bolsa 500 g,1430.77,,2026-10-06,1430.77,7790070433114
Carrefour,680294,Arroz parboil Dos Hermanos bolsa 1 kg.,2050.00,,2026-10-06,2050.00,7790503199099
Carrefour,762253,Arroz blanco Shangrila 1 kg,1350.00,,2026-10-06,1350.00,7798078450379
Carrefour,726294,Arroz doble Gallo 500 g,2225.00,,2026-10-06,2225.00,7790070431431
Carrefour,726299,Arroz parboil Lucchetti 1 kg.,2489.00,,2026-10-06,2489.00,7790070431509
Carrefour,726297,Arroz largo fino 00000 Lucchetti 1 kg.,2135.00,,2026-10-06,2135.00,7790070431486
Carrefour,719197,Arroz largo fino Crucero 00000 1 kg.,1689.00,,2026-10-06,1689.00,7798078450485
Carrefour,674682,Arroz integral Molinos Ala bolsa 500 g.,1299.00,,2026-10-06,1299.00,7791120098895
Carrefour,722813,Arroz doble carolina Gallo en caja 1 kg,4545.00,,2026-10-06,4545.00,7790070431578
Carrefour,680293,Arroz largo fino 00000 Dos Hermanos bolsa 1 kg.,1770.00,,2026-10-06,1770.00,7790503199082
Carrefour,726300,Arroz parboil Lucchetti 500 g.,1315.00,,2026-10-06,1315.00,7790070431516
Carrefour,733184,Arroz parboil Gallo oro en caja 1 kg,3729.00,,2026-10-06,3729.00,7790070433091
Carrefour,681734,Arroz yamani integral Molinos Ala caja 500 g.,3110.00,,2026-10-06,3110.00,7791120099762
Carrefour,718789,Arroz largo fino Gallo 00000 en bolsa 1 kg,2619.00,,2026-10-06,2619.00,7790070431448
Carrefour,569364,Arroz carnaroli Gallo 500 g,3600.00,,2026-10-06,3600.00,7790070411792
Carrefour,522613,Arroz Molinos Ala doble bolsa 500 g.,1835.00,,2026-10-06,1835.00,7791120021565
Carrefour,633590,Arroz yamani integral Gallo 500 g,3600.00,,2026-10-06,3600.00,7790070411914
Carrefour,733189,Arroz largo fino 00000 Gallo en bolsa 500 g,1379.00,,2026-10-06,1379.00,7790070433145
Carrefour,726296,Arroz integral Luccetti 1 kg.,2499.00,,2026-10-06,2499.00,7790070431479
Carrefour,726295,Arroz doble carolina Lucchetti 1 kg.,3585.00,,2026-10-06,3585.00,7790070431462
Carrefour,681733,Arroz carnaroli Molinos Ala caja 500 g.,3110.00,,2026-10-06,3110.00,7791120099755
Carrefour,722814,Arroz integral Gallo en caja 1 kg,3989.00,,2026-10-06,3989.00,7790070431585
Carrefour,516989,Arroz parboil Molinos Ala dorado 500 grs,1300.00,,2026-10-06,1300.00,7791120037566
Carrefour,730998,Arroz preparado Gallo vegetales dp 240 g.,3300.00,,2026-10-06,3300.00,7790070432254
Carrefour,777144,Arroz largo fino Moneda 1 kg,1350.00,,2026-10-06,1350.00,7791830000065
Carrefour,726950,Arroz Molinos ala monovarietal selecto 1 kg.,2460.00,,2026-10-06,2460.00,7791120103148
Carrefour,730997,Arroz preparado Gallo queso dp 240 g.,3300.00,,2026-10-06,3300.00,7790070432261
Carrefour,726298,Arroz largo fino 00000 Lucchetti 500 g.,1149.00,,2026-10-06,1149.00,7790070431493
Carrefour,644272,Arroz yamaní 400 grs,2699.00,,2026-10-06,2699.00,7798143356025
Carrefour,673598,Arroz largo fino Máximo 00000 bolsa 1 kg.,1990.00,,2026-10-06,1990.00,7790070412126
Carrefour,673599,Arroz largo fino Máximo 00000 bolsa 500 g.,1039.00,,2026-10-06,1039.00,7790070412171
Carrefour,761896,Arroz parboil Crucero 1 kg,1960.00,,2026-10-06,1960.00,7798078450522
Carrefour,644271,Arroz para sushi 400 grs,3049.00,,2026-10-06,3049.00,7798143356032
Carrefour,496501,Arroz sushi Dos Hermanos 500 grs,3419.00,,2026-10-06,3419.00,7790503198672
Carrefour,685159,Arroz largo fino Maria 00000 1 kg.,2045.00,,2026-10-06,2045.00,7790387070019
Carrefour,773056,Arroz carnaroli Riso Scotti sin tacc 500 grs,5990.00,si,2026-10-06,9990.00,8001860010064
Carrefour,721278,Nestum Arroz 225 grs,7050.00,,2026-10-06,7050.00,8445290615831
Carrefour,685160,Arroz largo fino Maria 00000 500 g.,1069.00,,2026-10-06,1069.00,7790387070026
Carrefour,762741,Arroz blanco orgánico Carrefour 500 grs,6350.00,,2026-10-06,6350.00,7791720044995
Carrefour,762742,Arroz integral orgánico Carrefour 500 grs,6350.00,,2026-10-06,6350.00,7791720045008
Carrefour,773058,Arroz negro integral parboiled verene Riso Scotti 500 grs,6990.00,si,2026-10-06,10990.00,8001860187735
Carrefour,644270,Arroz para risotto 400 grs,3675.00,,2026-10-06,3675.00,7798143356056
Carrefour,773055,Arroz arborio Riso Scotti sin tacc 500 grs,5990.00,si,2026-10-06,8950.00,8001860201516
Carrefour,773057,Arroz risotto Riso Scotti sin tacc Eccellente 500 grs,6990.00,si,2026-10-06,10990.00,8001860189593
Carrefour,718931,Arroz para sushi x kg,5775.00,,2026-10-06,5775.00,2508789000009
Carrefour,773054,Arroz arborio Riso Scotti sin tacc 1 kg,10990.00,si,2026-10-06,13990.00,8001860201011
Carrefour,783707,Arroz con verdura y pollo listo Menú Box 250 grs,9700.00,,2026-10-06,9700.00,7792180146205
Carrefour,738618,Lentejas Carrefour Classic 400 g.,1990.00,,2026-10-06,1990.00,7791720029541
Carrefour,662283,Tostadas de arroz Molinos Ala clasicas 150 g.,2459.00,,2026-10-06,2459.00,7791120098093
Carrefour,619085,Tostadas de arroz Carrefour classic aireadas sin TACC,1750.00,,2026-10-06,1750.00,7791720016114
Carrefour,722432,Galletas de arroz Cerealitas 160 g.,3389.00,,2026-10-06,3389.00,7622201753061
Carrefour,751620,Tostaditas de arroz clásica Molinos ala 100 grs,1850.00,,2026-10-06,1850.00,7791120102769
Carrefour,639054,Tostaditas de arroz Crackines 120 g. sin TACC,3100.00,,2026-10-06,3100.00,7798200050019
Carrefour,752509,Galletas de arroz saladas Carrefour Classic 100 grs,1450.00,,2026-10-06,1450.00,7791720042311
Carrefour,424740,Galletas de arroz Arrocitas sésamo y lino 101 g.,1519.00,si,2026-10-06,1900.00,7790538009561
Carrefour,623144,Galletas de arroz Dos Hermanos slim sin sal 100 g.,1500.00,,2026-10-06,1500.00,7790503198689
Carrefour,736216,Tostada de arroz Molinos ala garbanzo maíz 150 g.,2839.00,,2026-10-06,2839.00,7791120102868
Carrefour,738610,Garbanzos secos Carrefour Classic en bolsa 400 grs,1750.00,,2026-10-06,1750.00,7791720036518
Carrefour,596685,Aritos de arroz Dos Hermanos crema y cebolla 80 g.,1800.00,,2026-10-06,1800.00,7790503000296
Carrefour,752511,Galletas de arroz dulce Carrefour Classic 100 grs,1450.00,,2026-10-06,1450.00,7791720042335
Carrefour,761079,Lentejones Carrefour Classic 400 grs,2350.00,,2026-10-06,2350.00,7791720029558
Carrefour,662282,Tostadas de arroz Molinos Ala integrales 150 g.,2755.00,,2026-10-06,2755.00,7791120098109
Carrefour,424738,Galletas de arroz Arrocitas 3 cereales 101 g.,1519.00,si,2026-10-06,1900.00,7790538009516
Carrefour,739663,Galletas de arroz lino sin sellos Macrobiotica 102 g.,1440.00,si,2026-10-06,1829.00,7790538010321
Carrefour,769893,Galletitas de arroz crackers Molinos Ala 100 grs,2059.00,,2026-10-06,2059.00,7791120104954
Carrefour,746952,Fideos de arroz sin tacc Wakas fusilli con quinoa 300 grs,3599.00,,2026-10-06,3599.00,7798031470826
Carrefour,723696,Semillas de chia El Mercado 250 grs,3899.00,,2026-10-06,3899.00,7791720030158
Carrefour,739353,Salsa guiso y arroces Knorr 340 g.,1589.00,,2026-10-06,1589.00,7794000008038
Carrefour,530972,Lentejas Olinto bolsa 400 g.,2249.00,,2026-10-06,2249.00,7798048720396
Carrefour,623146,Galletas de arroz Dos Hermanos slim dulce 100 g.,1500.00,,2026-10-06,1500.00,7790503198702
Carrefour,765598,Tostadas veggie Molinos Ala arroz garbanzos y maíz 100 grs,1750.00,,2026-10-06,1750.00,7791120104879
Carrefour,770851,Snack de arroz Molinos Ala sabor cebolla y crema 80 grs,2119.00,,2026-10-06,2119.00,7791120104893
Carrefour,738609,Porotos alubia Carrfour Classic en bolsa 400 grs,1990.00,,2026-10-06,1990.00,7791720036501
Carrefour,757036,Galleta de arroz saladas multicereal Carrefour Classic 100 grs,1450.00,,2026-10-06,1450.00,7791720042472
Carrefour,496092,Maíz pisingallo 500 g.,1500.00,,2026-10-06,1500.00,2611346000005
Carrefour,621862,Tostadas de arroz Carrefour Classic clásicas 150 g. sin TACC,2190.00,,2026-10-06,2190.00,7791720004005
Carrefour,746955,Fideos de arroz sin tacc Wakas fusilli con chia 300 grs,3599.00,,2026-10-06,3599.00,7798031470819
Carrefour,530960,Maíz Olinto pisingallo 400 g.,1139.00,,2026-10-06,1139.00,7798048720471
Carrefour,681208,Barrita de arroz bañada chocolate negro Lulemuu sin tacc 12 grs,659.00,,2026-10-06,659.00,77919304
Carrefour,727416,Risotto a la española Gallo en caja 240 g.,4499.00,,2026-10-06,4499.00,7790070431738
Carrefour,566534,Maíz pisingallo Don Elio bolsa 400 g.,1629.00,,2026-10-06,1629.00,7798048720907
Carrefour,752510,Galletas de arroz sin sal Carrefour Classic 100 grs,1450.00,,2026-10-06,1450.00,7791720042328
Carrefour,426707,Galletas de arroz Macrobiótica dulces 102 g.,1440.00,si,2026-10-06,1855.00,7790538009615
Carrefour,757037,Galletas de arroz dulce multicereal Carrefour Classic 100 grs,1450.00,,2026-10-06,1450.00,7791720042489
Carrefour,738608,Arvejas partidas Carrefour Classic en bolsa 400 grs,1090.00,,2026-10-06,1090.00,7791720036495
Carrefour,496089,Lentejas 500 grs,2990.00,,2026-10-06,2990.00,2611343000008
Carrefour,402716,Condimento para arroz 50 g.,925.00,,2026-10-06,925.00,2920724700001
Carrefour,610683,Tostadas de arroz Lulemuu multisemillas 110 g. sin TACC,1455.00,,2026-10-06,1455.00,7798146300803
Carrefour,750338,Snacks de arroz Carrefour Classic crema y cebolla 80 grs,1290.00,,2026-10-06,1290.00,7791720018217
Carrefour,621863,Tostadas de arroz sin sal Carrefour Classic 150 g.,2190.00,,2026-10-06,2190.00,7791720004012
Carrefour,531035,Lentejones Olinto bolsa 400 g.,1699.00,,2026-10-06,1699.00,7798048720488
Carrefour,496096,Porotos negros secos 500 g.,3190.00,,2026-10-06,3190.00,2611351000007
Carrefour,727415,Risotto primavera Gallo en caja 240 g.,4499.00,,2026-10-06,4499.00,7790070431745
Carrefour,585535,Snacks de arroz Dos Hermanos jamón 80 g.,1800.00,,2026-10-06,1800.00,7790503000289
Carrefour,746946,Fideos de arroz sin tacc Wakas fusilli con maíz 300 grs,3599.00,,2026-10-06,3599.00,7798031470796
Carrefour,718340,Bizcochos de arroz salados Gallo snacks 100 g.,3800.00,,2026-10-06,3800.00,7790070418463
Carrefour,739664,Galletitas de arroz sin sal Macrobiotica 102 g.,1440.00,si,2026-10-06,1899.00,7790538010338
Carrefour,718339,Bizcochos de arroz dulce Gallo snacks en bolsa 100 g.,3800.00,,2026-10-06,3800.00,7790070418425
Carrefour,770850,Snack de arroz Molinos Ala sabor queso 80 grs,2119.00,,2026-10-06,2119.00,7791120104886
Carrefour,582344,Lentejas secas Egran Bolsa 400 g.,2590.00,,2026-10-06,2590.00,7791476034011
Carrefour,496090,Lentejones secos 500 g.,3399.00,,2026-10-06,3399.00,2611344000007
Carrefour,718341,Bizcochos de arroz dulce Gallo snacks tortita negra 100 g.,3800.00,,2026-10-06,3800.00,7790070418449
Carrefour,662281,Tostadas de arroz Molinos Ala integrales sin sal 150 g.,2755.00,,2026-10-06,2755.00,7791120098116
Carrefour,602688,Tostadas de arroz Lulemuu con sal 120 g. sin TACC,1455.00,,2026-10-06,1455.00,7798146300308
Carrefour,424743,Galletas de arroz Arrocitas sésamo y lino sin sal 101 g.,1519.00,si,2026-10-06,1900.00,7790538009578
Carrefour,577324,Tostaditas de arroz Tía Maruca 120 g.,1500.00,,2026-10-06,1500.00,7798082743726
Carrefour,757038,Galletas de arroz sin sal multicereal Carrefour Classic 100 grs,1450.00,,2026-10-06,1450.00,7791720042496
Carrefour,625241,Galletita de arroz Crisppino queso 50 g. sin TACC,1650.00,,2026-10-06,1650.00,7798199770042
Carrefour,505824,Semillas de lino enteras Sturla 250 g.,2199.00,,2026-10-06,2199.00,7798125100363
Carrefour,496088,Garbanzos 500 g,2450.00,,2026-10-06,2450.00,2611342000009
Carrefour,585534,Palitos de arroz Dos Hermanos queso 80 g.,1800.00,,2026-10-06,1800.00,7790503000272
Carrefour,625242,Galletas de arroz Crisppino queso y cibulette 50 g. sin TACC,1650.00,,2026-10-06,1650.00,7798199770059
Carrefour,636166,Tostadas de arroz Molinos del Bosque sin sal 150 g.,2469.00,,2026-10-06,2469.00,7798142880026
Carrefour,596691,Tostaditas de arroz Dos Hermanos sin sal 120 g.,1459.00,,2026-10-06,1459.00,7790503000326
Carrefour,583023,Tostadas de arroz Tía Maruca sin sal 120 g.,1500.00,,2026-10-06,1500.00,7798082743849
Carrefour,715682,Milanesa Granja del sol de arroz y vegetales 4 uni,6899.00,,2026-10-06,6899.00,7790070036001
Carrefour,582347,Lentejones secos Egran 400 g.,2990.00,,2026-10-06,2990.00,7791476033014
Carrefour,601008,Harina de arroz sin tacc Abucel de arroz blanco 500 g.,2869.00,,2026-10-06,2869.00,7798191490108
Carrefour,750339,Snacks de arroz Carrefour Classic jamón ahumado 80 grs,1290.00,,2026-10-06,1290.00,7791720018200
Carrefour,746961,Fideos de arroz sin tacc Wakas penne rigante con maíz 300 grs,3599.00,,2026-10-06,3599.00,7798031470789
Carrefour,738616,Maíz pisado blanco Carrefour Classic 400 g.,1050.00,,2026-10-06,1050.00,7791720029565
Carrefour,723698,Vitalmix ensalada El Mercado 250 grs,3299.00,,2026-10-06,3299.00,7791720030134
Carrefour,679702,Alfajor arroz dulce leche Chocoarroz 6 22 g,9969.00,,2026-10-06,9969.00,7790070418227
Carrefour,625243,Galletita de arroz Crisppino oliva y hierbas 50 g. sin TACC,1650.00,,2026-10-06,1650.00,7798199770073
Carrefour,723697,Vitalmix equilibrio El Mercado 250 grs,2999.00,,2026-10-06,2999.00,7791720030110
Carrefour,717686,Plusbelle Esencia jabón de tocador todo tipo piel x3 120 grs,4029.00,,2026-10-06,4029.00,7790740000721
Carrefour,649791,Condimento para arroz Pergola 25 g. sin TACC,600.00,,2026-10-06,600.00,7797234000755
Carrefour,750342,Barrita de arroz con semillas Carrefour Classic sabor chocolate 12 grs,639.00,,2026-10-06,639.00,7791720039793
Carrefour,496094,Porotos colorados secos 500 g.,3590.00,,2026-10-06,3590.00,2611348000003
Carrefour,629260,Galletas de arroz Dos Hermanos dulce 120 g.,1509.00,,2026-10-06,1509.00,7790503000364
Carrefour,625240,Galletas de arroz Crisppino jamón 50 g. sin TACC,1650.00,,2026-10-06,1650.00,7798199770035
Carrefour,750340,Barrita de arroz con semillas Carrefour Classic sabor frutilla 12 grs,639.00,,2026-10-06,639.00,7791720039779
Carrefour,724506,Medallón veggies Granja del sol de cebolla y arroz 440 g.,8035.00,,2026-10-06,8035.00,7790070036261
Carrefour,670269,Barrita de arroz Lulemuu bañada limón sin tacc 12 grs,695.00,,2026-10-06,695.00,77965677
Carrefour,736233,Oblea de chocolate y arroz Gallo 20 g.,1609.00,,2026-10-06,1609.00,7790070431905
Carrefour,679703,Alfajor arroz dulce leche Chocoarroz 22 g,1800.00,,2026-10-06,1800.00,7790070418203
Carrefour,720536,Alfajor de arroz Lulemuu relleno de marroc con chocolate 22 g.,1229.00,,2026-10-06,1229.00,77987853
Carrefour,778157,Tostadas de arroz Riera clásicas 150 grs,3300.00,,2026-10-06,3300.00,7790071080218
Carrefour,681210,Barrita de arroz dulce de leche Lulemuu sin TACC 12 g.,695.00,,2026-10-06,695.00,77919335
Carrefour,720533,Alfajor de arroz Lulemuu negro 22 g.,1229.00,,2026-10-06,1229.00,77987846
Carrefour,604958,Snacks de arroz Dos Hermanos asado 80 g.,1800.00,,2026-10-06,1800.00,7790503000302
Carrefour,505826,Quinoa entera Sturla 250 g.,6338.00,,2026-10-06,6338.00,7798125100318
Carrefour,666245,Daditos de arroz rellenos Lulemuu frutilla sin TACC 120 g.,1985.00,,2026-10-06,1985.00,7798146300933
Carrefour,737129,Garbanzos Egran 400 g.,1890.00,,2026-10-06,1890.00,7791476021011
Carrefour,779693,Quinoa fácil con vegetales Gallo 240 grs,7999.00,,2026-10-06,7999.00,7790070105677
Carrefour,496097,Porotos pallares secos 500 g.,6690.00,,2026-10-06,6690.00,2611352000006
Carrefour,750341,Barritas de arroz con semillas Carrefour Classic sabor limón 12 grs,639.00,,2026-10-06,639.00,7791720039786
Carrefour,769102,Fideos fusilli de arroz y maíz Carrefour Classic sin gluten 300 grs,3490.00,,2026-10-06,3490.00,7791720041567
Carrefour,496718,"Alimento seco para gato Raza 1 kg. carne, pescado y arroz",4229.00,,2026-10-06,4229.00,7791416065990
Carrefour,758097,Rebozador de arroz sin tacc Dicomere 450 grs,3750.00,,2026-10-06,3750.00,7793323024893
Carrefour,718342,Galletas de arroz Gallo snacks crackeadas 100 g.,3499.00,,2026-10-06,3499.00,7790070418401
Carrefour,643288,Bizcochos de arroz Lulemuu salados 50 g. SIN TACC,1159.00,,2026-10-06,1159.00,7798146300889
Carrefour,531006,Poroto alubia Olinto bolsa 400 g.,2000.00,,2026-10-06,2000.00,7798048720440
Carrefour,769104,Fideos mostachol de arroz y maíz Carrefour Classic sin gluten 300 grs,3490.00,,2026-10-06,3490.00,7791720048955
Carrefour,573781,Oblea de arroz Gallo Snacks 20 g.,1779.00,,2026-10-06,1779.00,7790070411952
Carrefour,530983,Garbanzo Olinto bolsa 400 g.,2039.00,,2026-10-06,2039.00,7798048720433
Carrefour,735140,Condimento para arroz Carrefour Classic en sobre 25 g.,1090.00,,2026-10-06,1090.00,7791720034422
Carrefour,723699,Vitalmix energia El Mercado 250 grs,3199.00,,2026-10-06,3199.00,7791720030141
Carrefour,458156,Saborizador para arroz Sazón 60 g.,1487.50,si,2026-10-06,1750.00,7891132001705
Carrefour,779692,Quinoa fácil con champignones Gallo 240 grs,7999.00,,2026-10-06,7999.00,7790070105660
Carrefour,724634,Galletitas de arroz Gallo snacks de queso 100 g.,4055.00,,2026-10-06,4055.00,7790070417213
Carrefour,720535,Alfajor de arroz Lulemuu relleno de limón 22 g.,1229.00,,2026-10-06,1229.00,77987877
Carrefour,722318,Harina de arroz yamani Dicomere 450 g.,3199.00,,2026-10-06,3199.00,7793323004901
Carrefour,734905,Alfajor de arroz negro limón Carrefour Classic 28 g.,1350.00,,2026-10-06,1350.00,7791720033654
Carrefour,679709,Alfajor arroz marroc Chocoarroz 22 g,1800.00,,2026-10-06,1800.00,7790070418326
Carrefour,679707,Alfajor arroz limón Chocoarroz 22 g,1800.00,,2026-10-06,1800.00,7790070418241
Carrefour,530951,Arvejas partidas Olinto bolsa 400 g.,999.00,,2026-10-06,999.00,7798048720426
Carrefour,747072,Tostadas de arroz Nuestros Sabores cebolla y crema 50 g.,1100.00,,2026-10-06,1100.00,7798171733058
Carrefour,778046,Sopa familiar Carrefour Classic de pollo y arroz 80 grs,2450.00,,2026-10-06,2450.00,7791720050989
Carrefour,724637,Galletitas de arroz Gallo snacks de pizza 100 g.,4055.00,,2026-10-06,4055.00,7790070417152
Carrefour,450623,Copos de arroz inflado 80 g.,1199.00,,2026-10-06,1199.00,2646550000008
Carrefour,638391,Semillas de girasol Genser 150 g.,2080.00,,2026-10-06,2080.00,7793433000626
Carrefour,679708,Alfajor arroz marroc Chocoarroz 6 22 g,9969.00,,2026-10-06,9969.00,7790070418340
Carrefour,668391,Galletitas Crisppino arroz queso sin TACC 100 g.,2900.00,,2026-10-06,2900.00,7798199770141
Carrefour,496719,"Alimento seco para gato Raza 500 g. carne, pescado y arroz",2289.00,,2026-10-06,2289.00,7791416065983
Carrefour,680597,Arvejas amarillas texturizadas Dicomere paquete sin TACC 350 g.,2300.00,,2026-10-06,2300.00,7793323004994
Carrefour,41628,Trigo pelado Egran 500 g.,2249.00,,2026-10-06,2249.00,7791476080001
Carrefour,761080,Poroto de soja Carrefour Classic 500 grs,1690.00,,2026-10-06,1690.00,7791720029596
Carrefour,282976,Galletas de arroz Grandiet sin sal 100 g.,1650.00,,2026-10-06,1650.00,7797330100656
Carrefour,703575,Snacks de arroz Dos Hermanos sabor pizza 80 g.,2105.00,,2026-10-06,2105.00,7790503199150
Carrefour,505820,Semilla de chia Sturla triturada 250 g.,5143.00,,2026-10-06,5143.00,7798125100530
Carrefour,530994,Maíz blanco pisado Olinto bolsa 400 g.,1099.00,,2026-10-06,1099.00,7798048720464
Carrefour,778047,Sopa familiar Carrefour Classic de vegetales y arroz 80 grs,2450.00,,2026-10-06,2450.00,7791720050996
Carrefour,496087,Arvejas secas partidas 500 g.,1645.00,,2026-10-06,1645.00,2611341000000
Carrefour,429553,Porotos negros Egran bolsa 500 g.,3800.00,,2026-10-06,3800.00,7791476064001
Carrefour,720538,Alfajor de arroz Lulemuu relleno de frutilla 22 g.,1229.00,,2026-10-06,1229.00,77987884
Carrefour,751752,Condimento para arroz La Parmesana en sobre 15 grs,759.00,,2026-10-06,759.00,7798224212325
Carrefour,724635,Galletitas de arroz Gallo snacks de queso 150 g.,5435.00,,2026-10-06,5435.00,7790070417220
Carrefour,769374,Snack de arroz Lennys Pitachips con sal marina 150 grs,3680.00,,2026-10-06,3680.00,7794906040378
Carrefour,734903,Alfajor de arroz blanco Carrefour Classic con dulce de leche 28 g.,1350.00,,2026-10-06,1350.00,7791720033630
Carrefour,723700,Vitalmix natural El Mercado 250 grs,3299.00,,2026-10-06,3299.00,7791720030127
Carrefour,668394,Galletitas crisppino arroz jamón sin TACC 100 g.,2900.00,,2026-10-06,2900.00,7798199770134
Carrefour,710573,Galletitas de arroz Gallo decrema y cebolla snacks 100 g.,4055.00,,2026-10-06,4055.00,7790070417695
Carrefour,747073,Tostadas de arroz Nuestros Sabores manteca 50 g.,1100.00,,2026-10-06,1100.00,7798171733065
Carrefour,724633,Barra de arroz Gallo snacks con chocolate 20 g.,1800.00,,2026-10-06,1800.00,7790070431639
Carrefour,679705,Alfajor arroz chocolate blanco Chocoarroz 22 g,1800.00,,2026-10-06,1800.00,7790070418289
Carrefour,718915,Lentejas x kg,4390.00,,2026-10-06,4390.00,2508780000008
Carrefour,718916,Garbanzo x kg,3990.00,,2026-10-06,3990.00,2508781000007
Carrefour,724638,Galletitas de arroz Gallo snacks de pizza 150 g.,5435.00,,2026-10-06,5435.00,7790070417169
Carrefour,496715,"Alimento seco para perro Raza 3 kg. adultos pollo, carne, cereales y arroz",7799.00,,2026-10-06,7799.00,7791416065662
Carrefour,736629,Jardinera de legumbres Egran 400 g.,2190.00,,2026-10-06,2190.00,7791476031119
Carrefour,674179,Discos de arroz Dos Hermanos sabor salame 80 grs,2105.00,,2026-10-06,2105.00,7790503199044
Carrefour,734906,Alfajor de arroz negro limón Carrefour Classic x3 28 g.,4050.00,,2026-10-06,4050.00,7791720033661
Carrefour,769373,Alfajor de arroz con pistacho Chocoarroz x6 28 grs,12930.00,,2026-10-06,12930.00,7790070104403
Carrefour,770172,Barra de arroz maní y miel Carrefour Classic 60 grs,1290.00,,2026-10-06,1290.00,7791720048023
Carrefour,736232,Barra de arroz Gallo snacks con dulce de leche x6 20 g.,9970.00,,2026-10-06,9970.00,7790070431899
Carrefour,720534,Alfajor de arroz Lulemuu blanco 22 g.,1229.00,,2026-10-06,1229.00,77987839
Carrefour,413784,Galletas de arroz Grandiet multicereales con sal 100 g.,1850.00,,2026-10-06,1850.00,7797330102322
Carrefour,531017,Arvejas partidas Don Elio bolsa 400 g.,1939.00,,2026-10-06,1939.00,7798048720969
Carrefour,566552,Porotos de soja Don Elio bolsa 500 g.,1759.00,,2026-10-06,1759.00,7798048720099
Carrefour,750385,Alfajor de arroz sin tacc Donn de chocolate 3 uni,3195.00,,2026-10-06,3195.00,7798033900512
Carrefour,692804,Semillas mix para ensaladas Alicante dp 150 g.,3539.00,,2026-10-06,3539.00,7790150611074
Carrefour,571174,Barrita de arroz Egran crocante miel maní 60 g.,1359.00,,2026-10-06,1359.00,7791476005943
Carrefour,547327,Lentejas Mister Food en bolsa 400 g.,1990.00,,2026-10-06,1990.00,7792197001047
Carrefour,734902,Alfajor de arroz negro Carrefour Classic con dulce de leche x3 28 g.,4050.00,,2026-10-06,4050.00,7791720033623
Carrefour,759125,Arvejas enteras La Española en bolsa 400 grs,845.00,,2026-10-06,845.00,7798066030859
Carrefour,271849,Azafrán arroces Carmencita blister 0.375 g.,3690.00,,2026-10-06,3690.00,7798053653214
Carrefour,566553,Porotos colorados Don Elio bolsa 500 g.,4549.00,,2026-10-06,4549.00,7798048720129
Carrefour,413786,Galletas de arroz Grandiet multicereal sin sal 100 g.,1850.00,,2026-10-06,1850.00,7797330102377
Carrefour,769375,Snack de arroz Lennys Pita Chips sabor zapallo 150 grs,3419.00,,2026-10-06,3419.00,7794906040354
Carrefour,523803,Barra de arroz Egran crocante 60 g.,1359.00,,2026-10-06,1359.00,7791476005912
Carrefour,531062,Maíz blanco pisado Don Elio bolsa 400 g.,2195.00,,2026-10-06,2195.00,7798048720914
Carrefour,718953,Semillas de sesamo x kg,8990.00,,2026-10-06,8990.00,2508806000005
Carrefour,498946,Galletas de arroz Grandiet pizza 100 g. sin TACC,1700.00,,2026-10-06,1700.00,7797330102971
Carrefour,566548,Porotos alubias Don Elio bolsa 500 g.,4090.00,,2026-10-06,4090.00,7798048720112
Carrefour,658273,Galletitas de arroz Crisppino 100 g. sin TACC,1925.00,,2026-10-06,1925.00,7798199770103
Carrefour,750387,Alfajor de arroz sin tacc Donn de marroc 3 uni,3195.00,,2026-10-06,3195.00,7798033900543
Carrefour,770171,Barra de arroz Carrefour Classic con caramelo 60 grs,1290.00,,2026-10-06,1290.00,7791720048016
Carrefour,783194,Bizcochos de arroz salados Gallo Snacks 150 grs,4560.00,,2026-10-06,4560.00,7790070106100
Carrefour,738140,Pasta risoni alubias arroz espinaca Wakas 300 g.,7200.00,,2026-10-06,7200.00,7798031470567
Carrefour,690056,Mix de semillas Alicante para desayuno doy pack 150 g.,3539.00,,2026-10-06,3539.00,7790150611029
Carrefour,547320,Garbanzos Mister Food en bolsa 400 g.,1750.00,,2026-10-06,1750.00,7792197001030
Carrefour,663077,Alimento seco para gato Mizzi Cat pescado carne y arroz 500 g.,2100.00,,2026-10-06,2100.00,7798156721223
Carrefour,718921,Poroto negro x kg,5690.00,,2026-10-06,5690.00,2508786000002
Carrefour,679706,Alfajor arroz limón Gallo snacks chocoarroz 22 g. x 6 uni,9969.00,,2026-10-06,9969.00,7790070418265
Carrefour,496714,"Alimento seco para perro Raza 1.5 kg. adultos pollo, carne, cereales y arroz",4119.00,,2026-10-06,4119.00,7791416065655
Carrefour,496093,Porotos alubias secos 500 g.,3490.00,,2026-10-06,3490.00,2611347000004
Carrefour,554705,Porotos colorados Egran bolsa 500 g.,4350.00,,2026-10-06,4350.00,7791476063004
Carrefour,514021,"Alimento seco para gato Mizzi 1 kg. pescado, carne y arroz",3899.00,,2026-10-06,3899.00,7790142000565
Carrefour,654272,Snack mini arroz Don Pancho 45 g.,1089.00,,2026-10-06,1089.00,7798033900253
Carrefour,783195,Chips de arroz sabor pizza Gallo Snacks 60 grs,2110.00,,2026-10-06,2110.00,7790070106131
Carrefour,772835,Alfajor de arroz Chocoarroz super dulce de leche 36 grs,2340.00,,2026-10-06,2340.00,7790070103192
Carrefour,41630,Soja Egran 500 g.,1490.00,,2026-10-06,1490.00,7791476059007
Carrefour,764729,Burritos integrales Amoedo de pollo y arroz yamani 260 grs,8390.00,,2026-10-06,8390.00,7798342730589
Carrefour,783196,Chips de arroz sabor queso Gallo Snacks 60 grs,2110.00,,2026-10-06,2110.00,7790070105912
Carrefour,496095,Porotos de soja secos 500 g.,1690.00,,2026-10-06,1690.00,2611349000002
Carrefour,750388,Alfajor de arroz sin tacc Donn de dulce de leche 3 uni,3195.00,,2026-10-06,3195.00,7798033900529
Carrefour,658274,Galletitas de arroz sin sal Crisppino 100 g. sin TACC,1925.00,,2026-10-06,1925.00,7798199770110
Carrefour,750386,Alfajor de arroz sin tacc Donn de limón 3 uni,3195.00,,2026-10-06,3195.00,7798033900536
Carrefour,783192,Bizcochos de arroz salados Gallo Snacks bolsa 60 grs,2110.00,,2026-10-06,2110.00,7790070106117
Carrefour,718855,Lentejones x kg,5990.00,,2026-10-06,5990.00,2508719000000
Carrefour,697022,Maíz pelado blanco Egran 400 g.,2590.00,,2026-10-06,2590.00,7791476039115
Carrefour,697024,Arvejas partidas Egran 400 g.,1700.00,,2026-10-06,1700.00,7791476009019
Carrefour,571173,Barra de arroz Egran crocante con chocolate 60 g.,1359.00,,2026-10-06,1359.00,7791476005936
Carrefour,177445,Lentejas x kg.,4599.00,,2026-10-06,4599.00,2303356000006
Carrefour,718918,Poroto alubia x kg,6590.00,,2026-10-06,6590.00,2508783000005
Carrefour,719217,Premezcla para croquetas Molé de arroz capresse 200 g.,5859.00,,2026-10-06,5859.00,7798334587177
Carrefour,734904,Alfajor de arroz blanco Carrefour Classic con dulce de leche x3 28 g.,4050.00,,2026-10-06,4050.00,7791720033647
Carrefour,177726,Porotos colorados x kg.,5999.00,,2026-10-06,5999.00,2303375000001
Carrefour,785050,Alfajor de arroz Chocoarroz Baileys pack 168 grs,7209.00,,2026-10-06,7209.00,7790070105530
Carrefour,496091,Maíz pisado blanco 500 g.,3290.00,,2026-10-06,3290.00,2611345000006
Carrefour,582742,Cerveza de arroz Tsingtao 300 ml,5600.00,,2026-10-06,5600.00,6901035601030
Carrefour,65684,Porotos alubia Egran bolsa 500 g.,4379.00,,2026-10-06,4379.00,7791476057003
Carrefour,547348,Arvejas partidas Mister Food 500 g.,1350.00,,2026-10-06,1350.00,7792197001085
Carrefour,126300,Porotos alubia Mister Food 500 g.,2990.00,,2026-10-06,2990.00,7792197002020
Carrefour,718913,Maíz pisado blanco x kg,4990.00,,2026-10-06,4990.00,2508778000003
Carrefour,734901,Alfajor de arroz negro Carrefour Classic con dulce de leche 28 g.,1350.00,,2026-10-06,1350.00,7791720033616
Carrefour,177725,Porotos alubia granero x kg.,6499.00,,2026-10-06,6499.00,2303374000002
Carrefour,432273,Tallarines al huevo corte casero Carrefour 500 g.,3350.00,,2026-10-06,3350.00,2920035300006
Carrefour,735789,Tallarines blister Bulnez 350 g.,1890.00,,2026-10-06,1890.00,7791720033012
Carrefour,672030,Tallarines de semolin casero 500 g.,3350.00,,2026-10-06,3350.00,7795711006245
Carrefour,726311,Fideos tallarin N5 Lucchetti 500 g.,1749.00,,2026-10-06,1749.00,7790070336118
Carrefour,729408,Fideos tallarines Don Vicente en bolsa 500 g.,3949.00,,2026-10-06,3949.00,7790070336576
Carrefour,729400,Fideos tallarines Matarazzo 500 grs,1230.00,si,2026-10-06,2099.00,7790070336316
Carrefour,726308,Fideos integrales spaghetti Matarazzo 500 g.,2399.00,,2026-10-06,2399.00,7790070335975
Carrefour,690043,Fideos cinta tallarin Carrefour classic 500 g.,1490.00,,2026-10-06,1490.00,7791720026311
Carrefour,601097,Fideos tallarines Favorita 500 g.,1160.00,,2026-10-06,1160.00,7790070320292
Carrefour,746347,Fideo tallarin Bulnez en paquete 500 g.,849.00,,2026-10-06,849.00,7791720036938
Carrefour,729401,Fideos bucattini Matarazzo 500 g.,1230.00,si,2026-10-06,2099.00,7790070336323
Carrefour,735311,Fideos tirabuzón Don Bernabeu 500 g.,849.00,,2026-10-06,849.00,7794080001561
Carrefour,729392,Fideos tallarines N7 Terrabusi 500 g.,1300.00,,2026-10-06,1300.00,7790070336477
Carrefour,585319,Ñoquis de papa Carrefour 500 g.,2490.00,,2026-10-06,2490.00,7798159718138
Carrefour,729393,Fideos spaghetti N3 Terrabusi 500 g.,1300.00,,2026-10-06,1300.00,7790070336460
Carrefour,471049,Ramen Nissin carne 85 g.,1979.00,,2026-10-06,1979.00,7891079012215
Carrefour,735313,Fideos rigatti Don bernabeu 500 g.,849.00,,2026-10-06,849.00,7794080001547
Carrefour,747529,Ñoquis de papa La Salteña blister 450 grs,3499.00,,2026-10-06,3499.00,7790070612106
Carrefour,628904,Fideos penne rigati Majora 500 g.,2390.00,si,2026-10-06,3490.00,8004690372005
Carrefour,176554,Ñoquis Carrefour con papa 500 g.,2990.00,,2026-10-06,2990.00,2920146800006
Carrefour,735791,Capelletis Bulnez con 4 quesos en plancha 500 g.,2579.00,,2026-10-06,2579.00,7791720032947
Carrefour,782668,Fideos al huevo Don Felipe tallarines 550 grs,2800.00,,2026-10-06,2800.00,7790070102027
Carrefour,427364,Fideos tallarines Carrefour classic 500 g.,2850.00,,2026-10-06,2850.00,7798141710225
Carrefour,743085,Fideos tallarines huevo Carrefour Classic 80 g.,3350.00,,2026-10-06,3350.00,7791720037492
Carrefour,776657,Ñoquis tricolor El Mercado 500 grs,2999.00,si,2026-10-06,3350.00,7791720049266
Carrefour,654814,Fideos municiones Teramo sin TACC 500 g.,5615.00,,2026-10-06,5615.00,7794059001080
Carrefour,723655,Fideos tallarin orgánico Pampagourmet de espinaca 500 g.,7800.00,,2026-10-06,7800.00,7798131061689
Carrefour,647242,Fideos penne rigate Schar 250 g. sin TACC,8500.00,,2026-10-06,8500.00,8008698010051
Carrefour,727516,Fideos con salsa fileto Box vaso 64 g.,3089.00,,2026-10-06,3089.00,7792180142924
Carrefour,647241,Fideos fusilli Schar 250 g. sin TACC,7345.00,,2026-10-06,7345.00,8008698010075
Carrefour,343598,Capelletis Villa d'Agri cuatro queso 500 g.,4500.00,,2026-10-06,4500.00,7795711000885
Carrefour,290576,Fideos sin TACC tirabuzón Blue Patna 500 g.,6200.00,,2026-10-06,6200.00,7730114100046
Carrefour,776620,Fideos con morrón El Mercado 500 grs,3390.00,,2026-10-06,3390.00,7791720049198
Carrefour,461184,Fideos tagliatelle Garofalo en bolsa 500 g.,15249.00,,2026-10-06,15249.00,8000139910289
Carrefour,691423,Ñoquis de papas x kg.,15500.00,,2026-10-06,15500.00,2506791000000
Carrefour,741487,Lasagna di carne Don Italo 350 grs,11300.00,,2026-10-06,11300.00,2920973500001
Carrefour,691424,Ñoquis de espinaca x kg.,15900.00,,2026-10-06,15900.00,2506792000009
Carrefour,741473,Pappardelle x kg.,14800.00,,2026-10-06,14800.00,2509721000002
Carrefour,691435,Panna formaggi x kg.,28800.00,,2026-10-06,28800.00,2506803000004
Carrefour,691428,Fussilli all uovo x kg.,14800.00,,2026-10-06,14800.00,2506796000005
Carrefour,691436,Panna funghi e piselli x kg.,28800.00,,2026-10-06,28800.00,2506804000003
Carrefour,691426,Tagliatelle all uovo x kg.,14800.00,,2026-10-06,14800.00,2506794000007
Carrefour,7757,Harina de Trigo 000 Caserita x 1 kg,1100.00,,2026-10-06,1100.00,7792590000159
Carrefour,732163,Harina leudante Blancaflor 1 kg.,2349.00,,2026-10-06,2349.00,7790070562180
Carrefour,745304,Harina leudante Bulnez 1 kg,1250.00,,2026-10-06,1250.00,7791720031803
Carrefour,545131,Harina Pureza especial para pizzas 1 kg.,2235.00,,2026-10-06,2235.00,7792180004567
Carrefour,551284,Harina de trigo Pureza 0000 1 kg.,1190.00,si,2026-10-06,1590.00,7792180004871
Carrefour,762257,Harina leudante Chacabuco 1 kg,1579.00,,2026-10-06,1579.00,7799037060493
Carrefour,689908,Harina integral fina Chacabuco 1 kg.,1699.00,,2026-10-06,1699.00,7799037060226
Carrefour,694963,Harina leudante Pureza con vitamina D 1 kg.,1910.00,,2026-10-06,1910.00,7792180140708
Carrefour,689906,Harina de trigo 0000 Chacabuco 1 kg.,1369.00,,2026-10-06,1369.00,7799037060028
Carrefour,638362,Harina de trigo Morixe 000 1 kg.,1109.00,,2026-10-06,1109.00,7790199000013
Carrefour,638363,Harina de trigo Morixe 0000 1 kg.,1509.00,,2026-10-06,1509.00,7790199000020
Carrefour,745302,Harina de trigo 0000 Bulnez 1 kg.,1050.00,,2026-10-06,1050.00,7791720036679
Carrefour,678496,Harina de trigo 000 ultra refinada Cañuelas 1 kg.,1080.00,,2026-10-06,1080.00,7792180139320
Carrefour,712621,Harina Morixe para pizza 1 kg.,2049.00,,2026-10-06,2049.00,7790199604273
Carrefour,131557,Harina leudante Caserita x 1 kg,1699.00,,2026-10-06,1699.00,7792590001064
Carrefour,7758,Harina de trigo 0000 Caserita 1 kg.,1459.00,,2026-10-06,1459.00,7792590000227
Carrefour,686524,Harina integral Pureza con levadura pizza 1 kg.,2349.00,,2026-10-06,2349.00,7792180137258
Carrefour,717682,Harina Pureza con masa madre para pizza 1 kg.,2680.00,,2026-10-06,2680.00,7792180141941
Carrefour,689905,Harina de trigo 000 Chacabuco 1 kg.,1039.00,,2026-10-06,1039.00,7799037060011
Carrefour,689910,Harina de fuerza Chacabuco 1 kg.,1999.00,,2026-10-06,1999.00,7799037060325
Carrefour,658260,Harina de maíz para arepas Morixe 1 kg.,3649.00,,2026-10-06,3649.00,7790199603368
Carrefour,687197,Harina integral leudante Pureza 1 kg.,2499.00,,2026-10-06,2499.00,7792180136671
Carrefour,746918,Harina de trigo 00 Chacabuco napolitana 1 kg,2890.00,,2026-10-06,2890.00,7799037060400
Carrefour,555064,Harina de trigo Pureza con levadura pan casero 1 kg.,2235.00,,2026-10-06,2235.00,7792180004901
Carrefour,732147,Harina de trigo 000 Favorita con vitaminas 1 kg.,1299.00,,2026-10-06,1299.00,7790070562258
Carrefour,548810,Harina de trigo 000 Pureza 1 kg.,1170.00,,2026-10-06,1170.00,7792180004512
Carrefour,695290,Harina integral Chacabuco con semillas 750 g.,2325.00,,2026-10-06,2325.00,7799037603003
Carrefour,776764,Harina 0000 Carrefour Classic 1 kg,1490.00,,2026-10-06,1490.00,7792180144041
Carrefour,697160,Harina de trigo Tassara tipo 0000 x 1 kg,1270.00,,2026-10-06,1270.00,7792612000716
Carrefour,776765,Harina leudante Carrefour Classic 1 kg,1750.00,,2026-10-06,1750.00,7792180144058
Carrefour,671366,Harina de trigo integral Morixe 1 kg.,1699.00,,2026-10-06,1699.00,7790199603856
Carrefour,733197,Harina de trigo 0000 Favorita fortificada 1 kg.,1699.00,,2026-10-06,1699.00,7790070562265
Carrefour,777685,Harina de almendras Carrefour Classic 200 grs,9950.00,,2026-10-06,9950.00,7791720050224
Carrefour,770097,Harina multicereal con levadura Pureza con masa madre 1 kg,4349.00,,2026-10-06,4349.00,7792180145758
Carrefour,136659,Harina de trigo Caserita para pizzas 1 kg.,1800.00,,2026-10-06,1800.00,7792590001156
Carrefour,718792,Harina integral Blancaflor 1 kg.,2169.00,,2026-10-06,2169.00,7792180141095
Carrefour,740033,Harina de trigo integral Chacabuco orgánica 750 g.,2480.00,,2026-10-06,2480.00,7799037060394
Carrefour,695289,Harina integral Chacabuco con legumbres 750 g.,2325.00,,2026-10-06,2325.00,7799037145176
Carrefour,764451,Harina de avena Dicomere sin gluten 350 grs,2700.00,,2026-10-06,2700.00,7793323024992
Carrefour,762407,Harina de maní Natural Pop sin tacc 450 grs,2579.00,,2026-10-06,2579.00,7798370550241
Carrefour,650254,Harina Blancaflor con levadura pizza 1 kg.,2650.00,,2026-10-06,2650.00,7792180134509
Carrefour,762402,Harina de fuerza Morixe 1 kg,1869.00,,2026-10-06,1869.00,7790199604730
Carrefour,675814,Harina de almendras Dicomere doy pack sin TACC 200 g.,10499.00,,2026-10-06,10499.00,7793323004017
Carrefour,782284,Harina integral multicereal y chia Caserita 1 kg,3025.00,,2026-10-06,3025.00,7792590005239
Carrefour,697660,Harina integral Barbara 1 kg.,1649.00,,2026-10-06,1649.00,7794270802473
Carrefour,695288,Harina de trigo Chacabuco especial pastelería 1 kg.,1999.00,,2026-10-06,1999.00,7799037060349
Carrefour,777860,Harina de arvejas Carrefour Classic sin gluten 450 grs,1990.00,,2026-10-06,1990.00,7791720050316
Carrefour,710589,Harina de quinoa Dicomere 200 g.,6500.00,,2026-10-06,6500.00,7793323024329
Carrefour,782283,Harina de trigo integral Caserita 1 kg,2399.00,,2026-10-06,2399.00,7792590005390
Carrefour,686916,Harina de arvejas Dicomere paquete 450 g.,1999.00,,2026-10-06,1999.00,7793323004796
Carrefour,716937,Harina Schar mix mezcla premium sin tacc 500 g.,10800.00,,2026-10-06,10800.00,7898954933474
Carrefour,777947,Harina de maíz blanco precocida Pan 1 kg,6000.00,,2026-10-06,6000.00,7702084137520
Carrefour,762409,Harina de arveja Natural Pop sin tacc 450 grs,1979.00,,2026-10-06,1979.00,7798370550234
Carrefour,784884,Harina para todo uso Pureza con fibra 1 kg,1810.51,,2026-10-06,1810.51,7792180147356
Carrefour,573044,Harina de trigo Bárbara 000 x 1 kg,1169.00,,2026-10-06,1169.00,7794270035512
Carrefour,605381,Harina de trigo Bárbara 0000 x 1 kg,1649.00,,2026-10-06,1649.00,7794270035529
Carrefour,758013,Pan Integral Fargo 400 grs,6020.00,,2026-10-06,6020.00,7793890261486
Carrefour,697807,Polenta instantánea Presto Pronta bolsa 730 g.,2529.00,,2026-10-06,2529.00,7790580138721
Carrefour,729235,Avena instantanea Morixe 400 g.,2195.00,,2026-10-06,2195.00,7790199604594
Carrefour,736896,Polenta instantánea Presto Pronta en bolsa 490 g.,1769.00,,2026-10-06,1769.00,7790580138738
Carrefour,731021,Pan rallado Preferido fortificado 1 kg.,3789.00,,2026-10-06,3789.00,7790070433176
Carrefour,738864,Avena instantanea Carrefour Classic pouch 300 g.,1590.00,,2026-10-06,1590.00,7791720035429
Carrefour,456242,Pan rallado Carrefour classic 1 kg.,2850.00,,2026-10-06,2850.00,7798141714803
Carrefour,645173,Pan Rallado Morixe 1 kg.,2835.00,,2026-10-06,2835.00,7790199602927
Carrefour,561794,Pan rallado Mamá Cocina fortificado 500 g.,1639.00,,2026-10-06,1639.00,7792180004741
Carrefour,770921,Pan con semillas Oroweat 600 grs,11159.00,,2026-10-06,11159.00,7793890261523
Carrefour,753234,Pan integral Bimbo Artesano con Masa Madre 500 grs,10300.00,,2026-10-06,10300.00,7793890260892
Carrefour,719352,Almidón de maíz Maizena clásica sin tacc 500 g.,4089.00,,2026-10-06,4089.00,7794000007468
Carrefour,731020,Pan rallado Preferido fortificado 500 g.,1989.00,,2026-10-06,1989.00,7790070433169
Carrefour,768245,Pan Salvado Fargo 600 grs,8099.00,,2026-10-06,8099.00,7793890262162
Carrefour,778674,Pan Integral Fargo 575 grs,8099.00,,2026-10-06,8099.00,7793890262629
Carrefour,716485,Pan salvado Lactal 330 grs,3939.00,,2026-10-06,3939.00,7793890258776
Carrefour,735464,Premezcla para pizza y pan Puereza sin tacc 500 g.,4429.00,,2026-10-06,4429.00,7792180142849
Carrefour,456241,Pan rallado Carrefour classic 500 g.,1490.00,,2026-10-06,1490.00,7798141714797
Carrefour,738863,Avena tradicional Carrefour Classic pouch 300 g.,1590.00,,2026-10-06,1590.00,7791720035412
Carrefour,123010,Polenta Carrefour Classic bolsa 1 kg.,1290.00,,2026-10-06,1290.00,7798033332290
Carrefour,561798,Pan rallado Mamá Cocina fortificado 1 kg.,3150.00,,2026-10-06,3150.00,7792180004758
Carrefour,601001,Rebozador Aglu 450 g. SIN TACC.,3750.00,,2026-10-06,3750.00,7798128410087
Carrefour,719351,Almidón de maíz Maizena clásica sin tacc 220 g,2395.00,,2026-10-06,2395.00,7794000007451
Carrefour,768244,Pan integral Bimbo en bolsa 620 grs,8909.00,,2026-10-06,8909.00,7793890262124
Carrefour,729236,Avena tradicional Morixe 400 g.,2199.00,,2026-10-06,2199.00,7790199604587
Carrefour,755957,Pan integral Bimbo Cero Cero 430 grs,6619.00,,2026-10-06,6619.00,7793890261226
Carrefour,734588,Semola tradicional Vitina en caja 500 g.,3899.00,,2026-10-06,3899.00,7790070336965
Carrefour,733212,Rebozador Preferido en bolsa 1 kg.,3789.00,,2026-10-06,3789.00,7790070433190
Carrefour,726082,Pan con Semillas Lactal 330 grs,4519.00,,2026-10-06,4519.00,7793890259261
Carrefour,649804,Premezcla de harina para reposteria y panaderia Onza De Oro 500 g. sin TACC,2609.00,,2026-10-06,2609.00,7797234000052
Carrefour,645172,Pan rallado Morixe 500 g.,1549.00,,2026-10-06,1549.00,7790199602910
Carrefour,733218,Rebozador Preferido crunch 450 g.,3255.00,,2026-10-06,3255.00,7790070433251
Carrefour,729770,Chizitos de maíz sabor a queso Cheetos original 140 g,5849.00,,2026-10-06,5849.00,7790310985793
Carrefour,753536,Pan Integral Bimbo 420 grs,6625.00,,2026-10-06,6625.00,7793890261196
Carrefour,456244,Rebozador Carrefour classic 1 kg.,2850.00,,2026-10-06,2850.00,7798141714827
Carrefour,743737,Almidón de maiz Carrefour Classic 500 grs,3290.00,,2026-10-06,3290.00,7791720029510
Carrefour,672192,Pan rallado integral Pureza bolsa 350 g.,1805.00,,2026-10-06,1805.00,7792180136480
Carrefour,689909,Semolín Chacabuco x 1 kg.,1850.00,,2026-10-06,1850.00,7799037145145
Carrefour,387920,Premezcla para panadería y repostería Santa María 1 kg. Sin TACC,8100.00,,2026-10-06,8100.00,7798079230048
Carrefour,759124,Polenta instantánea Molinos Ala 730 grs,1650.00,,2026-10-06,1650.00,7791120103865
Carrefour,680599,Fécula de mandioca Dicomere paquete sin TACC 450 g.,3750.00,,2026-10-06,3750.00,7793323004864
Carrefour,733216,Rebozador Preferido horno en bolsa 1 kg.,4725.00,,2026-10-06,4725.00,7790070433244
Carrefour,777195,Polenta Presto Pronta 4 quesos 250 grs,1679.00,,2026-10-06,1679.00,7790580155025
Carrefour,758012,Pan Salvado Fargo 390 grs,6020.00,,2026-10-06,6020.00,7793890261462
Carrefour,601017,Fécula de mandioca sin tacc Abucel en bolsa 500 grs,4235.00,,2026-10-06,4235.00,7798191490016
Carrefour,727412,Premezcla para pizza Pureza masa madre 550 g,2669.00,,2026-10-06,2669.00,7792180142207
Carrefour,759342,Cous Cous Carrefour Classic 500 grs,3590.00,,2026-10-06,3590.00,7791720038413
Carrefour,726293,Premezcla chipá Lucchetti fortificada 400 g.,5989.00,,2026-10-06,5989.00,7790070562074
Carrefour,456243,Rebozador Carrefour classic 500 g.,1490.00,,2026-10-06,1490.00,7798141714810
Carrefour,733217,Pan rallado Preferido de ajo y perejil 500 g.,2469.00,,2026-10-06,2469.00,7790070433237
Carrefour,744313,Pan rallado Favorita vitaminas 450 g.,1450.00,,2026-10-06,1450.00,7790070433312
Carrefour,753418,Avena Cañuelas instantanea 400 grs,2210.00,,2026-10-06,2210.00,7792180144973
Carrefour,654725,Premezcla Santa María panadería y respostería sin lactosa 1 kg. sin TACC,8150.00,,2026-10-06,8150.00,7798079230611
Carrefour,772749,Avena instantánea Quaker en caja 280 grs,2260.00,,2026-10-06,2260.00,7792170555505
Carrefour,645175,Rebozador Morixe 1 kg.,2835.00,,2026-10-06,2835.00,7790199602941
Carrefour,675234,Azúcar orgánica Dicomere paquete 1000 g.,5300.00,,2026-10-06,5300.00,7793323004260
Carrefour,777194,Polenta Presto Pronta vegetales 250 grs,1679.00,,2026-10-06,1679.00,7790580137762
Carrefour,775902,Tapa de pascualina integral sin sal Carrefour Classic 380 grs,2990.00,,2026-10-06,2990.00,7791720048566
Carrefour,776761,Premezcla para chipa sin gluten Carrefour Classic 350 grs,3690.00,,2026-10-06,3690.00,7791720049525
Carrefour,729772,Tubitos de harina de maíz sabor queso 3D mega queso 85 g.,4199.00,,2026-10-06,4199.00,7790310985830
Carrefour,733211,Rebozador Preferido en bolsa 500 g.,1989.00,,2026-10-06,1989.00,7790070433183
Carrefour,677228,Polenta instantánea Don Bernabeu 500 g.,790.00,,2026-10-06,790.00,7794080000205
Carrefour,764450,Avena instántanea Dicomere sin gluten 350 grs,3650.00,,2026-10-06,3650.00,7793323025005
Carrefour,733219,Rebozador Preferido crunch 900 g.,6089.00,,2026-10-06,6089.00,7790070433268
Carrefour,727479,Barra Integra de chocolate y avena 41 g.,1785.00,,2026-10-06,1785.00,7798343751026
Carrefour,695108,Sopa de pollo Knorr con dedalitos integrales 80 g.,2745.00,,2026-10-06,2745.00,7794000005853
Carrefour,666526,Tostadas integral Bauducco 142 g.,2679.00,,2026-10-06,2679.00,7891962060460
Carrefour,737503,Premezcla Maizena pan y pizza sin tacc 500 g.,4875.00,,2026-10-06,4875.00,7794000008199
Carrefour,729771,Chizitos de maíz sabor a queso Cheetos original 229 g,8750.00,,2026-10-06,8750.00,7790310985748
Carrefour,737504,Rebozador Maizena sin gluten 350 g.,4650.00,,2026-10-06,4650.00,7794000008212
Carrefour,772747,Avena tradicional Quaker en caja 550 grs,3550.00,,2026-10-06,3550.00,7792170555543
Carrefour,601014,Almidón de maiz sin tacc Abucel en bolsa 500 g.,3029.00,,2026-10-06,3029.00,7798191490030
Carrefour,603201,Pan campesino integral grande 400 grs,4379.00,,2026-10-06,4379.00,2920388100001
Carrefour,729769,Chizitos de maíz sabor a queso Cheetos original 85 g,4199.00,,2026-10-06,4199.00,7790310985809
Carrefour,738865,Avena repostera Carrefour Classic 300 g.,1590.00,,2026-10-06,1590.00,7791720035436
Carrefour,706849,Tubitos de harina de maíz sabor queso 3D mega queso 43 g.,2500.00,,2026-10-06,2500.00,7790310985113
Carrefour,778160,Avena integral instantánea Morixe en caja 500 grs,3500.00,,2026-10-06,3500.00,7790199605805
Carrefour,645174,Rebozador Morixe 500 g.,1550.00,,2026-10-06,1550.00,7790199602934
Carrefour,784827,Fécula de mandioca Carrefour Classic sin gluten 500 grs,3290.00,,2026-10-06,3290.00,7791720051009
Carrefour,754131,Pan con Lino Bimbo 420 grs,6625.00,,2026-10-06,6625.00,7793890261219
Carrefour,561801,Rebozador Mamá Cocina para freír fortificado 500 g.,1589.00,,2026-10-06,1589.00,7792180004765
Carrefour,637228,Galletitas Zafrán avena coco lino 150 g.,2600.00,,2026-10-06,2600.00,7798187760130
Carrefour,744314,Pan rallado Favorita vitaminas 900 g.,2900.00,,2026-10-06,2900.00,7790070433329
Carrefour,764449,Avena gruesa Dicomere sin gluten 350 grs,3650.00,,2026-10-06,3650.00,7793323025012
Carrefour,307705,Pan de mesa Veneziana integral con salvado 360 g.,3849.00,,2026-10-06,3849.00,7791708001484
Carrefour,778161,Avena extra fina Morixe caja 470 grs,3500.00,,2026-10-06,3500.00,7790199605829
Carrefour,753417,Avena tradicional Cañuelas 400 grs,2210.00,,2026-10-06,2210.00,7792180144966
Carrefour,746915,Premezcla para pan y pizza Chacabuco sin tacc 400 g.,3740.00,,2026-10-06,3740.00,7799037070058
Carrefour,725791,Premezcla ñoqui Mamá Cocina 500 grs,4845.00,,2026-10-06,4845.00,7792180142863
Carrefour,601020,Premezcla sin tacc Abucel en bolsa 500 g.,4919.00,,2026-10-06,4919.00,7798191490023
Carrefour,730992,Semola clásica vitina nutrimax Lucchetti 250 g.,2149.00,,2026-10-06,2149.00,7790070336972
Carrefour,706851,Tubitos de harina de maíz sabor queso 3D mega queso 143 g.,5849.00,,2026-10-06,5849.00,7790310985137
Carrefour,637230,Galletitas Zafrán cacao maní café 150 g.,2600.00,,2026-10-06,2600.00,7798187760161
Carrefour,719401,Pan con semillas Briosh 330 grs,4190.00,,2026-10-06,4190.00,7793890259315
Carrefour,764452,Premezcla universal Dicomere sin gluten 450 grs,3199.00,,2026-10-06,3199.00,7793323024862
Carrefour,561804,Rebozador Mamá Cocina freír fortificado 1 kg.,2885.00,,2026-10-06,2885.00,7792180004772
Carrefour,610726,Premezcla para pan de queso Carrefour Classic 200 g. sin TACC,4890.00,,2026-10-06,4890.00,7791720002643
Carrefour,705536,Premezcla Blancaflor sin TACC pizza y pan 500 g.,4950.00,,2026-10-06,4950.00,7790070508010
Carrefour,561810,Rebozador horno fortificado Mamá Cocina 1 kg.,3629.00,,2026-10-06,3629.00,7792180004796
Carrefour,776430,Pan estilo artesanal doble integral Mimago 550 grs,6029.00,,2026-10-06,6029.00,7798164190493
Carrefour,571175,Avena instantanea Egran 350 g.,2619.00,,2026-10-06,2619.00,7791476012354
Carrefour,709233,Rebozador Carrefour Classic sin tacc sin gluten 350 grs,3890.00,,2026-10-06,3890.00,7791720003411
Carrefour,603203,Pan campesino integral mediano,3039.00,,2026-10-06,3039.00,2920388600006
Carrefour,644573,Pan rallado sin tacc Carrefour Classic 350 grs,4050.00,,2026-10-06,4050.00,7791720018453
Carrefour,761078,Sémola de trigo Carrefour Classic 400 grs,1590.00,,2026-10-06,1590.00,7791720029602
Carrefour,719488,Premezcla Natural Pop sin tacc falafel natural 210 cc.,1779.00,,2026-10-06,1779.00,7798370550159
Carrefour,778159,Avena integral tradicional Morixe caja 500 grs,3500.00,,2026-10-06,3500.00,7790199605782
Carrefour,772746,Avena tradicional Quaker en caja 280 grs,2260.00,,2026-10-06,2260.00,7792170555499
Carrefour,777945,Granola sin gluten Zafrán quinoa y nuez 300 grs,7800.00,,2026-10-06,7800.00,7798187761090
Carrefour,324709,Avena arrollada Egran bolsa 400 g.,2959.00,,2026-10-06,2959.00,7791476014044
Carrefour,720554,Premezcla Lucchetti ñoquis de papa fort 500 g.,4899.00,,2026-10-06,4899.00,7790070562043
Carrefour,561807,Rebozador Mamá Cocina para horno fortificado 500 g.,1889.00,,2026-10-06,1889.00,7792180004789
Carrefour,383999,Polenta instantánea Egran bolsa 500 grs,1259.00,,2026-10-06,1259.00,7791476022001
Carrefour,764453,Premezcla para pan Dicomere sin gluten 450 grs,3199.00,,2026-10-06,3199.00,7793323024879
Carrefour,750343,Premezcla para pizza Carrefour Classic 500 grs,2290.00,,2026-10-06,2290.00,7791720040614
Carrefour,719487,Premezcla Natural pop sin tacc crepes vegetal 210 cc.,1549.00,,2026-10-06,1549.00,7798370550173
Carrefour,480100,Premezcla sin TACC panadería repostería Kapac 500 g.,4050.00,,2026-10-06,4050.00,7794906000181
Carrefour,777946,Granola sin gluten Zafrán almendras y pasas 300 grs,7800.00,,2026-10-06,7800.00,7798187761076
Carrefour,776762,Premezcla para pizza sin gluten Carrefour Classic 500 grs,3790.00,,2026-10-06,3790.00,7791720049587
Carrefour,721301,Chizitos de maíz sabor a queso Cheetos original 43 g,2500.00,,2026-10-06,2500.00,7790310985274
Carrefour,737537,Azúcar mascabo Beepure zip pack 700 g.,9405.00,,2026-10-06,9405.00,7798165591077
Carrefour,759795,Pan rallado sin gluten Mamá Cocina 350 grs,4289.00,,2026-10-06,4289.00,7792180145376
Carrefour,778692,Avena de banana y dulce de leche Menu Box en sobre 64 grs,2087.50,,2026-10-06,2087.50,7792180146458
Carrefour,730994,Vitina vegetales nutrivit max Lucchetti 250 grs,2599.00,,2026-10-06,2599.00,7790070336996
Carrefour,778690,Avena con banana y dulce de leche Menú Box en vaso 64 grs,2371.09,,2026-10-06,2371.09,7792180146304
Carrefour,710298,Sémola de trigo duro Bonalma 500 g.,3580.00,,2026-10-06,3580.00,7798199870094
Carrefour,778694,Avena con arándanos Menú Box en sobre 59 grs,2087.50,,2026-10-06,2087.50,7792180145918
Carrefour,759651,Panko 500 grs,5990.00,,2026-10-06,5990.00,7791990019457
Carrefour,762410,Premezcla sin tacc Natural Pop super batido 75 grs,3249.00,,2026-10-06,3249.00,7798370550210
Carrefour,719483,Premezcla Natural Pop falafel quinoa y arveja 210 g.,1789.00,,2026-10-06,1789.00,7798370550098
Carrefour,644574,Pan rallado Carrefour Classic provenzal 350 g. sin TACC,4250.00,,2026-10-06,4250.00,7791720018460
Carrefour,649807,Premezcla para pizza Arcor 500 g. Sin TACC,6065.00,,2026-10-06,6065.00,7790580126049
Carrefour,778696,Avena de manzana y canela Menu Box en sobre 59 grs,2087.50,,2026-10-06,2087.50,7792180145932
Carrefour,750344,Premezcla para ñoquis papa Carrefour Classic 400 grs,4390.00,,2026-10-06,4390.00,7791720040621
Carrefour,755454,Pan rallado 900 grs,3290.00,,2026-10-06,3290.00,7791990019440
Carrefour,764739,Tarta integral Amoedo de calabaza y acelga 260 grs,8790.00,,2026-10-06,8790.00,7798342730282
Carrefour,698613,Avena instantanea Kuati 300 g.,2400.00,,2026-10-06,2400.00,7798310270536
Carrefour,646392,Premezcla sin tacc para pizza 123 Listo 500 g.,5339.00,,2026-10-06,5339.00,7798239780178
Carrefour,778302,Quiche integral brócoli coliflor y mozzarella El Mercado 300 grs,8290.00,,2026-10-06,8290.00,7791720050095
Carrefour,666643,Fertilizante harina de hueso x 250 g. Parque,3899.00,,2026-10-06,3899.00,7796221011026
Carrefour,698614,Avena tradicional kuati 300 g.,2400.00,,2026-10-06,2400.00,7798310270529
Carrefour,719214,Premezcla para albongigas Molé de lenteja y barbacoa 200 g.,5859.00,,2026-10-06,5859.00,7798334587146
Carrefour,752459,Panko blanco 500 grs,11249.00,,2026-10-06,11249.00,763571722947
Carrefour,785768,Premezcla para pan Dicomere integral proteica 450 grs,4900.00,,2026-10-06,4900.00,7793323026972
Carrefour,785769,Premezcla universal Dicomere integral proteica 450 grs,4700.00,,2026-10-06,4700.00,7793323026965
Carrefour,752460,Panko naranja 500 grs,12999.00,,2026-10-06,12999.00,763571722909
Carrefour,1755430,Mascara Snorkel Negra Gadnic Buceo Integral Conexión Gopro,31149.00,si,2026-10-06,40494.00,650414087731
Carrefour,592519,Sal fina Dos Estrellas 500 g.,849.00,,2026-10-06,849.00,7792900092706
Carrefour,7983,Sal fina Dos Anclas caja 500 g.,1679.00,,2026-10-06,1679.00,7792900000138
Carrefour,576763,Sal gruesa Carrefour Classic 1 kg,2290.00,,2026-10-06,2290.00,7798159716479
Carrefour,78495,Sal fina Celusal caja 500 g.,1785.00,,2026-10-06,1785.00,7790072002080
Carrefour,624066,Sal fina Dos Anclas en paquete 500 grs,1489.00,,2026-10-06,1489.00,7792900000428
Carrefour,592517,Sal gruesa Dos Estrellas 1 kg.,1499.00,,2026-10-06,1499.00,7792900092720
Carrefour,72538,Sal entrefina parrillera Celusal paquete 1 kg,2589.00,,2026-10-06,2589.00,7791004000051
Carrefour,575040,Sal fina Carrefour Classic en bolsa 500 grs,1290.00,,2026-10-06,1290.00,7798159716455
Carrefour,563683,Sal para lavavajillas Finish doypack 1 kg.,10475.00,,2026-10-06,10475.00,7805010002258
Carrefour,7988,Sal fina Celusal salero 500 g.,4105.00,,2026-10-06,4105.00,7790072001038
Carrefour,575029,Sal entrefina Carrefour Classic bolsa 1 kg,2290.00,,2026-10-06,2290.00,7798159716462
Carrefour,722311,Sal marina gruesa Dicomere 450 g.,3000.00,,2026-10-06,3000.00,7793323004529
Carrefour,706927,Sal regeneradora Sun antisarro 1 kg,10360.00,,2026-10-06,10360.00,7805000321970
Carrefour,642244,Sal fina Dos Anclas salero 500 g.,3609.00,,2026-10-06,3609.00,7792900634142
Carrefour,737474,Sal entrefina Bulnez en bolsa 1 kg.,1590.00,,2026-10-06,1590.00,7791720031759
Carrefour,502520,Sal fina Carrefour Classic salero 500 grs,3590.00,,2026-10-06,3590.00,7798159712341
Carrefour,185585,Sal entrefina parrillera Celusal caja 1 kg,2785.00,,2026-10-06,2785.00,7791004000044
Carrefour,744867,Sal entrefina Dos Anclas en paquete 1 kg.,2620.00,,2026-10-06,2620.00,7792900990927
Carrefour,782611,Sal gruesa Dos Anclas paquete 500 grs,1422.39,,2026-10-06,1422.39,7792900613079
Carrefour,502516,Sal fina light Carrefour Classic 100 grs,2390.00,si,2026-10-06,3450.00,7798159712372
Carrefour,618025,Sal gruesa Dos Anclas salero 500 g.,3189.00,,2026-10-06,3189.00,7792900614021
Carrefour,782612,Sal entrefina Dos Anclas paquete 500 grs,1422.39,,2026-10-06,1422.39,7792900623078
Carrefour,606974,Sal fina Dos Anclas 250 g.,2939.00,,2026-10-06,2939.00,7792900634227
Carrefour,502459,Sal gruesa Carrefour Classic salero 750 grs,3990.00,,2026-10-06,3990.00,7798159712365
Carrefour,604627,Sal fina Dos Anclas salero 500 g.,3609.00,,2026-10-06,3609.00,7792900634135
Carrefour,626361,Sal light Dos Anclas con especias salero 200 g.,7019.00,,2026-10-06,7019.00,7792900990101
Carrefour,502452,Sal fina Carrefour Classic 100 grs,1890.00,,2026-10-06,1890.00,7798159712402
Carrefour,72536,Sal entrefina Celusal salero 1 kg.,5969.00,,2026-10-06,5969.00,7791004000068
Carrefour,782613,Sal fina light Dos Anclas paquete 500 grsdo,4791.41,,2026-10-06,4791.41,7792900990965
Carrefour,694755,Mayonesa Clásica Hellmanns sin tacc doypack 475 g.,2999.00,,2026-10-06,2999.00,7794000006072
Carrefour,714807,Mayonesa liviana Hellmanns dp 475 g,2999.00,,2026-10-06,2999.00,7794000007109
Carrefour,152816,Mayonesa Natura 475 g.,3039.00,,2026-10-06,3039.00,7791866001364
Carrefour,709753,Mostaza Savora original doypack 250 g.,1729.00,,2026-10-06,1729.00,7794000006478
Carrefour,700206,Ketchup Hellmanns regular doypack 250 g.,2619.00,,2026-10-06,2619.00,7794000006188
Carrefour,41845,Mayonesa Natura 950 g.,5959.00,,2026-10-06,5959.00,7791866001357
Carrefour,738816,Provenzal El Mercado 50 g.,1015.00,,2026-10-06,1015.00,7791720027530
Carrefour,738820,Orégano El Mercado 50 g.,1015.00,,2026-10-06,1015.00,7791720027448
Carrefour,402725,Pimentón 50 g.,1199.00,,2026-10-06,1199.00,2920725600003
Carrefour,710571,Ketchup Hellmanns regular doypack 500 g.,4399.00,,2026-10-06,4399.00,7794000006164
Carrefour,630676,Mostaza Natura 250 g.,1109.00,,2026-10-06,1109.00,7791866004211
Carrefour,709754,Mostaza Savora oiginal doypack 500 g.,3039.00,,2026-10-06,3039.00,7794000006485
Carrefour,548315,Ketchup Natura 250 cc.,1739.00,,2026-10-06,1739.00,7791866000381
Carrefour,548328,Mostaza Natura 500 g.,2199.00,,2026-10-06,2199.00,7791866000510
Carrefour,719547,Finlandia light sin sal agregada 290 g.,5699.00,,2026-10-06,5699.00,7790742324108
Carrefour,648766,Ketchup Natura 500 cc.,3400.00,,2026-10-06,3400.00,7791866000664
Carrefour,554825,Mayonesa Cada Día liviana 475 grs,1639.00,,2026-10-06,1639.00,7791866000572
Carrefour,643930,Salsa barbacoa La Campagnola 250 g.,1919.00,,2026-10-06,1919.00,7793360123474
Carrefour,722817,Mayonesa d´ Fiesta 500 cc.,2029.00,,2026-10-06,2029.00,7791620187730
Carrefour,263810,Mayonesa Natura 237 g.,1549.00,,2026-10-06,1549.00,7791866001203
Carrefour,685103,Orégano Alicante sobre 50 g.,3095.00,,2026-10-06,3095.00,7790150540336
Carrefour,402705,Ajo picado deshidratado 50 g.,1169.00,,2026-10-06,1169.00,2920723700002
Carrefour,685104,Provenzal Alicante sobre 50 g.,2749.00,,2026-10-06,2749.00,7790150570371
Carrefour,721948,Mostaza Dánica 220 g.,1000.00,,2026-10-06,1000.00,7791620187686
Carrefour,548320,Salsa golf Natura 250 cc.,1800.00,,2026-10-06,1800.00,7791866000480
Carrefour,402704,Ají molido x 50 g.,1279.00,,2026-10-06,1279.00,2920723600005
Carrefour,402719,Laurel en hojas 25 g.,655.00,,2026-10-06,655.00,2920725000001
Carrefour,262590,Salsa de soja La Parmesana 300 g.,3199.00,,2026-10-06,3199.00,7796373002712
Carrefour,721966,Papas fritas acanaladas Pehuamar 135 g.,4199.00,,2026-10-06,4199.00,7790310985441
Carrefour,722818,Ketchup Dánica dp 220 g.,1519.00,,2026-10-06,1519.00,7791620187693
Carrefour,683972,Saborizador albahaca y ajo Alicante sobre x 4 uni,1629.00,,2026-10-06,1629.00,7790150437803
Carrefour,402703,Adobo para pizza 50 g.,1099.00,,2026-10-06,1099.00,2920723500008
Carrefour,722819,Salsa BBQ Dánica dp 220 g.,1750.00,,2026-10-06,1750.00,7791620187716
Carrefour,710580,Mayonesa Hellmanns ajo doypack 250 g,3425.00,,2026-10-06,3425.00,7794000006553
Carrefour,739356,Caldo de verdura Knorr cero sodio 12 uni,3739.00,,2026-10-06,3739.00,7794000008274
Carrefour,738732,Queso Light sin sal agregada Casancrem 290 grs,5995.00,,2026-10-06,5995.00,7791337060944
Carrefour,585503,Galletitas crackers Granix sin sal 140 g.,1110.00,,2026-10-06,1110.00,7790045000907
Carrefour,402728,Pimienta negra en grano 50 g.,2499.00,,2026-10-06,2499.00,2920725900004
Carrefour,697812,Mayonesa light BC La Campagnola 500 g.,2759.00,,2026-10-06,2759.00,7790580135454
Carrefour,735139,Pimienta negra Carrefour classic en sobre 25 g.,1490.00,,2026-10-06,1490.00,7791720034415
Carrefour,777730,Galletitas crackers Granix sin sal 600 grs,4735.00,,2026-10-06,4735.00,7790045827740
Carrefour,722816,Mayonesa Dánica dp 500 g.,2159.00,,2026-10-06,2159.00,7791620187662
Carrefour,692780,Pimentón dulce Alicante sobre 200 g.,6689.00,,2026-10-06,6689.00,7790150565469
Carrefour,686564,Pimienta negra Alicante molida sobre 25 g.,1609.00,,2026-10-06,1609.00,7790150555446
Carrefour,402715,Comino molido 50 g.,1059.00,,2026-10-06,1059.00,2920724600004
Carrefour,402730,Provenzal 50 g.,1199.00,,2026-10-06,1199.00,2920726100007
Carrefour,735136,Pimenton dulce Carrefour Classic en sobre 25 g.,1090.00,,2026-10-06,1090.00,7791720034385
Carrefour,402721,Orégano 50 g.,1119.00,,2026-10-06,1119.00,2920725200005
Carrefour,722821,Ketchup D' Fiesta 220 g.,1410.00,,2026-10-06,1410.00,7791620187631
Carrefour,738815,Adobo para pizza El Mercado 50 g.,949.00,,2026-10-06,949.00,7791720027264
Carrefour,621864,Galletas crackers marineras Carrefour classic sin sal 330 g.,2390.00,,2026-10-06,2390.00,7791720003473
Carrefour,683973,Saborizador champignón hongos Alicante sobre x 4 uni,1629.00,,2026-10-06,1629.00,7790150438305
Carrefour,596774,Galletitas crackers Paseo sin sal 300 g.,1720.00,,2026-10-06,1720.00,7792180007254
Carrefour,717831,Mayonesa liviana Hellmanns doypack 950 g.,5899.00,,2026-10-06,5899.00,7794000007086
Carrefour,694756,Mayonesa clásica Hellmanns sin tacc doypack 950 g.,5899.00,,2026-10-06,5899.00,7794000006058
Carrefour,589114,Tostadas Carrefour classic clásicas sin sal 180 g.,1650.00,,2026-10-06,1650.00,7798159718381
Carrefour,682686,Condimento sabor al horno Knorr tipo criollo 21 g.,3425.00,,2026-10-06,3425.00,7794000004924
Carrefour,692787,Ajo triturado Alicante sobre 50 g.,1769.00,,2026-10-06,1769.00,7790150411391
Carrefour,738814,Chimichurri El Mercado 50 g.,949.00,,2026-10-06,949.00,7791720027332
Carrefour,636077,Ketchup Heinz doypack 397 g.,6200.00,,2026-10-06,6200.00,735051016372
Carrefour,738817,Tuco El Mercado 50 g.,875.00,,2026-10-06,875.00,7791720027561
Carrefour,751312,Aji molido El Mercado 50 grs,1150.00,,2026-10-06,1150.00,7791720027271
Carrefour,762219,Polvo para Lavavajillas Sun Repuesto 1 kg,11350.00,,2026-10-06,11350.00,7791290796140
Carrefour,704286,Orégano Dos Anclas 25 g.,1329.00,,2026-10-06,1329.00,7792900990613
Carrefour,685591,Condimento Alicante tuco sobre 25 g.,1099.00,,2026-10-06,1099.00,7790150496084
Carrefour,719546,Finlandia light sin sal agregada 180 g.,3799.00,,2026-10-06,3799.00,7790742324009
Carrefour,680494,Manteca Tonadita sin sal 200 g.,4499.00,,2026-10-06,4499.00,7798060852747
Carrefour,686900,Cúrcuma Dicomere sin TACC sobre 50 g.,1400.00,,2026-10-06,1400.00,7793323005052
Carrefour,685312,Ají molido Alicante sobre 25 g.,1200.00,,2026-10-06,1200.00,7790150406915
Carrefour,731399,Jardinera sin sal Carrefour classic en lata 300 g.,999.00,,2026-10-06,999.00,7791720030080
Carrefour,692779,Pimentón dulce Alicante sobre 50 g.,2149.00,,2026-10-06,2149.00,7790150565735
Carrefour,554823,Mayonesa Cada Día liviana 237 g.,849.00,,2026-10-06,849.00,7791866000558
Carrefour,653391,Galletitas crackers Granix salvado sin sal agregada 230 g.,1735.00,,2026-10-06,1735.00,7790045826095
Carrefour,560289,Ketchup La Campagnola 250 g.,1885.00,,2026-10-06,1885.00,7793360103018
Carrefour,752520,Salsa barbacoa Hellmanns dp 500 grs,4789.00,,2026-10-06,4789.00,7794000007819
Carrefour,779020,Ketchup Dánica doypack 475 grs,2654.20,,2026-10-06,2654.20,7791620188164
Carrefour,695907,Salsa caesar Dos Anclas sin TACC dos anclas botella 350 g.,4809.00,,2026-10-06,4809.00,7792900990699
Carrefour,682682,Condimento sabor al horno Knorr limón y orégano 21 g.,3425.00,,2026-10-06,3425.00,7794000004887
Carrefour,697269,Salsa queso cheddar Adler doypack 250 g,5865.00,,2026-10-06,5865.00,7791564136702
Carrefour,652094,Ketchup Heinz 190 g.,3500.00,,2026-10-06,3500.00,608875008994
Carrefour,742726,Canela molida Carrefour Classic en sobre 25 g.,1090.00,,2026-10-06,1090.00,7791720038482
Carrefour,735135,Orégano Carrefour classic en sobre 15 g.,829.00,,2026-10-06,829.00,7791720034378
Carrefour,731025,Aderezo Hellmanns Salsa Golf doypack 250 g.,2829.00,,2026-10-06,2829.00,7794000007741
Carrefour,753374,Queso Port Salut La Serenísima sin sal fraccionado x kg,24039.00,,2026-10-06,24039.00,2509964000005
Carrefour,721945,Mayonesa d' Fiesta 1 kg.,4150.00,,2026-10-06,4150.00,7791620187747
Carrefour,682685,Condimento sabor al horno Knorr cebolla y ajo 21 g.,3425.00,,2026-10-06,3425.00,7794000004917
Carrefour,402717,Curry 50 g.,1029.00,,2026-10-06,1029.00,2920724800008
Carrefour,735137,Pimienta blanca Carrefour classic en sobre 25 g.,2090.00,,2026-10-06,2090.00,7791720034392
Carrefour,730347,Mayonesa Cañuelas 500 cc.,2335.00,,2026-10-06,2335.00,7792180142009
Carrefour,777257,Bolsa para Horno Maggi Finas Hierbas 24 grs,2899.00,,2026-10-06,2899.00,8445292042543
Carrefour,750345,Salsa de soja Carrefour Classic 300 ml,3290.00,,2026-10-06,3290.00,7791720042052
Carrefour,402720,Nuez moscada en grano 2 u.,1309.00,,2026-10-06,1309.00,2920725100008
Carrefour,580634,Tostadas Carrefour classic sin sal 200 g.,1490.00,si,2026-10-06,1790.00,7798159717506
Carrefour,643025,Tostadas Tosti sin sal 140 g.,2799.00,,2026-10-06,2799.00,7794529041677
Carrefour,402707,Albahaca 50 g.,979.00,,2026-10-06,979.00,2920723900006
Carrefour,402733,Tomillo 50 g.,699.00,,2026-10-06,699.00,2920726400008
Carrefour,687982,Salsa de soja Dos Anclas libre de gluten 500 ml.,6309.00,,2026-10-06,6309.00,7798146139229
Carrefour,751314,Ajo picado deshidratado El Mercado 50 grs,1159.00,,2026-10-06,1159.00,7791720027288
Carrefour,698267,Mayonesa Hellmanns receta casera doypack 445 g.,4669.00,,2026-10-06,4669.00,7794000005143
Carrefour,777279,Salsa cheddar Carrefour Extra 260 grs,3290.00,,2026-10-06,3290.00,7791720049921
Carrefour,690046,Azafrán Alicante blister x 2 uni,7569.00,,2026-10-06,7569.00,7790150425251
Carrefour,402722,Paprika 50 g.,1119.00,,2026-10-06,1119.00,2920725300002
Carrefour,685592,Condimento Alicante milanesa sobre 25 g.,1279.00,,2026-10-06,1279.00,7790150497081
Carrefour,721965,Papas fritas Pehuamar 135 g.,4200.00,,2026-10-06,4200.00,7790310985366
Carrefour,721946,Mayonesa Fiesta 237 grs,1079.00,,2026-10-06,1079.00,7791620187723
Carrefour,777258,Bolsa para Horno Maggi Mediterráneo 25 grs,2850.00,,2026-10-06,2850.00,8445292042987
Carrefour,685588,Condimento Alicante pizza sobre 25 g.,1235.00,,2026-10-06,1235.00,7790150490334
Carrefour,685102,Provenzal Alicante sobre 25 g.,1529.00,,2026-10-06,1529.00,7790150570180
Carrefour,682687,Condimento sabor al horno Knorr barbacoa 35 g.,3425.00,,2026-10-06,3425.00,7794000004931
Carrefour,402731,Romero 50 g.,1099.00,,2026-10-06,1099.00,2920726200004
Carrefour,692774,Comino molido Alicante sobre 25 g.,1405.00,,2026-10-06,1405.00,7790150465332
Carrefour,697811,Mayonesa light BC La Campagnola 1 kg.,5225.00,,2026-10-06,5225.00,7790580135430
Carrefour,738813,Especias para empanadas El Mercado 50 g.,869.00,,2026-10-06,869.00,7791720027400
Carrefour,775523,Mostaza Heinz doy pack 200 grs,3400.00,,2026-10-06,3400.00,7800159001056
Carrefour,697813,Mayonesa light BC La Campagnola 250 g.,1479.00,,2026-10-06,1479.00,7790580135461
Carrefour,751757,Pimienta negra en grano La Parmesana 15 grs,1450.00,,2026-10-06,1450.00,7798224212134
Carrefour,771437,Ketchup estilo americano La Campagnola 250 grs,1885.00,,2026-10-06,1885.00,7790580150457
Carrefour,560291,Ketchup picante La Campagnola 250 g.,1885.00,,2026-10-06,1885.00,7793360103025
Carrefour,761141,Shampoo Elvive Dream Liso 400 ml,13489.00,,2026-10-06,13489.00,7509552964387
Carrefour,760587,Saborizador puerro Knorr 4 uni,1745.00,,2026-10-06,1745.00,7794000009295
Carrefour,658066,Galletitas de sésamo Granix sin sal 175 g.,1575.00,,2026-10-06,1575.00,7790045826309
Carrefour,731397,Arvejas secas remojadas Carrefour classic sin sal 300 g.,769.00,,2026-10-06,769.00,7791720033487
Carrefour,722815,Mayonesa Dánica dp 250 cc.,1145.00,,2026-10-06,1145.00,7791620187655
Carrefour,277258,Nuez moscada La Parmesana con rallador 2 u.,2429.00,,2026-10-06,2429.00,7796373002378
Carrefour,753423,Maní tostado sin sal Carrefour Classic 105 grs,2190.00,,2026-10-06,2190.00,7791720040669
Carrefour,775524,Mostaza Heinz doypack 350 grs,5700.00,,2026-10-06,5700.00,7800159001049
Carrefour,697265,Salsa alioli Dos Anclas 340 g.,5249.00,,2026-10-06,5249.00,7792900990774
Carrefour,685101,Orégano Alicante sobre 25 g.,1719.00,,2026-10-06,1719.00,7790150540183
Carrefour,781182,Ketchup original Heinz pet 397 grs,6990.00,,2026-10-06,6990.00,13000000758
Carrefour,731398,Choclo en granos Carrefour classic sin sal en lata 300 g.,1690.00,,2026-10-06,1690.00,7791720030097
Carrefour,753424,Maní tostado sin sal Carrefour Classic 350 grs,3790.00,,2026-10-06,3790.00,7791720040676
Carrefour,649790,Condimento para pizza Pergola 25 g. sin TACC,600.00,,2026-10-06,600.00,7797234000717
Carrefour,780740,Mayonesa clásica Hellmans dp 275.5 grs,1679.00,,2026-10-06,1679.00,7794000009714
Carrefour,402727,Pimienta blanca molida 50 g.,3269.00,,2026-10-06,3269.00,2920725800007
Carrefour,695929,Jardinera de verduras Inalpa Vida sin sal 300 g,919.00,,2026-10-06,919.00,7792350067170
Carrefour,735143,Condimento provenzal Carrefour Classic en sobre 25 g.,1390.00,,2026-10-06,1390.00,7791720034453
Carrefour,588608,Galletitas mini crackers Carrefour classic sin sal 300 g.,1790.00,si,2026-10-06,2350.00,7798159717872
Carrefour,692778,Pimentón dulce Alicante sobre 25 g.,1195.00,,2026-10-06,1195.00,7790150564844
Carrefour,649786,Ají molido Pergola 25 g. sin TACC,950.00,,2026-10-06,950.00,7797234000311
Carrefour,752518,Salsa barbacoa Hellmanns dp 250 grs,2829.00,,2026-10-06,2829.00,7794000007802
Carrefour,767689,Jengibre molido La Parmesana en sobre 15 grs,790.00,,2026-10-06,790.00,7798224213261
Carrefour,776303,Ketchup Fanacoa doy pack 250 grs,1465.00,,2026-10-06,1465.00,7794000005198
Carrefour,735138,Adobo para pizza Carrefour Classic en sobre 25 g.,1090.00,,2026-10-06,1090.00,7791720034408
Carrefour,733173,Maní pelado Pehuamar 135 g.,3899.00,,2026-10-06,3899.00,7790310986028
Carrefour,694754,Mayonesa clásica Hellmanns sin tacc doypack 237 g.,1679.00,,2026-10-06,1679.00,7794000006065
Carrefour,702042,Pimentón La campagnola en sobre 23 g.,1399.00,,2026-10-06,1399.00,7790580136246
Carrefour,403813,Especias para tuco 50 g.,1199.00,,2026-10-06,1199.00,2920729100004
Carrefour,775394,aderezo sabor asado Hellmanns dp 250 grs,3425.00,,2026-10-06,3425.00,7794000009431
Carrefour,693826,Laurel en hojas Alicante 10 g.,2279.00,,2026-10-06,2279.00,7790150531181
Carrefour,402706,Condimento para empanadas 50 g.,899.00,,2026-10-06,899.00,2920723800009
Carrefour,699514,Salsa de ají picante Dos Anclas pet 260 g.,3270.00,,2026-10-06,3270.00,7792900990675
Carrefour,731400,Lentejas secas remojadas Carrefour classic sin sal 300 g.,1190.00,,2026-10-06,1190.00,7791720030035
Carrefour,743451,Aderezo Hellmanns picante 250 g,3425.00,,2026-10-06,3425.00,7794000008915
Carrefour,735141,Ají molido Carrefour Classic en sobre 25 g.,1050.00,,2026-10-06,1050.00,7791720034439
Carrefour,777264,Sazonador Maggi Completisimo 180 grs,6798.47,,2026-10-06,6798.47,7460123477814
Carrefour,760580,Saborizador de verdura Knorr en sobre 4 uni,1739.00,,2026-10-06,1739.00,7794000009127
Carrefour,402724,Pesto deshidratado 50 g.,1039.00,,2026-10-06,1039.00,2920725500006
Carrefour,777281,Salsa barbacoa Carrefour Extra 285 grs,3290.00,,2026-10-06,3290.00,7791720049945
Carrefour,723127,Maggi sabor en polvo verduras 5 uni,1309.00,,2026-10-06,1309.00,7891000365472
Carrefour,767684,Ajo granulado La Parmesana en sobre 15 grs,725.00,,2026-10-06,725.00,7798224212431
Carrefour,758183,Curry Alicante 25 grs,1569.00,,2026-10-06,1569.00,7790150532805
Carrefour,748737,Tomillo Carrefour Classic en sobre 15 grs,1150.00,,2026-10-06,1150.00,7791720041215
Carrefour,272889,Tostadas Carrefour sin sal 140 g.,2350.00,,2026-10-06,2350.00,7798033337103
Carrefour,646297,Mostaza Heinz 396 g.,9900.00,,2026-10-06,9900.00,13000002127
Carrefour,402726,Pimienta blanca en grano 50 g.,3269.00,,2026-10-06,3269.00,2920725700000
Carrefour,777278,Salsa burger grill Carrefour Extra 255 grs,3290.00,,2026-10-06,3290.00,7791720049914
Carrefour,402729,Pimienta negra molida 50 g.,2399.00,,2026-10-06,2399.00,2920726000000
Carrefour,402713,Chimichurri 50 g.,2499.00,,2026-10-06,2499.00,2920724400000
Carrefour,692803,Perejil deshidratado Alicante sobre 25 g.,1849.00,,2026-10-06,1849.00,7790150545287
Carrefour,772616,Saborizador finas hierbas Knorr bolsa para horno 21 grs,3425.00,,2026-10-06,3425.00,7794000009318
Carrefour,751306,Romero El Mercado 50 grs,1099.00,,2026-10-06,1099.00,7791720027547
Carrefour,685589,Condimento Alicante pizza sobre 50 g.,2279.00,,2026-10-06,2279.00,7790150490471
Carrefour,721947,Mayonesa Dánica 1 kg.,4400.00,,2026-10-06,4400.00,7791620187679
Carrefour,736966,Condimento para ave La Parmesana en sobre 15 g.,709.00,,2026-10-06,709.00,7798224212349
Carrefour,767686,Pimienta negra molida La Parmesana en sobre 15 grs,969.00,,2026-10-06,969.00,7798224212127
Carrefour,706845,Pimientón La campagnola en sobre 48 g.,2510.00,,2026-10-06,2510.00,7790580136529
Carrefour,747089,Pochoclo orgánico Bamboo sal marina pack 60 grs,4050.00,,2026-10-06,4050.00,7798378750025
Carrefour,767682,Condimento para carnes La Parmesana en sobre 15 grs,730.00,,2026-10-06,730.00,7798224212356
Carrefour,697545,Espinaca deshidratada Knorr 50 g,3330.00,,2026-10-06,3330.00,7794000006140
Carrefour,695933,Porotos alubia Inalpa Vida secos remojados sin sal 300 g.,1345.00,,2026-10-06,1345.00,7792350067231
Carrefour,777284,Salsa ranch Carrefour Extra 255 grs,3290.00,,2026-10-06,3290.00,7791720049976
Carrefour,458135,Saborizador para carnes Sazón 60 g.,1750.00,,2026-10-06,1750.00,7891132001668
Carrefour,730346,Mayonesa Cañuelas 250 cc.,1329.00,,2026-10-06,1329.00,7792180142016
Carrefour,690050,Salsa blanca Alicante sobre 40 g.,1639.00,,2026-10-06,1639.00,7790150580424
Carrefour,751302,Curry El Mercado 50 grs,799.00,,2026-10-06,799.00,7791720027394
Carrefour,697546,Vegetales deshidratados Knorr morrón 75 g,5329.00,,2026-10-06,5329.00,7794000006133
Carrefour,705540,Papas fritas en tubo Carrefour classic sin sal 140 g.,3990.00,,2026-10-06,3990.00,7791720027592
Carrefour,777263,Sazonador Maggi Completisimo con Pimienta 180 grs,6798.47,,2026-10-06,6798.47,7460123477616
Carrefour,668056,Queso magro sin sal La Paulina fraccionado x kg.,23260.00,,2026-10-06,23260.00,2505923000000
Carrefour,743162,Manteca extra sal Conaprole 200 g.,4899.00,,2026-10-06,4899.00,77306456
Carrefour,772617,Saborizador oriental Knorr bolsa para horno 21 grs,3425.00,,2026-10-06,3425.00,7794000009325
Carrefour,702043,Chimichurri disecado La campagnola en sobre 23 g.,1345.00,,2026-10-06,1345.00,7790580136215
Carrefour,720572,Pochoclos Gallo snacks con sal marina 60 g.,3150.00,,2026-10-06,3150.00,7790070431370
Carrefour,660939,Saborizador Ají No Moto 100 g.,2850.00,,2026-10-06,2850.00,7891132012015
Carrefour,751754,Ají molido La Parmesana 15 grs,769.00,,2026-10-06,769.00,7798224212080
Carrefour,712249,Salsa de soja La parmesana reduccion 300 g.,3855.00,,2026-10-06,3855.00,7798224210390
Carrefour,767691,Condimento para tacos La Parmesana en sobre 15 grs,889.00,,2026-10-06,889.00,7798224213384
Carrefour,714215,Pimienta blanca La campagnola en grano sobre 23 g.,2229.00,,2026-10-06,2229.00,7790580136116
Carrefour,697548,Vegetales deshidratados Knorr zanahoria 100 g,3329.00,,2026-10-06,3329.00,7794000006126
Carrefour,782341,Galletas marineras sin sal Carrefour Classic 220 grs,1790.00,,2026-10-06,1790.00,7791720050347
Carrefour,776307,Barra de cereal Flow Cereal de cajú con caramelo y sal 30 grs,1089.00,,2026-10-06,1089.00,7790380020325
Carrefour,700207,Ketchup Helmanns regular squeeze 400 g.,6399.00,,2026-10-06,6399.00,7794000006171
Carrefour,760868,Orégano La Parmesana en sobre 35 grs,1459.00,,2026-10-06,1459.00,7798224213315
Carrefour,761142,Shampoo Elvive dream liso 750 ml,22989.00,,2026-10-06,22989.00,7509552964424
Carrefour,706842,Pimienta negra molida La campagnola en sobre 23 g.,1850.00,,2026-10-06,1850.00,7790580136079
Carrefour,649798,Perejil deshidratado Pérgola 25 g. sin TACC,515.00,,2026-10-06,515.00,7797234000403
Carrefour,668763,Molinillo mix de pimientas Indo Deli 65 g.,7550.00,,2026-10-06,7550.00,7798053651104
Carrefour,784027,Aderezo sabor pesto Hellmanss dp 250 grs,3425.76,,2026-10-06,3425.76,7794000009677
Carrefour,776304,Mostaza Fanacoa doy pack 250 grs,1019.00,,2026-10-06,1019.00,7794000005204
Carrefour,777280,Salsa chimichurri Carrefour Extra 270 grs,3290.00,,2026-10-06,3290.00,7791720049938
Carrefour,748736,Comino molido Carrefour Classic en sobre 25 grs,1290.00,,2026-10-06,1290.00,7791720041239
Carrefour,458151,Saborizador para verduras Sazón 60 g.,1487.50,si,2026-10-06,1750.00,7891132001682
Carrefour,697264,Salsa sabor queso cheddar Dos Anclas 350 g.,5269.00,,2026-10-06,5269.00,7792900990750
Carrefour,718890,Maní tostado pelado sin sal x kg,8399.00,,2026-10-06,8399.00,2508755000002
Carrefour,706846,Adobo para carne La campagnola en sobre 23 g.,1359.00,,2026-10-06,1359.00,7790580135782
Carrefour,765230,Sazonador La Parmesana sabor mostaza y miel 20 grs,1519.00,,2026-10-06,1519.00,7798224213469
Carrefour,660871,Saborizador para salsas Sazón 60 g.,1225.00,si,2026-10-06,1750.00,7891132001699
Carrefour,774348,Molinillo nuez moscada Carrefour Extra 60 grs,6590.00,,2026-10-06,6590.00,7791720049822
Carrefour,751310,Perejil deshidratado El Mercado 50 grs,1135.00,,2026-10-06,1135.00,7791720027462
Carrefour,733155,Orégano La Parmesana 15 g.,899.00,,2026-10-06,899.00,7798224212240
Carrefour,702037,Provenzal La campagnola en sobre 23 g.,1600.00,,2026-10-06,1600.00,7790580136086
Carrefour,749665,Molinillo Carrefour Extra mix de pimientas 50 grs,8790.00,,2026-10-06,8790.00,7791720039564
Carrefour,767692,Condimento para wok La Parmesana en sobre 15 grs,889.00,,2026-10-06,889.00,7798224213391
Carrefour,778770,Mix de sabores picante Knorr 24 grs,1900.00,,2026-10-06,1900.00,7794000009479
Carrefour,751755,Curry La Parmesana en sobre 15 grs,725.00,,2026-10-06,725.00,7798224212363
Carrefour,588256,Verduras deshidratadas 100 g.,2070.00,,2026-10-06,2070.00,2658235000005
Carrefour,743452,Aderezo Hellmanns picante 340 g,4054.50,si,2026-10-06,4770.00,7794000008922
Carrefour,781183,Salsa sweet relish Heinz 360 grs,9990.00,,2026-10-06,9990.00,13000001373
Carrefour,781184,Ketchup sin azúcar agregada Heinz sqz 368.5 grs,11650.00,,2026-10-06,11650.00,13000007993
Carrefour,693825,Laurel triturado Alicante 25 g.,2145.00,,2026-10-06,2145.00,7790150530320
Carrefour,458139,Saborizador Sazón 60 g.,1400.00,si,2026-10-06,1750.00,7891132001675
Carrefour,695932,Garbanzos Inalpa Vida secos remojados sin sal 300 g.,1080.00,,2026-10-06,1080.00,7792350067224
Carrefour,439563,Condimento para pescado La Parmesana 20 g.,979.00,,2026-10-06,979.00,7796373114101
Carrefour,714824,Mayonesa liviana Hellmanns doypack 237 g.,1679.00,,2026-10-06,1679.00,7794000007093
Carrefour,702041,Orégano La campagnola en sobre 23 g.,1600.00,,2026-10-06,1600.00,7790580136550
Carrefour,718935,Pimentón x kg,14499.00,,2026-10-06,14499.00,2508793000002
Carrefour,743161,Manteca sin sal Conaprole 200 g.,4899.00,,2026-10-06,4899.00,77306197
Carrefour,767690,Laurel molido La Parmesana en sobre 25 grs,779.00,,2026-10-06,779.00,7796373113104
Carrefour,717674,Salsa barbacoa Dos Anclas pet 410 grs,4405.00,,2026-10-06,4405.00,7792900990682
Carrefour,710578,Mayonesa Hellmanns ajo squeeze 340 g,4770.00,,2026-10-06,4770.00,7794000006539
Carrefour,718934,Provenzal x kg,15999.00,,2026-10-06,15999.00,2508792000003
Carrefour,775519,Mayonesa real Kraft mayo regular en pote 394 grs,10990.00,,2026-10-06,10990.00,21000026968
Carrefour,784028,Aderezo sabor pesto Hellmanns 340 grs,4770.24,,2026-10-06,4770.24,7794000009660
Carrefour,735142,Condimento chimichurri Carrefour Classic en sobre 25 g.,1350.00,,2026-10-06,1350.00,7791720034446
Carrefour,748738,Molinillo Carrefour Extra sal marina 120 grs,8790.00,,2026-10-06,8790.00,7791720041246
Carrefour,767687,Chimichurri en polvo La Parmesana en sobre 15 grs,769.00,,2026-10-06,769.00,7798224212035
Carrefour,751304,Verduras deshidratadas El Mercado 100 grs,2179.00,,2026-10-06,2179.00,7791720027578
Carrefour,783666,Maggi Papelitos Sazonadores Ajo y Cebolla 23.4 grs,4675.72,,2026-10-06,4675.72,8585002432315
Carrefour,718933,Orégano x kg,12999.00,,2026-10-06,12999.00,2508791000004
Carrefour,783668,Maggi Papelitos Sazonadores Finas Hierbas 23.4 grs,4675.72,,2026-10-06,4675.72,8585002432339
Carrefour,764460,Especias parrilla carnes Alicante 25 grs,1575.00,,2026-10-06,1575.00,7790150533208
Carrefour,778196,Pesto siciliano Carrefour Extra 200 grs,10790.00,,2026-10-06,10790.00,7791720043059
Carrefour,408872,Molinillo Indo Deli pimienta negra 55 g.,7759.00,,2026-10-06,7759.00,7798053651234
Carrefour,751308,Pesto El Mercado 50 grs,1029.00,,2026-10-06,1029.00,7791720027479
Carrefour,654269,Galletitas marineras Don Pancho sin sal 220 g.,1760.00,,2026-10-06,1760.00,7798033900154
Carrefour,760583,Saborizador hongos Knorr 4 uni,1745.00,,2026-10-06,1745.00,7794000009158
Carrefour,683980,Salsa champignones Alicante sobre 35 g.,3545.00,,2026-10-06,3545.00,7790150585412
Carrefour,770563,Mix full energy sin sal Carrefour Classic 40 grs,2090.00,,2026-10-06,2090.00,7791720048320
Carrefour,718939,Aji molido x kg,14299.00,,2026-10-06,14299.00,2508797000008
Carrefour,479326,Salsa de soja Darama sin sal agregada 220 cc.,4750.00,,2026-10-06,4750.00,7790377000521
Carrefour,691017,Mayonesa Tau con chimichurri pet 300 g.,4679.00,,2026-10-06,4679.00,7798146139113
Carrefour,741006,Condimento para carne blancas Alicante en sobre 25 g.,1365.00,,2026-10-06,1365.00,7790150495360
Carrefour,764458,Especias parrilla hamburguesas Alicante 25 grs,1575.00,,2026-10-06,1575.00,7790150533000
Carrefour,765229,Sazonador La Parmesana sabor criolla 20 grs,1519.00,,2026-10-06,1519.00,7798224213452
Carrefour,677249,Mayonesa picante TAU botella pet 300 g.,4125.00,,2026-10-06,4125.00,7798146139106
Carrefour,723657,Salsa sriracha Pampagourmet en botella 300 g.,9389.00,,2026-10-06,9389.00,7798131061399
Carrefour,718815,Mostaza picante Buffalo 240 g.,3620.00,,2026-10-06,3620.00,7798224211564
Carrefour,783667,Maggi Papelitos Sazonadores a la Leña 24 grs,4675.72,,2026-10-06,4675.72,7613037012637
Carrefour,421628,Salsa barbacoa Kraft ahumada bulls eye 510 g.,7295.00,,2026-10-06,7295.00,19582392236
Carrefour,459575,Salsa picante Chipotte Tabasco base pimientos 60 ml,12500.00,,2026-10-06,12500.00,11210607033
Carrefour,702044,Adobo pizza disecado La campagnola en sobre 23 g.,1345.00,,2026-10-06,1345.00,7790580135737
Carrefour,692788,Anis en grano Alicante sobre 25 g.,1280.00,,2026-10-06,1280.00,7790150420331
Carrefour,782643,Medallones de carne sin sal Unión Ganadera 2 uni,6570.00,,2026-10-06,6570.00,7793281493946
Carrefour,685582,Condimento Alicante chicmichurri sobre 25 g.,1499.00,,2026-10-06,1499.00,7790150445365
Carrefour,765228,Sazonador Las Parmesana sabor finas hierbas 20 grs,1519.00,,2026-10-06,1519.00,7798224213445
Carrefour,398774,Canela molida La Parmesana en sobre 25 grs,1639.00,,2026-10-06,1639.00,7796373002736
Carrefour,784040,Galletitas crackers sin sal Solitas 500 grs,2869.46,,2026-10-06,2869.46,7792684000249
Carrefour,555407,Salsa barbacoa La Parmesana 300 g.,4889.00,,2026-10-06,4889.00,7796373000657
Carrefour,764459,Especias parrilla chimichurri Alicante 25 grs,1575.00,,2026-10-06,1575.00,7790150533109
Carrefour,685115,Saborizador Alicante bolsa horno criollo 21 g.,2849.00,,2026-10-06,2849.00,7790150497951
Carrefour,286841,Salsa picante Garlic Pepper Sauce base pimientos Tabasco pet 60 ml,10489.00,,2026-10-06,10489.00,11210007253
Carrefour,700947,Manteca Ghee sin TACC cows pure sal himalaya 150 g.,17859.00,,2026-10-06,17859.00,8904150128329
Carrefour,635355,Molinillo 1854 mediterráneo jlm 85 g.,4085.00,,2026-10-06,4085.00,7798109288155
Carrefour,774349,Molinillo Blen Mediterraneo Carrefour Extra 85 grs,8790.00,,2026-10-06,8790.00,7791720049839
Carrefour,779704,Zanahoria deshidratada Carrefour Classic 100 grs,3190.00,,2026-10-06,3190.00,7791720051658
Carrefour,340061,Salsa de soja y hongos Lee Kum Kee en botella 500 ml,15689.00,,2026-10-06,15689.00,78895128895
Carrefour,762720,Tostaditas finas sin sal 110 grs,2390.00,,2026-10-06,2390.00,7794529042483
Carrefour,717260,Maní pelado Krachitos tostados sin sal 110 g.,2609.00,,2026-10-06,2609.00,7794520869041
Carrefour,785164,Papas fritas rusticas con sal marina Lays 86 grs,4850.00,,2026-10-06,4850.00,7790310988480
Carrefour,167024,Resaltador de sabores Ají No Moto 100 g.,5019.00,,2026-10-06,5019.00,7891132011018
Carrefour,730586,Salsa chimichurri picante Buffalo 245 g.,3215.00,,2026-10-06,3215.00,7798224211861
Carrefour,739726,Salsa de mostaza con miel orgánica Pampagourmet en botella 170 g.,8830.00,,2026-10-06,8830.00,7798131061924
Carrefour,718938,Chimichurri x kg,11099.00,,2026-10-06,11099.00,2508796000009
Carrefour,739722,Mayonesa orgánica sin tacc Pampagourmet en frasco 290 g.,8830.00,,2026-10-06,8830.00,7798131061870
Carrefour,708044,Salsa mostaza Aleluya con miel suave 335 g.,6060.00,,2026-10-06,6060.00,7790158229677
Carrefour,685121,Saborizador Alicante bolsa horno barbacoa 25 g.,2849.00,,2026-10-06,2849.00,7790150498101
Carrefour,473092,Salsa caesar La Parmesana 300 g.,4689.00,,2026-10-06,4689.00,7796373002873
Carrefour,712663,Mostaza alemana Arytza en frasco 360 g.,7429.00,,2026-10-06,7429.00,7798126291060
Carrefour,712668,Mayonesa ahumada Arytza en frasco 360 g.,10950.00,,2026-10-06,10950.00,7798126290896
Carrefour,555394,Salsa provenzal La parmesana pet 300 cc.,3815.00,,2026-10-06,3815.00,7796373001173
Carrefour,718936,Adobo para pizza x kg,11499.00,,2026-10-06,11499.00,2508794000001
Carrefour,733178,Maní frito de sal y limón Maniax 95 g.,2850.00,,2026-10-06,2850.00,7790310985960
Carrefour,254982,Salsa de soja premium Sakura en botella de vidrio 150 ml,6400.00,,2026-10-06,6400.00,7896007810017
Carrefour,775395,Aderezo sabor asado Hellmanns sqz 340 grs,3816.00,si,2026-10-06,4770.00,7794000009424
Carrefour,644653,Molinillo 1854 nuez moscada 60 g.,8180.00,,2026-10-06,8180.00,7798109288933
Carrefour,767170,Aderezo bacon Hellmanns Stranger Things 250 grs,3425.00,,2026-10-06,3425.00,7794000009417
Carrefour,685295,Salsa habanero Tabasco botella 60 ml.,18750.00,,2026-10-06,18750.00,11210006508
Carrefour,779703,Morrón deshidratada Carrefour Classic 75 grs,4490.00,,2026-10-06,4490.00,7791720051672
Carrefour,685109,Saborizador Alicante bolsa horno albahaca ajo 21 g.,2849.00,,2026-10-06,2849.00,7790150498002
Carrefour,473090,Salsa cuatro quesos La Parmesana pet 300 g.,3849.00,,2026-10-06,3849.00,7796373002866
Carrefour,764432,Mostaza con miel Maille 200 ml,17750.00,,2026-10-06,17750.00,43646204005
Carrefour,678675,Nubes de ajo San Giorgio 30 g.,5529.00,,2026-10-06,5529.00,7798040891278
Carrefour,707106,Condimento para tacos La Parmesana en frasco 50 g,4010.00,,2026-10-06,4010.00,7798224210895
Carrefour,498931,Molinillo Indo Deli parrillero 80 g.,7759.00,,2026-10-06,7759.00,7798053650138
Carrefour,685490,Kétchup Pampagourmet orgánico botella 285 g.,8155.00,,2026-10-06,8155.00,7798131061511
Carrefour,601497,Dressing mostaza y miel Sueño verde 200 g.,7390.00,,2026-10-06,7390.00,7798096881148
Carrefour,711884,Molinillo sal y pimienta 1854 pet 110 g.,5619.00,,2026-10-06,5619.00,7798109289411
Carrefour,555386,Salsa cheddar La Parmesana pet 300 cc.,4949.00,,2026-10-06,4949.00,7796373000220
Carrefour,601491,Aderezo Sueño Verde dressing cesar 200 g.,7999.00,,2026-10-06,7999.00,7798096881124
Carrefour,759163,Tostadas sin sal gruesas 200 grs,2399.00,,2026-10-06,2399.00,7794529041868
Carrefour,777641,Salsa verde Herdez 240 grs,8100.00,,2026-10-06,8100.00,7501003115843
Carrefour,703574,Salsa barbacoa Casalta 335 g.,5649.00,,2026-10-06,5649.00,7790139100575
Carrefour,762494,Salsa ranchera La Costeña en botella 250 grs,8999.00,,2026-10-06,8999.00,7501017005932
Carrefour,171393,Salsa picante Tabasco Mild 60 cc.,13089.00,,2026-10-06,13089.00,11210009387
Carrefour,577132,Molinillo al romero Indo Deli 50 g.,7659.00,,2026-10-06,7659.00,7798053650367
Carrefour,697196,Salsa honey ketchup Aleluya 200 g.,3775.00,,2026-10-06,3775.00,7790158229660
Carrefour,778192,Salsa de chipotle La Costeña 140 ml,6979.00,,2026-10-06,6979.00,7501017006045
Carrefour,1758260,Molinillo Inoxidable 2 en 1 Cuk by Gadnic Sal Pimienta Especias,19999.00,si,2026-10-06,25999.00,7798427512185
Carrefour,408878,Molinillo Indo Deli del asador 80 g.,7659.00,,2026-10-06,7659.00,7798053651302
Carrefour,478514,Molinillo salad bar Indo Deli 55 g.,7659.00,,2026-10-06,7659.00,7798053651432
Carrefour,605036,Salsa agridulce Lee Kum Kee 240 g.,13739.00,,2026-10-06,13739.00,78895720051
Carrefour,440220,Salsa hot La Costeña en botella 450 grs,16449.00,,2026-10-06,16449.00,76397030234
Carrefour,785009,Barras proteicas Zafrán de cajú y sal marina 49 grs,2700.00,,2026-10-06,2700.00,7798187761120
Carrefour,767169,Aderezo bacon Hellmanns Stranger Things 340 grs,4770.00,,2026-10-06,4770.00,7794000009394
Carrefour,697195,Salsa honey barbecue Aleluya 205 g.,3980.00,,2026-10-06,3980.00,7790158229646
Carrefour,1758221,Pimentero Molinillo De Mano Gadnic M5L Pimienta Sal Vidrio,9999.00,si,2026-10-06,12999.00,7427251186131
Carrefour,778190,Salsa guacamole La Costeña 250 grs,12699.00,,2026-10-06,12699.00,7501017051267
Carrefour,752473,Pimentón molido ahumado Zoraida 75 grs,8999.00,,2026-10-06,8999.00,7791351008120
Carrefour,779702,Espinaca deshidratada Carrefour Classic 50 grs,3190.00,,2026-10-06,3190.00,7791720051665
Carrefour,762496,Salsa verde La Costeña en botella 250 grs,9899.00,,2026-10-06,9899.00,7501017005925
Carrefour,678673,Salsa habanero tipo México Cepera 270 ml.,11529.00,,2026-10-06,11529.00,7896025804074
Carrefour,718940,Pesto deshidratado x kg,15699.00,,2026-10-06,15699.00,2508798000007
Carrefour,668756,Molinillo Indo Deli salerosa 65 g.,7550.00,,2026-10-06,7550.00,7798053652095
Carrefour,785006,Barras proteicas Zafrán de cajú y sal marina 147 grs,9990.00,,2026-10-06,9990.00,7798187761182
Carrefour,752472,Salsa sriracha Hashi 250 grs,7999.00,,2026-10-06,7999.00,7791479005414
Carrefour,691433,Salsa pomodoro e basilico x kg.,22500.00,,2026-10-06,22500.00,2506801000006
Carrefour,752462,Salsa de soja Bitarwan light 250 ml,6499.00,,2026-10-06,6499.00,7798068450143
Carrefour,669429,Yerba mate Playadito suave con palo 1 kg.,5209.00,,2026-10-06,5209.00,7793704000928
Carrefour,668363,Yerba mate Mañanita bajo polvo 4flex 1 kg,3590.00,si,2026-10-06,5370.00,7790387015317
Carrefour,770565,Yerba mate La Merced Campo Sur 1 kg,6700.00,,2026-10-06,6700.00,7790387015447
Carrefour,668361,Yerba mate Mañanita bajo polvo 4flex 500 g,2750.00,,2026-10-06,2750.00,7790387015324
Carrefour,669425,Yerba mate Playadito con palo 500 g.,2759.00,,2026-10-06,2759.00,7793704000911
Carrefour,544972,Yerba mate Amanda tradicional 500 grs,2495.00,,2026-10-06,2495.00,7792710000182
Carrefour,544974,Yerba mate Amanda tradicional 1 kg.,4989.00,,2026-10-06,4989.00,7792710000175
Carrefour,713946,Yerba mate La tranquera liviana 1 kg,3820.00,,2026-10-06,3820.00,7790480089963
Carrefour,718429,Yerba mate sabor hierbas Buenas y Santas 500 grs,3450.00,,2026-10-06,3450.00,7790387800197
Carrefour,668365,Yerba mate Taragüi con palo origen controlado 1 kg.,5350.00,,2026-10-06,5350.00,7790387013610
Carrefour,684360,Yerba mate Cbsé con hierbas serranas 1 kg.,5040.00,,2026-10-06,5040.00,7790710334573
Carrefour,490197,Yerba mate Verdeflor con hierbas serranas 1 kg.,4489.00,,2026-10-06,4489.00,7793670000076
Carrefour,679311,Yerba mate suave Unión 4flex 1 kg.,5369.00,,2026-10-06,5369.00,7790387014617
Carrefour,695941,Yerba mate Cruz de Malta con palo sin TACC 1 kg.,5199.00,,2026-10-06,5199.00,7790070509055
Carrefour,713945,Yerba mate La tranquera liviana 500 g,1920.00,,2026-10-06,1920.00,7790480089956
Carrefour,684362,Yerba mate Cbsé naranja 500 g.,2710.00,,2026-10-06,2710.00,7790710334580
Carrefour,517286,Yerba mate Playadito sin palo 500 g.,3600.00,,2026-10-06,3600.00,7793704000881
Carrefour,708486,Yerba mate Arroyo Verde suave tradicional 500 g.,1299.00,,2026-10-06,1299.00,7792280005754
Carrefour,350876,Yerba mate Verdeflor con hierbas serranas 500 g.,2469.00,,2026-10-06,2469.00,7793670000052
Carrefour,668369,Yerba mate Taragüi con palo origen controlado 4flex 500 g.,2889.00,,2026-10-06,2889.00,7790387013627
Carrefour,778732,Yerba mate tradicional Baldo 500 grs,7850.00,,2026-10-06,7850.00,7730241003906
Carrefour,677786,Yerba mate con palo especial La Tranquera 500 g,2225.00,,2026-10-06,2225.00,7790480089734
Carrefour,773098,Yerba mate tradicional Andresito 1 kg,3835.00,,2026-10-06,3835.00,7798039850019
Carrefour,664190,Yerba Mate Nobleza Gaucha Selección x 1 Kg.,4749.00,,2026-10-06,4749.00,7790070507280
Carrefour,778796,Yerba mate CBSé con hierbas serranas 550 grs,2710.00,,2026-10-06,2710.00,7790710334818
Carrefour,672943,Yerba mate 4flex liviana Unión 1 kg.,5999.00,,2026-10-06,5999.00,7790387014136
Carrefour,694583,Yerba mate Chamigo con palo 500 g.,1950.00,,2026-10-06,1950.00,7790070509123
Carrefour,672941,Yerba mate sin palo 4flex Taragüi 1 kg.,7039.00,,2026-10-06,7039.00,7790387013498
Carrefour,687634,Yerba mate Cachamate rosa paquete 1 kg.,4819.00,,2026-10-06,4819.00,7792280005716
Carrefour,544607,Yerba mate Amanda selección especial 1 kg.,5205.00,,2026-10-06,5205.00,7792710000106
Carrefour,618019,Yerba mate Cachamate hierbas del litoral lemon grass 500 g.,2549.00,,2026-10-06,2549.00,7792280000605
Carrefour,712240,"Yerba mate Cachamate sabor coco 500 g,",2730.00,,2026-10-06,2730.00,7792280005785
Carrefour,672936,Yerba mate de campo orígen controlado La Merced 500 g.,4770.00,,2026-10-06,4770.00,7790387015607
Carrefour,685617,Yerba mate Cachamate hierbas rosas 500 g.,2549.00,,2026-10-06,2549.00,7792280005693
Carrefour,699510,Yerba mate Amanda con hierbas serranas 500 g.,2359.00,,2026-10-06,2359.00,7792710006450
Carrefour,603490,Yerba mate La Cumbrecita 1 kg.,3639.00,,2026-10-06,3639.00,7790217000018
Carrefour,698618,Yerba mate Cruz de Malta con palo 500 g.,2699.00,,2026-10-06,2699.00,7790070509048
Carrefour,744253,Yerba mate Mateando 500 g.,2730.00,,2026-10-06,2730.00,7790710334757
Carrefour,548163,Yerba mate Amanda sin palo 500 g.,2799.00,,2026-10-06,2799.00,7792710000380
Carrefour,695685,Yerba mate Chamigo con palo sin tacc 1 kg.,3729.00,,2026-10-06,3729.00,7790070509017
Carrefour,685616,Yerba mate Cachamate hierbas serranas 500 g.,2549.00,,2026-10-06,2549.00,7792280005730
Carrefour,694893,Yerba mate Unión liviana 500 g.,3019.00,,2026-10-06,3019.00,7790387014143
Carrefour,664187,Yerba mate selección Nobleza Gaucha 500 g.,2499.00,,2026-10-06,2499.00,7790070507273
Carrefour,672942,Yerba mate sin palo 4flex Taragüi 500 g.,3609.00,,2026-10-06,3609.00,7790387013504
Carrefour,591374,Yerba mate Verdeflor boldo 500 g.,2469.00,,2026-10-06,2469.00,7793670000014
Carrefour,664192,Yerba mate Cruz De Malta natural 1 kg.,5700.00,,2026-10-06,5700.00,7790070507266
Carrefour,681098,Yerba mate suave Amanda 1 kg.,5155.00,,2026-10-06,5155.00,7792710006443
Carrefour,659387,Yerba mate con burrito Arregui 500 g.,1990.00,,2026-10-06,1990.00,7798067630485
Carrefour,679242,Yerba mate con palo Carrefour Classic sin TACC 500 g.,2150.00,,2026-10-06,2150.00,7791720024768
Carrefour,684357,Yerba mate Cbsé frutos del bosque 500 g.,2710.00,,2026-10-06,2710.00,7790710334702
Carrefour,613804,Yerba mate sin palo Canarias 500 g.,8300.00,,2026-10-06,8300.00,7730241003661
Carrefour,695689,Yerba mate Cachamate hierbas serranas 1 kg.,4619.00,,2026-10-06,4619.00,7792280005723
Carrefour,350877,Yerba mate Verdeflor con menta 500 g.,2469.00,,2026-10-06,2469.00,7793670000670
Carrefour,687632,Yerba mate Cachamate amarilla paquete 500 g.,2549.00,,2026-10-06,2549.00,7792280005686
Carrefour,575415,Yerba mate Amanda premium 500 g.,3915.00,,2026-10-06,3915.00,7792710000052
Carrefour,684363,Yerba mate Cbsé limón 500 g.,2710.00,,2026-10-06,2710.00,7790710334597
Carrefour,741495,Yerba mate con palo suave Carrefour Classic 1 kg.,4050.00,,2026-10-06,4050.00,7791720036983
Carrefour,773096,Yerba mate tradicional Andresito 500 grs,2069.00,,2026-10-06,2069.00,7798039850026
Carrefour,603491,Yerba mate Amanda selección especial 500 g.,2975.00,,2026-10-06,2975.00,7792710000090
Carrefour,183887,Yerba mate La Cumbrecita con palo 500 g.,2070.00,,2026-10-06,2070.00,7790217000032
Carrefour,664188,Yerba mate Cruz De Malta natural 500 g.,3020.00,,2026-10-06,3020.00,7790070507389
Carrefour,197745,Yerba mate Verdeflor con naranja 500 g.,2469.00,,2026-10-06,2469.00,7793670000632
Carrefour,672939,Yerba mate campo y monte La Merced 500 g.,4770.00,,2026-10-06,4770.00,7790387015638
Carrefour,684361,Yerba mate Cbsé con hierbas serranas 500 g.,2710.00,,2026-10-06,2710.00,7790710334535
Carrefour,697155,Yerba mate Natura 500 g.,1829.00,,2026-10-06,1829.00,7792198006621
Carrefour,681099,Yerba mate suave Amanda 500 g.,2789.00,,2026-10-06,2789.00,7792710006436
Carrefour,152192,Yerba mate Romance suave 1 kg.,4800.00,,2026-10-06,4800.00,7790802000164
Carrefour,684364,Yerba mate Cbsé pomelo 500 g.,2710.00,,2026-10-06,2710.00,7790710334610
Carrefour,235156,Yerba mate La cumbrecita con hierbas naturales 500 g.,2315.00,,2026-10-06,2315.00,7790217000544
Carrefour,684353,Yerba mate Cbsé miel 500 g.,2710.00,,2026-10-06,2710.00,7790710334658
Carrefour,696124,Yerba mate La Tranquera especial suave con palo 1 kg,4499.00,,2026-10-06,4499.00,7790480089949
Carrefour,783205,Yerba mate con palo Bulnez 1 kg,3290.00,,2026-10-06,3290.00,7791720051818
Carrefour,672940,Yerba mate campo sur La Merced 500 g.,4770.00,,2026-10-06,4770.00,7790387015645
Carrefour,695684,Yerba mate Cruz de Malta manzanilla sin TACC 500 g.,2730.00,,2026-10-06,2730.00,7790070509079
Carrefour,741494,Yerba mate con palo suave Carrefour Classic 500 g.,2090.00,,2026-10-06,2090.00,7791720036976
Carrefour,717264,Yerba mate suave Cachamate naranja 500 g.,2589.00,,2026-10-06,2589.00,7792280000285
Carrefour,783204,Yerba mate con palo Bulnez 500 grs,1790.00,,2026-10-06,1790.00,7791720051825
Carrefour,773097,Yerba mate suave Andresito 500 grs,2229.00,,2026-10-06,2229.00,7798039850422
Carrefour,779053,Yerba mate suave con palo Carrefour Classic 1 kg,4050.00,,2026-10-06,4050.00,7791720049761
Carrefour,761606,Yerba mate tradicional Cachamai estacionada 1 kg,4619.00,,2026-10-06,4619.00,7792280006157
Carrefour,739299,Yerba mate Salam 500 g.,3395.00,,2026-10-06,3395.00,724373569895
Carrefour,741493,Yerba mate con palo suave Carrefour Classic 250 g.,1690.00,,2026-10-06,1690.00,7791720036969
Carrefour,765528,Yerba mate serrana Carrefour Classic 500 grs,2350.00,,2026-10-06,2350.00,7791720046135
Carrefour,779054,Yerba mate suave con palo Carrefour Classic 500 grs,1890.00,,2026-10-06,1890.00,7791720049747
Carrefour,751045,Yerba mate tradicional Cachamai estacionada 500 grs,2729.00,,2026-10-06,2729.00,7792280006140
Carrefour,679241,Yerba mate sabor naranja Carrefour Classic sin TACC 500 grs,2350.00,,2026-10-06,2350.00,7791720024751
Carrefour,765527,Yerba mate digestiva Carrefour Classic 500 grs,2350.00,,2026-10-06,2350.00,7791720046142
Carrefour,684356,Yerba mate Cbsé hierbas cuyanas 500 g.,2710.00,,2026-10-06,2710.00,7790710334689
Carrefour,152286,Yerba mate Romance suave 500 g.,2499.00,,2026-10-06,2499.00,7790802000171
Carrefour,684354,Yerba mate Cbsé endulife dr. cormillot 500 g.,2710.00,,2026-10-06,2710.00,7790710334665
Carrefour,760169,Yerba mate selección Carrefour Extra en caja 500 grs,3890.00,,2026-10-06,3890.00,7791720034835
Carrefour,679244,Yerba mate sabor a menta Carrefour Classic sin TACC 500 grs,2350.00,,2026-10-06,2350.00,7791720024782
Carrefour,759798,Yerba negra Don Basilio suave 500 grs,2489.00,,2026-10-06,2489.00,763571871010
Carrefour,367575,Yerba mate Aguantadora con palo 500 g.,2285.00,,2026-10-06,2285.00,7790326001302
Carrefour,367573,Yerba mate Aguantadora con palo 1 kg.,4760.00,,2026-10-06,4760.00,7790326000558
Carrefour,672190,Yerba mate sabor limón Adelgamate 500 g.,2789.00,,2026-10-06,2789.00,7798028020461
Carrefour,443164,Yerba mate Aguantadora sin palo 500 g.,2525.00,,2026-10-06,2525.00,7790326000039
Carrefour,682153,Yerba mate suave especial Sinceridad 500 g.,2359.00,,2026-10-06,2359.00,7790326012216
Carrefour,672185,Yerba mate sabor naranja Adelgamate 500 g.,2789.00,,2026-10-06,2789.00,7798028020485
Carrefour,443163,Yerba mate Aguantadora con palo suave 1 kg.,4709.00,,2026-10-06,4709.00,7790326003214
Carrefour,682155,Yerba mate suave especial Sinceridad 1 kg.,5019.00,,2026-10-06,5019.00,7790326012223
Carrefour,778981,Yerba en lata mundialista Carrefour Extra 500 grs,19990.00,,2026-10-06,19990.00,7791720051849
Carrefour,679243,Yerba mate con palo Carrefour Classic sin TACC 1 kg,3990.00,,2026-10-06,3990.00,7791720024775
Carrefour,668366,Yerbe mate suave Unión original controlado 4flex 500 grs,2890.00,,2026-10-06,2890.00,7790387014624
Carrefour,680345,Mate cocido en saquitos Nobleza Gaucha x 100 uni,4685.00,,2026-10-06,4685.00,7790070508829
Carrefour,747831,Lata Sellos hava yerba con pico (Modelos Surtidos),8990.00,,2026-10-06,8990.00,7798340511739
Carrefour,7593,Mate listo Taragüi 1 u.,1485.00,,2026-10-06,1485.00,7790387120363
Carrefour,761318,Mate autocebante Fluvion minoico con saca yerba 350 cc (Modelos Surtidos),8990.00,,2026-10-06,8990.00,7795812000272
Carrefour,676752,Leche Protein La Serenisima 1L,3119.00,,2026-10-06,3119.00,7790742358608
Carrefour,720720,Leche La serenisima liviana 1% 1L,1939.00,si,2026-10-06,2915.00,7790742363107
Carrefour,654827,Leche UAT Zero lactosa La Serenisima 1L,3119.00,,2026-10-06,3119.00,7790742333605
Carrefour,720719,Leche La serenisima clásica 3% 1L,1939.00,si,2026-10-06,2915.00,7790742363008
Carrefour,720023,Leche UAT parcialmente descremada Carrefour classic brik 1 lt.,1790.00,si,2026-10-06,2390.00,7791720029411
Carrefour,720021,Leche ulta parcial descremada Carrefour classic sachet 1 lt.,1890.00,,2026-10-06,1890.00,7791720029756
Carrefour,679521,Leche La Serenísima ultra entera multivit 3% sachet 1 lt,2049.00,,2026-10-06,2049.00,7790742348302
Carrefour,720022,Leche UAT entera Carrefour classic brik 1 lt.,1790.00,si,2026-10-06,2390.00,7791720029404
Carrefour,663213,Leche La Serenísima ultra parc descremada multivit 1% sachet 1 lt,2049.00,,2026-10-06,2049.00,7790742348005
Carrefour,681344,Leche descremada uat Tregar brik 1 l.,2550.00,,2026-10-06,2550.00,7793913012996
Carrefour,613582,Leche entera larga vida Tregar 1 l.,2550.00,,2026-10-06,2550.00,7793913001822
Carrefour,644672,Leche descremada larga vida Las tres niñas 1 l.,2750.00,,2026-10-06,2750.00,7798338290035
Carrefour,644673,Leche entera larga vida Las tres niñas 1 l.,2860.00,,2026-10-06,2860.00,7798338290028
Carrefour,720020,Leche ultra entera Carrefour classic sachet 1 lt.,1890.00,,2026-10-06,1890.00,7791720029749
Carrefour,776759,Leche liviana UAT clásica Bulnez 1 lt,1890.00,,2026-10-06,1890.00,7791720049693
Carrefour,774769,Leche con proteina Las Tres Niñas Vida Activa 1 lt,3119.00,,2026-10-06,3119.00,7798338291803
Carrefour,776758,Leche clásica UAT Bulnez 1 lt,1890.00,,2026-10-06,1890.00,7791720049686
Carrefour,721389,Leche parcialmente descremada UAT Carrefour classic tetra 1 lt.,1790.00,si,2026-10-06,2390.00,7791720029473
Carrefour,783660,Leche ultra descremada La Serenísima Protein sachet 1 lt,2379.00,,2026-10-06,2379.00,7790742352101
Carrefour,703955,Leche entera Casanto 3 ultra para sachet 1 l.,1785.00,,2026-10-06,1785.00,7790742192301
Carrefour,703957,Leche descremada Casanto 1 ultra para sachet 1 l.,1785.00,,2026-10-06,1785.00,7790742192103
Carrefour,735951,Leche en polvo descremada 1% Carrefour classic pouch 400 g.,6390.00,,2026-10-06,6390.00,7791720031780
Carrefour,653793,Leche La Serenísima UAT parc descremada liviana 1% pet 1 lt,3060.00,,2026-10-06,3060.00,7790742335609
Carrefour,705547,Leche con Prebióticos La Serenisima 1L,3119.00,,2026-10-06,3119.00,7790742358509
Carrefour,660736,Leche UAT Con Hierro La Serenisima 1L,3119.00,,2026-10-06,3119.00,7790742335807
Carrefour,783661,Leche descremada zero lactosa La Serenísima sachet 1 lt,2379.00,,2026-10-06,2379.00,7790742352200
Carrefour,724917,Leche fermentada multifruta Actimel 100 g.,2199.00,,2026-10-06,2199.00,7791337007819
Carrefour,679541,Leche entera La Serenísima uat fortificada 3% tetra 200 cc.,1345.00,,2026-10-06,1345.00,7790742357205
Carrefour,185705,Leche entera larga vida Ilolay 1 l.,2799.00,,2026-10-06,2799.00,7790787002528
Carrefour,724916,Leche fermentada Actimel sabor frutilla 100 cc.,2199.00,,2026-10-06,2199.00,7791337007802
Carrefour,735950,Leche en polvo entera Carrefour classic pouch 400 g.,6390.00,,2026-10-06,6390.00,7791720031773
Carrefour,717049,Leche La SerenÍsima barista 1L,3119.00,,2026-10-06,3119.00,7790742358400
Carrefour,185704,Leche descremada larga vida Ilolay 1 l.,2799.00,,2026-10-06,2799.00,7790787002535
Carrefour,719377,Leche chocolatada ​Cindor 1 lt,8210.00,,2026-10-06,8210.00,7791337007253
Carrefour,720721,Leche La serenísima clásica más liviana 2% 1L,1939.00,si,2026-10-06,2915.00,7790742363206
Carrefour,677887,Leche en polvo descremada fortificada La Serenísima 200 g.,3895.00,,2026-10-06,3895.00,7790742436207
Carrefour,727277,Nestlé leche condensada descremada orgánica 395 grs,5675.00,,2026-10-06,5675.00,8445290883858
Carrefour,778052,Leche UAT Extra calcio + colágeno La Serenísima 1 lt,3119.00,,2026-10-06,3119.00,7790742358103
Carrefour,716507,Leche chocolatada Las 3 niñas 200 cc,1899.00,,2026-10-06,1899.00,7798338291056
Carrefour,781176,Leche en polvo Protein La Serenisima 400 grs,11569.00,,2026-10-06,11569.00,7790742437709
Carrefour,659858,Leche descremada larga vida Las Tres Niñas 1 l.,2860.00,,2026-10-06,2860.00,7798338290301
Carrefour,679516,Leche La Serenísima ultra parc descremada multivit 2% sachet 1 lt,2050.00,,2026-10-06,2050.00,7790742348203
Carrefour,719376,Leche chocolatada ​Cindor 200 ml,2870.00,,2026-10-06,2870.00,7791337007260
Carrefour,653792,Leche La Serenísima UAT entera clásica 3% pet 1 lt,3060.00,,2026-10-06,3060.00,7790742335500
Carrefour,677886,Leche en polvo entera La Serenísima bolsa 200 g.,3895.00,,2026-10-06,3895.00,7790742436108
Carrefour,756422,Leche en Polvo La Serenisima Descremada Zero Lactosa 400 grs,9525.00,,2026-10-06,9525.00,7790742437105
Carrefour,774578,Nestlé Leche Condensada Sabor Limón 395 grs,5679.00,,2026-10-06,5679.00,8445290900630
Carrefour,677448,Leche en polvo entera Purísima plus 800 g.,12300.00,,2026-10-06,12300.00,7798095171363
Carrefour,740092,Leche liviana UAT Las tres niñas 2 fortificada 1 lt.,2750.00,,2026-10-06,2750.00,7798338291469
Carrefour,735944,Leche en polvo descremada Carrefour classic pouch 125 g.,1990.00,,2026-10-06,1990.00,7791720031735
Carrefour,703956,Leche descremada Casanto 2 ultra para sachet 1 l.,1785.00,,2026-10-06,1785.00,7790742192202
Carrefour,661341,Leche La Serenísima UAT descremada 0% pet 1lt,3060.00,,2026-10-06,3060.00,7790742335302
Carrefour,735946,Leche en polvo entera Carrefour classic pouch 250 g.,4190.00,,2026-10-06,4190.00,7791720031728
Carrefour,695427,Leche condensada Carrefour tetra 395 g.,5090.00,,2026-10-06,5090.00,7891103221057
Carrefour,722005,Leche chocolatada UHT Las tres niñas 1 lt.,5509.00,,2026-10-06,5509.00,7798338291049
Carrefour,677889,Leche en polvo La serenísima descremada 400 g.,7849.00,,2026-10-06,7849.00,7790742436405
Carrefour,735948,Leche en polvo descremada Carrefour classic pouch 250 g.,4190.00,,2026-10-06,4190.00,7791720031742
Carrefour,735942,Leche en polvo entera Carrefour classic pouch 125 g.,1990.00,,2026-10-06,1990.00,7791720031711
Carrefour,761333,Leche en Polvo La Serenisima Entera 800 grs,14149.00,,2026-10-06,14149.00,7790742437303
Carrefour,677890,Leche en Polvo La Serenisima Entera Zero Lactosa 400 grs,9500.00,,2026-10-06,9500.00,7790742436504
Carrefour,726412,Leche chocolatada Chochoco tetra 200 cc.,925.00,,2026-10-06,925.00,7798290581936
Carrefour,743163,Leche fermentada Kids sabor frutilla dulce Actimel 100 grs,2199.00,,2026-10-06,2199.00,7791337009424
Carrefour,677888,Leche en polvo La serenísima entera 400 g.,7435.00,,2026-10-06,7435.00,7790742436306
Carrefour,761334,Leche en Polvo La Serenisima Descremada 800 grs,14149.00,,2026-10-06,14149.00,7790742437402
Carrefour,783730,Leche entera 3% fortificada UAT Las 3 Niñas brick 200 ml,1199.00,,2026-10-06,1199.00,7798338291933
Carrefour,660437,Leche entera larga vida La Serenísima 2 % 1 l.,3060.00,,2026-10-06,3060.00,7790742335401
Carrefour,783851,Leche condensada Nestlé tetra 395 grs,5675.30,,2026-10-06,5675.30,8445291171138
Carrefour,736764,Leche chocolatada UAT Milkaut tetra 1 lt.,5319.00,,2026-10-06,5319.00,7794820903124
Carrefour,653621,Leche modificada en polvo armonia bolsa x 800 grs,12149.00,,2026-10-06,12149.00,7790742331304
Carrefour,722956,Leche infantil Nutrilon profutura Etapa 1 brick 200 ml,3339.00,,2026-10-06,3339.00,7795323775324
Carrefour,217839,Leche de coco Sococo UAT 200 cc,8740.00,,2026-10-06,8740.00,7896004400372
Carrefour,677450,Leche en polvo modificada Purísima kids 800 g.,11950.00,,2026-10-06,11950.00,7798095172100
Carrefour,666775,Leche modificada en polvo Armonía 400 g.,6650.00,,2026-10-06,6650.00,7790742331601
Carrefour,741549,Leche en polvo advanced Sancor Bebé Etapa 2 800 grs,40910.00,,2026-10-06,40910.00,7798181641527
Carrefour,722991,Leche fluida infantil ET2 La Serenísima Baby 200 cc.,1955.00,,2026-10-06,1955.00,7795323775508
Carrefour,695048,Leche de limpieza activa facial Dermaglós 200 cc.,19529.00,,2026-10-06,19529.00,7793742005039
Carrefour,728991,Leche chocolatada ​La Serenísima clásico 200 ml.,2349.00,,2026-10-06,2349.00,7791337008410
Carrefour,722957,Leche infantil Nutrilon Profutura Etapa 2 brick 200 ml,3170.00,,2026-10-06,3170.00,7795323775331
Carrefour,741548,Leche en polvo advanced Sancor Bebé Etapa 1 800 grs,42623.00,,2026-10-06,42623.00,7798181641510
Carrefour,722993,Leche infantil La Serenisima Baby Etapa 3 brick 200 ml,1750.00,,2026-10-06,1750.00,7795323775515
Carrefour,722987,Leche en polvo Vital infantil ET 3 pouch 1 kg.,42849.00,,2026-10-06,42849.00,7795323775232
Carrefour,728990,Leche chocolatada ​La Serenísima Clásico 1lt,6299.00,,2026-10-06,6299.00,7791337008403
Carrefour,688893,Leche y tónico micelar 2 en 1 Nivea rose care para todo tipo de piel 200 ml.,15809.00,,2026-10-06,15809.00,4005900773845
Carrefour,576504,Leche infantil Nutrilon profutura Etapa 3 lata 800 grs,53245.00,,2026-10-06,53245.00,7795323002444
Carrefour,576503,Leche infantil Nutrilon profutura Etapa 1 lata 800 grs,63695.00,,2026-10-06,63695.00,7795323002420
Carrefour,739712,Leche en polvo Vital Infantil etapa 4 1 kg.,37645.00,,2026-10-06,37645.00,7795323775645
Carrefour,722959,Leche infantil Nutrilon profutura Etapa 3 brick 200 ml,3025.00,,2026-10-06,3025.00,7795323775348
Carrefour,576496,Leche infantil Nutrilon Profutura Etapa 2 lata 800 grs,60389.00,,2026-10-06,60389.00,7795323002437
Carrefour,722979,Leche infantil Vital Etapa 3 brick 200 ml,2269.00,,2026-10-06,2269.00,7795323775263
Carrefour,722975,Leche infantil Vital Etapa 1 brick 200 ml,2479.00,,2026-10-06,2479.00,7795323775249
Carrefour,722989,Leche infantil La Serenísima Baby Etapa 1 brick 200 ml,2065.00,,2026-10-06,2065.00,7795323775492
Carrefour,722971,"Leche infantil Nutrilon profutura Etapa 3 pouch 1,2 kg",72860.00,,2026-10-06,72860.00,7795323775409
Carrefour,722969,"Leche infantil Nutrilon profutura Etapa 2 pouch 1,2 kg",82639.00,,2026-10-06,82639.00,7795323775393
Carrefour,785457,Leche chocolatada blanca UAT Las 3 Niñas 190 ml,1900.00,,2026-10-06,1900.00,7798338291704
Carrefour,722961,Leche infantil Nutrilon profutura Etapa 4 brick 200 ml,2995.00,,2026-10-06,2995.00,7795323775355
Carrefour,722967,"Leche infantil Nutrilon profutura Etapa 1 pouch 1,2 kg",87165.00,,2026-10-06,87165.00,7795323775386
Carrefour,722977,Leche infantil Vital Etapa 2 brick 200 ml,2389.00,,2026-10-06,2389.00,7795323775256
Carrefour,722985,Leche en polvo Vital infantil ET 2 pouch 1 kg.,47559.00,,2026-10-06,47559.00,7795323775225
Carrefour,722983,Leche en polvo Vital infantil ET 1 pouch 1 kg.,50109.00,,2026-10-06,50109.00,7795323775218
Carrefour,744117,Leche en polvo Vital infantil Etapa 2 en lata 800 g.,47145.00,,2026-10-06,47145.00,7795323774846
Carrefour,740219,Leche en polvo infantil Sancor bebé Etapa 2 en lata 800 g.,47619.00,,2026-10-06,47619.00,7798181641497
Carrefour,743784,Leche infantil Vital Etapa 4 brick 200 ml,2265.00,,2026-10-06,2265.00,7795323776123
Carrefour,744118,Leche en polvo Vital infantil Etapa 3 en lata 800 g.,42479.00,,2026-10-06,42479.00,7795323774853
Carrefour,722973,"Leche infantil Nutrilon profutura Etapa 4 pouch 1,2 kg",60929.00,,2026-10-06,60929.00,7795323775416
Carrefour,744116,Leche en polvo Vital infantil Etapa 1 en lata 800 g.,49675.00,,2026-10-06,49675.00,7795323774839
Carrefour,768437,Leche para peinar Iyosei Hialu Shock 125 ml,8115.00,,2026-10-06,8115.00,7792143503717
Carrefour,744119,Leche en polvo Vital infantil Etapa 4 en lata 800 g.,37289.00,,2026-10-06,37289.00,7795323774860
Carrefour,585483,Leche infantil Nutrilon profutura Etapa 4 lata 800 grs,53109.00,,2026-10-06,53109.00,7795323002451
Carrefour,8890,Manteca La Serenísima extra para untar 200 g.,5007.69,,2026-10-06,5007.69,7793940054006
Carrefour,678863,Dulce de leche clásico La Serenísima 400 g.,4012.00,,2026-10-06,4012.00,7790742625304
Carrefour,495133,Manteca Classic calidad extra 200 g.,3990.00,,2026-10-06,3990.00,7798152226326
Carrefour,482414,Manteca Tonadita calidad extra 200 g.,4399.00,,2026-10-06,4399.00,7798060850026
Carrefour,524617,Crema de leche Carrefour Classic 200 ml,2250.00,,2026-10-06,2250.00,7798159713621
Carrefour,742402,Nesquik original cacao en polvo 360 grs,5100.00,,2026-10-06,5100.00,8445291121881
Carrefour,678862,Dulce de leche La Serenísima colonial 400 g.,4800.00,,2026-10-06,4800.00,7790742625205
Carrefour,720313,Crema de leche Las tres niñas uat para cocinar 200 cc,2960.00,,2026-10-06,2960.00,7798338291070
Carrefour,267020,Manteca La serenisima clásica 100 g.,2835.00,,2026-10-06,2835.00,7793940052002
Carrefour,319105,Dulce de leche Ilolay clásico 400 g.,3819.00,,2026-10-06,3819.00,7790787153664
Carrefour,482413,Manteca Tonadita calidad extra 100 g.,2640.00,,2026-10-06,2640.00,7798060850019
Carrefour,588872,Manteca Primer Premio 200 g.,3605.00,,2026-10-06,3605.00,7798085370080
Carrefour,721485,Dulce de leche familiar Carrefour classic en pote 400 g.,3090.00,,2026-10-06,3090.00,7791720029725
Carrefour,742400,Nesquik Original Cacao en Polvo 150 grs,1690.00,si,2026-10-06,2600.00,8445291121843
Carrefour,607445,Dulce de leche repostero La Serenísima 400 g.,4345.00,,2026-10-06,4345.00,7790742067005
Carrefour,720315,Crema de leche Las tres niñas uat para batir 200 cc,2960.00,,2026-10-06,2960.00,7798338291087
Carrefour,781878,Dulce de Leche Aireado La Serenísima 300 grs,4800.00,,2026-10-06,4800.00,7790742624901
Carrefour,759598,Galletitas dulces Les Tablettes con chocolate y corazón con leche Carrefour Extra 140 grs,3500.00,si,2026-10-06,5750.00,7791720040591
Carrefour,645583,Crema Tonadita tradicional 200 cc.,2499.00,,2026-10-06,2499.00,7798060850095
Carrefour,724060,Crema de leche Milkaut en pote 330 cc.,6015.00,,2026-10-06,6015.00,7794820902967
Carrefour,722007,Dulce de leche Santa clara 400 g.,3089.00,,2026-10-06,3089.00,7798312320512
Carrefour,565211,Dulce de leche San Ignacio tradicional 400 g.,3789.00,,2026-10-06,3789.00,7790244001453
Carrefour,742403,Nesquik original cacao en polvo 800 grs,13650.00,,2026-10-06,13650.00,8445291121904
Carrefour,726177,Alimento en pan para untar Manty 200 g.,2760.00,,2026-10-06,2760.00,7791620187860
Carrefour,761469,Postre dulce de leche Danette pack x4 95 grs,7819.00,,2026-10-06,7819.00,7791337009868
Carrefour,722428,Dulce de leche de campo Milkaut familiar 395 g,3635.00,,2026-10-06,3635.00,7794820902950
Carrefour,745029,Crema de leche para cocinar Carrefour Classic UAT 200 cc.,2550.00,,2026-10-06,2550.00,7791720039236
Carrefour,588869,Manteca Primer Premio 100 g.,1989.00,,2026-10-06,1989.00,7798085370073
Carrefour,699720,Galletitas multicereal Carrefour Classic avena + coco + dulce de leche 186 grs,1650.00,,2026-10-06,1650.00,7791720026250
Carrefour,619284,Jabón de Tocador Dove Leche de Coco 90 grs,2739.00,,2026-10-06,2739.00,7891150034075
Carrefour,759599,Galletitas dulces Les Tablettes con chocolate con leche Carrefour Extra 150 grs,4990.00,si,2026-10-06,6490.00,7791720040447
Carrefour,678861,Dulce de leche La Serenísima colonial 250 g.,3149.00,,2026-10-06,3149.00,7790742625106
Carrefour,622987,Oblea Kitkat 4 fingers 41.5 grs,2789.00,,2026-10-06,2789.00,7891000248799
Carrefour,726378,Bebida a base de almendras sin azúcar Silk 1lt,6499.00,,2026-10-06,6499.00,7791337007918
Carrefour,638595,Manteca Cotampo 200 grs,3599.00,,2026-10-06,3599.00,7798060852044
Carrefour,777682,Alfajor Milka Super Dulce de Leche 70 grs,2119.00,,2026-10-06,2119.00,7622202370021
Carrefour,65226,Dulce de leche repostero Milkaut 1 kg,9355.00,,2026-10-06,9355.00,7794820001547
Carrefour,721487,Dulce de leche repostero Carrefour classic en pote 400 g.,3290.00,,2026-10-06,3290.00,7791720029718
Carrefour,721597,La Lechera Nutrifuerza 800 grs,14239.00,,2026-10-06,14239.00,8445290702234
Carrefour,722429,Dulce de leche Milkaut familiar en pote 400 g,4575.00,,2026-10-06,4575.00,7794820902936
Carrefour,678864,Dulce de leche colonial La Serenísima pote 1 kg.,10469.00,,2026-10-06,10469.00,7790742625403
Carrefour,187766,La Paulina manteca calidad extra 200 grs,4845.00,,2026-10-06,4845.00,7790398100088
Carrefour,749973,Manteca Milkaut con vitamina D pan 200 grs,5200.00,,2026-10-06,5200.00,7794820903308
Carrefour,777683,Alfajor Milka Super Dulce de Leche Blanco 70 grs,2119.00,,2026-10-06,2119.00,7622202370045
Carrefour,724061,Crema de leche Milkaut en pote 200 cc.,3800.00,,2026-10-06,3800.00,7794820902974
Carrefour,744331,Polvorones Bulnez con chips de dulce de leche 150 g.,1150.00,,2026-10-06,1150.00,7791720038703
Carrefour,743083,Crema sin lactosa Tonadita en pote 200 g.,2799.00,,2026-10-06,2799.00,7798060853508
Carrefour,660933,Okebon galleta Leche 273 grs,2119.00,,2026-10-06,2119.00,7790263119597
Carrefour,734601,Postre dulce de leche con crema Danette 100 grs,2930.00,,2026-10-06,2930.00,7791337008106
Carrefour,188267,Dulce de leche clásico Milkaut 1 kg,8850.00,,2026-10-06,8850.00,7794820000885
Carrefour,712643,Galletitas Maná con leche livianas 136 g.,1409.00,,2026-10-06,1409.00,7790040137813
Carrefour,739074,Manteca extra calidad Ilolay 200 g.,4905.00,,2026-10-06,4905.00,7790787960668
Carrefour,637698,Ades soja + jugo de manzana 1 lt,3650.00,,2026-10-06,3650.00,7790895643835
Carrefour,731464,Nescafé Dolce Gusto café con leche 10 uni,16639.00,,2026-10-06,16639.00,7891000434239
Carrefour,720314,Crema de leche Las tres niñas uat para cocinar 500 cc,6390.00,,2026-10-06,6390.00,7798338291063
Carrefour,749972,Manteca Milkaut con vitamina D pan 100 grs,2745.00,,2026-10-06,2745.00,7794820903292
Carrefour,680222,Baño de repostería Águila chocolate con leche 150 g.,4250.00,,2026-10-06,4250.00,7790580131470
Carrefour,633133,Madalenas 9 De Oro vainilla relleno dulce de leche 230 g.,2859.00,,2026-10-06,2859.00,7792180131577
Carrefour,750389,Crema de leche texturada consistente Milkaut en pote 200 ml,3639.00,,2026-10-06,3639.00,7794820903186
Carrefour,626346,Bombón Bon O Bon chocolate con leche 15 g.,859.00,,2026-10-06,859.00,77958921
Carrefour,778395,Tableta de chocolate leche y almendras Nestlé 90 grs,5600.00,,2026-10-06,5600.00,8445291603684
Carrefour,720316,Crema de leche Las tres niñas uat para batir 500 cc,7139.00,,2026-10-06,7139.00,7798338291094
Carrefour,730466,Yogur p desc Ilolay cremoso frutilla 120 g.,1079.00,,2026-10-06,1079.00,7790787960361
Carrefour,759992,Dulce de leche clásico La Serenísima en pote 1 kg,9425.00,,2026-10-06,9425.00,7790742104304
Carrefour,629262,Chocolate Milka con leche 20 g.,1689.00,,2026-10-06,1689.00,7622210795625
Carrefour,770926,Madalenas rellenas con dulce de leche Bulnez 200 grs,2090.00,,2026-10-06,2090.00,7791720048467
Carrefour,764047,Nestlé Chocolate con leche 22 grs,1735.00,,2026-10-06,1735.00,8445291565203
Carrefour,721486,Dulce de leche light Carrefour Classic en pote 400 grs,3150.00,,2026-10-06,3150.00,7791720029701
Carrefour,756715,Donuts leche Bonafide x24 78 grs,2580.00,,2026-10-06,2580.00,7792360096818
Carrefour,626347,Bombones Bon O Bon chocolate con leche en caja270 g.,13219.00,,2026-10-06,13219.00,7790580119157
Carrefour,719796,Dulce de leche light San ignacio en pote 410 g.,3819.00,,2026-10-06,3819.00,7790244941568
Carrefour,764446,Crema saborizada 4 quesos Las Tres Niñas 190 ml,3520.00,,2026-10-06,3520.00,7798338291346
Carrefour,672789,Alimento veg beb La Serenísima almendra s azúcar 1000 cc,5159.00,,2026-10-06,5159.00,7790742340306
Carrefour,776885,Nesquik extra cacao chocolatada listo para tomar 200 ml,2190.00,,2026-10-06,2190.00,8445291395930
Carrefour,726382,Bebida a base de almendras sabor vainilla sin azúcar Silk 1 lt,6499.00,,2026-10-06,6499.00,7791337007949
Carrefour,697200,Postre Exquisita de dulce de leche 80 g.,1319.00,,2026-10-06,1319.00,7790070417916
Carrefour,658503,La Serenisima Protein Chocolate intenso 1L,4839.00,,2026-10-06,4839.00,7790742172105
Carrefour,725004,Oblea Kitkat White 4 Fingers 41.5 grs,2789.00,,2026-10-06,2789.00,7891000379028
Carrefour,716026,Madalenas rellenas con dulce de leche Valente 200 grs,3199.00,,2026-10-06,3199.00,7793890259100
Carrefour,444743,La Paulina manteca calidad extra 100 grs,2639.00,,2026-10-06,2639.00,7790398100071
Carrefour,760227,Obleas Carrefour Classic de dulce de leche 100 grs,1250.00,,2026-10-06,1250.00,7791720043783
Carrefour,637696,Ades soja + jugo de frutas tropicales 1 lt,3650.00,,2026-10-06,3650.00,7790895643866
Carrefour,764447,Crema saborizada champignón Las Tres Niñas 190 ml,3520.00,,2026-10-06,3520.00,7798338291353
Carrefour,722430,Dulce de leche repostero Milkaut en pote 400 g,5049.00,,2026-10-06,5049.00,7794820902943
Carrefour,775661,Classic Duo Chocolate 80 grs,5250.00,,2026-10-06,5250.00,7891000437162
Carrefour,762388,Nescafé Dolce Gusto Café Au Lait Vainilla 10 uni,16639.00,,2026-10-06,16639.00,7891000421482
Carrefour,681524,Dulce de leche familiar Milkaut pote 245 g,2895.00,,2026-10-06,2895.00,7794820902028
Carrefour,777877,Postre de dulce de leche Ser Deli pack x2 95 grs,5055.00,,2026-10-06,5055.00,7791337010628
Carrefour,746248,Svelty extra calcio 200 grs,4699.00,,2026-10-06,4699.00,8445291388918
Carrefour,601881,Chocolate Milka con leche 150 g.,11399.00,,2026-10-06,11399.00,7622300990114
Carrefour,771438,Flan dulce de leche Godet en sobre 25 grs,805.00,,2026-10-06,805.00,7790580144913
Carrefour,762626,Caramlos Butter Toffees rellenos de dulce de leche 80 grs,1855.00,,2026-10-06,1855.00,7790580152093
Carrefour,456563,La Paulina crema para batir 200 grs,2825.00,,2026-10-06,2825.00,7790398000265
Carrefour,438168,Tableta dulce de leche Vauquita light 22 g.,950.00,,2026-10-06,950.00,77927361
Carrefour,574614,Chocolate con leche Carrefour Classic 80 g.,3290.00,,2026-10-06,3290.00,7798159715793
Carrefour,460158,Barra chocolate con leche maní Cofler block 110 g,6299.00,,2026-10-06,6299.00,77922120
Carrefour,729420,Svelty Extra Calcio 370 grs,9605.00,,2026-10-06,9605.00,8445291020047
Carrefour,679719,Tableta chocolatín leche Georgalos 8 g.,483.00,,2026-10-06,483.00,77969354
Carrefour,574616,Chocolate Carrefour Classic relleno con dulce de leche 80 g.,3290.00,,2026-10-06,3290.00,7798159715816
Carrefour,783311,Danette flan con dulce de leche Pack 2 uni,4985.00,,2026-10-06,4985.00,7791337010710
Carrefour,777662,Danette postre sabor dulce de leche Pack 2 uni,5183.08,,2026-10-06,5183.08,7791337010581
Carrefour,779701,Brownies caramel con dulce de leche Exquisita 425 grs,5459.00,,2026-10-06,5459.00,7790070104465
Carrefour,721596,La Lechera Nutrifuerza 400 grs,8760.00,,2026-10-06,8760.00,8445290702302
Carrefour,737524,Nido Fortigrow Leche en Polvo 750 grs,18465.00,,2026-10-06,18465.00,8445290999559
Carrefour,777265,Chocolate aireado con leche Nestlé Suflair 50 grs,3809.00,,2026-10-06,3809.00,7891000107836
Carrefour,747214,Bebida a base de almendras Ades Almendras 1 lt,4350.00,,2026-10-06,4350.00,7790895649806
Carrefour,571956,Chocolate Milka relleno dulce de leche 135 g.,10639.00,,2026-10-06,10639.00,7622300846565
Carrefour,729422,Svelty Extra Calcio 750 grs,17695.00,,2026-10-06,17695.00,8445291020061
Carrefour,778393,Tableta de chocolate con leche Nestlé suave y cremoso 80 grs,5598.79,,2026-10-06,5598.79,8445291603622
Carrefour,638218,Ades soja + jugo de naranja 1 lt,3650.00,,2026-10-06,3650.00,7790895643842
Carrefour,773827,Tableta de chocolate Shot con leche y maní 90 grs,5890.00,,2026-10-06,5890.00,7622202333255
Carrefour,747215,Ades Soja 1 lt,4050.00,,2026-10-06,4050.00,7790895649837
Carrefour,762385,Nescafé Dolce Gusto Cappuccino Dulce de Leche 10 uni,16639.00,,2026-10-06,16639.00,7891000421512
Carrefour,663434,Tableta de chocolate Carrefour Classic dulce de leche 30 grs,1350.00,,2026-10-06,1350.00,7791720023631
Carrefour,726381,Bebida a base de coco sin azúcar Silk 1 lt,6499.00,,2026-10-06,6499.00,7791337007932
Carrefour,719791,Madalenas chocolate con dulce de leche Valente 200 grs,3199.00,,2026-10-06,3199.00,7793890259124
Carrefour,771530,Dulce de leche La Serenísima zero lactosa 250 grs,3309.00,,2026-10-06,3309.00,7790742624109
Carrefour,438166,Tableta dulce de leche Vauquita 25 g.,950.00,,2026-10-06,950.00,77976109
Carrefour,761076,Dulce de leche clásico Carrefour Classic 200 grs,2090.00,,2026-10-06,2090.00,7791720043875
Carrefour,566564,"Chocolate Milka blanco relleno dulce de leche 67,5 g.",5689.00,,2026-10-06,5689.00,7622300844967
Carrefour,762888,Chocolate Milka blanco relleno dulce de leche 29 grs,1979.25,si,2026-10-06,2639.00,7622202322129
Carrefour,686542,Yogur entero Milkaut de durazno en sachet 900 g.,4629.00,,2026-10-06,4629.00,7794820902240
Carrefour,762628,Caramelos leche surtido Butter Toffees 80 grs,1855.00,,2026-10-06,1855.00,7790580152116
Carrefour,779314,Galletitas dulce Formis chocolate rellenas de dulce de leche 54 grs,850.00,,2026-10-06,850.00,7790040153486
Carrefour,6757,Licor Cusenier dulce de leche700 cc,8079.00,,2026-10-06,8079.00,7792410008006
Carrefour,698620,Alfajores sin tacc Yuka de dulce de leche x6 50 g.,7025.00,,2026-10-06,7025.00,7794903232493
Carrefour,777770,Barra de cereal íntegra AFA de chocolate banana y dulce de leche 41 grs,2500.00,,2026-10-06,2500.00,7798343751736
Carrefour,746247,La Lechera nutrifuerza 200 grs,4079.00,,2026-10-06,4079.00,8445291388598
Carrefour,737863,Dulce de leche familiar Tonadita en pote 400 g.,3645.00,,2026-10-06,3645.00,7798060853324
Carrefour,773375,Bombón de chocolate con leche Bon o Bon 150 grs,6279.00,,2026-10-06,6279.00,7790580153656
Carrefour,726383,Bebida a base de almendras sabor chocolate endulzada Silk 1 lt,6499.00,,2026-10-06,6499.00,7791337007956
Carrefour,663429,Tableta de chocolate con leche Carrefour Classic 30 grs,1350.00,,2026-10-06,1350.00,7791720023662
Carrefour,737525,Svelty 0% Lactosa 350 grs,11809.00,,2026-10-06,11809.00,8445291102095
Carrefour,777664,Serenito postre dulce de leche 190 grs,4495.00,,2026-10-06,4495.00,7791337010673
Carrefour,667623,Alimento bebible a base de almendras La Serenísima 1 l,5159.00,,2026-10-06,5159.00,7790742340108
Carrefour,768600,Barra de cereal Frutty de banana con dulce de leche 24 grs,1089.00,,2026-10-06,1089.00,7792280006317
Carrefour,723128,Nido 3 Prebio 1 Leche en Polvo 800 grs,22759.00,,2026-10-06,22759.00,8445290533982
Carrefour,663790,Galletitas Polvorones dulce de leche 150 g.,1289.00,,2026-10-06,1289.00,7798024290349
Carrefour,726379,Bebida a base de almendras endulzada Silk 1lt,6499.00,,2026-10-06,6499.00,7791337007901
Carrefour,775663,Nestlé Chocotrio Leite Cookies&Cream 90 grs,5565.00,,2026-10-06,5565.00,7891000437223
Carrefour,776806,Tableta de chocolate con leche y maní Bonafide 30 grs,1239.00,,2026-10-06,1239.00,7792360952657
Carrefour,566560,"Chocolate Milka relleno dulce de leche 67,5 g.",5689.00,,2026-10-06,5689.00,7622300844943
Carrefour,762887,Chocolate Milka relleno dulce de leche 29 grs,2639.00,,2026-10-06,2639.00,7622202322068
Carrefour,596785,Alfajor Cachafaz chocolate blanco 6 u.,13230.00,,2026-10-06,13230.00,7798128000493
Carrefour,735298,Mousse de dulce de leche Exquisita en sobre 95 g.,3150.00,,2026-10-06,3150.00,7790070432353
Carrefour,437872,Tableta dulce de leche Vauquita light 4 u.,3650.00,,2026-10-06,3650.00,7798138290136
Carrefour,782687,Nestlé Chocolate con leche relleno sabor Coco 90 grs,5600.00,,2026-10-06,5600.00,7891000474969
Carrefour,777852,Dulce de leche diet con cacao Regidiet en frasco 445 grs,7800.00,,2026-10-06,7800.00,7798416140023
Carrefour,781366,Chocolate en rama con leche Aguila Chocolatier 40 grs,5000.00,,2026-10-06,5000.00,7790580156114
Carrefour,782691,Starbucks by Nescafé Dolce Gusto Hazelnut Macchiato,17939.35,,2026-10-06,17939.35,8445292315425
Carrefour,699929,Alfajor Happy food coco y dulce de leche sin azúcar 3x 50 g.,3569.40,si,2026-10-06,5949.00,7798308250274
Carrefour,775667,Café Instantáneo Nescafé Dolca Mixes Latte - Doypack 125 grs,5450.00,,2026-10-06,5450.00,8445291749221
Carrefour,746633,Baño reposteria con leche Carrefour Classic 150 g.,3390.00,,2026-10-06,3390.00,7791720037775
Carrefour,653921,Alimento seco para gatito Whiskas 1 kg. carne y leche,7449.00,,2026-10-06,7449.00,7797453972260
Carrefour,680438,Chocolate Milka aireado con leche 50 g.,4910.00,,2026-10-06,4910.00,7622201818937
Carrefour,776807,Tableta de chocolate con leche y maní Bonafide 90 grs,3565.00,,2026-10-06,3565.00,7792360097709
Carrefour,782619,Shampoo Algabo Coco y Leche 930 ml,3980.00,,2026-10-06,3980.00,7791274198168
Carrefour,751467,Svelty Colágeno 370 grs,11525.00,,2026-10-06,11525.00,8445291362369
Carrefour,782651,Suflair Chocolate Aireado Duo 80 grs,5979.00,,2026-10-06,5979.00,7891000455708
Carrefour,782648,Suflair Chocolate Aireado con Leche 80 grs,5978.57,,2026-10-06,5978.57,7891000455562
Carrefour,737520,Nido Fortigrow Leche en Polvo 370 grs,10015.00,,2026-10-06,10015.00,8445290391872
Carrefour,707112,Svelty Orgánica Lata 370 grs,11525.00,,2026-10-06,11525.00,8445290194077
Carrefour,679742,Nestlé chocolate con maní 90 grs,6829.00,,2026-10-06,6829.00,7613287529497
Carrefour,698247,Mini alfajores sin tacc Carrefour Classic con dulce de leche 150 g.,4690.00,,2026-10-06,4690.00,7791720025994
Carrefour,771529,Dulce de leche Ser en pote 400 grs,4520.00,,2026-10-06,4520.00,7790742387806
Carrefour,745968,Dulce de leche San Ignacio diet en frasco 450 g.,6989.00,,2026-10-06,6989.00,7790244941889
Carrefour,1742449,Donut bañada de rosa con dulce de leche y granas blister 2 uni,2290.00,,2026-10-06,2290.00,7792180143792
Carrefour,768623,NESTLÉ Chocolatada Lista para Tomar 190 ml,2700.00,,2026-10-06,2700.00,8445291632660
Carrefour,637694,Ades soja + jugo de manzana 200 ml,1500.00,,2026-10-06,1500.00,7790895643743
Carrefour,746188,Postre plant bas de dulce de leche Felices las Vacas 125 g.,1779.00,,2026-10-06,1779.00,714604043997
Carrefour,769826,Mini budín Carrefour Classic de dulce de leche 50 grs,939.00,,2026-10-06,939.00,7791720048429
Carrefour,87641,Dulce de leche Poncho Negro 450 g.,7309.00,,2026-10-06,7309.00,7793360004759
Carrefour,719509,Cebada con leche El portillo dp 100 g.,4200.00,,2026-10-06,4200.00,7791118000794
Carrefour,720551,Galletitas Oreo bañadas en chocolate con leche x7 119 g.,6120.00,,2026-10-06,6120.00,7622201740368
Carrefour,653920,Alimento seco para gatito Whiskas 500 g. carne y leche,4049.00,,2026-10-06,4049.00,7797453972253
Carrefour,710574,Salsa de chocolate Dos Anclas 310 g.,5410.00,,2026-10-06,5410.00,7792900990828
Carrefour,603265,Queso bocconcino Wapi 160 g.,7199.00,,2026-10-06,7199.00,7798096210207
Carrefour,419197,Tableta de dulce de leche Vauquita x4 25 grs,3650.00,,2026-10-06,3650.00,7798138290013
Carrefour,753059,Dulce de leche Grandiet sin azúcar 440 grs,15400.00,,2026-10-06,15400.00,7797330108676
Carrefour,696759,Tableta de chocolate Vizzio con leche 90 g.,4290.00,,2026-10-06,4290.00,7792360095019
Carrefour,743831,Alfajor de chocolate negro Entre Dos x6 45 g.,6900.00,,2026-10-06,6900.00,727373043693
Carrefour,637695,Ades soja + jugo de frutas tropicales 200 ml,1500.00,,2026-10-06,1500.00,7790895643767
Carrefour,679743,Nestlé chocolate con maní 150 grs,12150.00,,2026-10-06,12150.00,7613287526311
Carrefour,760496,Bombones de chocolate con leche Pergale 114 grs,7500.00,,2026-10-06,7500.00,4770179998656
Carrefour,737522,Nido 4 Prebio 3 Leche en Polvo 800 grs,20550.00,,2026-10-06,20550.00,8445291216563
Carrefour,648771,Oblea Nugaton black 27 g.,969.00,,2026-10-06,969.00,7792360072485
Carrefour,762889,Chocolate Milka aireado con leche 25 grs,2659.00,,2026-10-06,2659.00,7622202322150
Carrefour,638018,Alimento seco para gatito Raza 500 g. carne y leche,2639.00,,2026-10-06,2639.00,7791416072530
Carrefour,749488,Bocadito de dulce de leche Franks 40 grs,1789.00,,2026-10-06,1789.00,7798340790127
Carrefour,729417,Nidia etapa 1 leche en polvo 800 grs,36765.00,,2026-10-06,36765.00,8445290649744
Carrefour,699930,Bocadito sin azúcar Happy -Food de dulce de leche x3 50 g.,4999.00,,2026-10-06,4999.00,7798308250151
Carrefour,745039,Tableta chocolate con leche y rocklet Cofler 140 g,8289.00,,2026-10-06,8289.00,7790580146092
Carrefour,714534,Queso fiambrin La Serenísima en horma x kg.,39409.00,,2026-10-06,39409.00,2508611000009
Carrefour,675451,Tableta Vauquita dulce de leche light x 80 g.,2450.00,,2026-10-06,2450.00,7798138290440
Carrefour,781374,Bombones rellenos de frambuesa y dulce de leche Aguila Chocolatier 114 grs,16000.00,,2026-10-06,16000.00,7790580156138
Carrefour,781380,Bombones rellenos choco leche Aguila Chocolatier 114 grs,16000.00,,2026-10-06,16000.00,7790580156008
Carrefour,723122,Nido Etapa 3 Leche Infantil Lista para Tomar 200 ml,1700.00,,2026-10-06,1700.00,8445290848970
Carrefour,777686,Chocolate con leche Hersheys 82 grs,5000.00,,2026-10-06,5000.00,7899970402814
Carrefour,1760634,Cafetera Expreso Cuk By Gadnic CM5600 Semi Automática 20 Bar Con Espumador De Leche,221099.00,si,2026-10-06,287429.00,7799219094209
Carrefour,1761116,Cafetera Espresso CUK by Gadnic 20 Bar Espumador de Leche 1050W 15L Filtro de Acero Inoxidable,131449.00,si,2026-10-06,170884.00,7799219094230
Carrefour,762675,Cápsulas de café Cabrales con leche 10 uni,12705.00,,2026-10-06,12705.00,7790550019159
Carrefour,740097,Acondicionador OGX leche de coco 385 cc.,31240.00,,2026-10-06,31240.00,22796910066
Carrefour,638217,Ades soja + jugo de naranja 200 ml,1500.00,,2026-10-06,1500.00,7790895643750
Carrefour,534067,Pudding relleno dulce de leche 310 g.,6965.00,,2026-10-06,6965.00,7791696009004
Carrefour,496717,"Alimento seco para perro Raza 1.5 kg. cachorros carne, cereales y leche",5009.00,,2026-10-06,5009.00,7791416065969
Carrefour,644278,Lentejas de chocolate confitado 150 g.,6599.00,,2026-10-06,6599.00,7798143356162
Carrefour,779023,Chocolate relleno con dulce de leche Vauquita 70 grs,4300.00,,2026-10-06,4300.00,7798138291232
Carrefour,477515,Postre Esnaola dulce de leche con chocolate lata 700 g.,15335.00,,2026-10-06,15335.00,7791451801645
Carrefour,700184,Nidina etapa 1 listo para tomar 200 ml,2245.00,,2026-10-06,2245.00,8445290180186
Carrefour,781389,Bombones choco leche Aguila Chocolatier 38 grs,6500.00,,2026-10-06,6500.00,7790580156046
Carrefour,670819,Loción hidratante corporal Karina Ravolini almendra 200 ml.,12800.00,,2026-10-06,12800.00,7798112027888
Carrefour,1772159,Espumador De Leche CUK By Gadnic 4 funciones 450 ML Espuma Cremosa 500W Acero Inoxidable (Color Negro),54474.00,si,2026-10-06,70816.00,7799219144584
Carrefour,778316,Bebida vegetal de almendra La Serenísima sabor chocolate 1 lt,5159.00,,2026-10-06,5159.00,7790742341709
Carrefour,743390,Nido 3 Prebio 1 Leche en Polvo 370 grs,10670.00,,2026-10-06,10670.00,8445291360365
Carrefour,183702,Licor de dulce de leche Tres Plumas 700 cc,9219.00,,2026-10-06,9219.00,7790260013164
Carrefour,724056,Tableta Freddo de dulce de leche en caja 6 uni,16700.00,,2026-10-06,16700.00,7798070861197
Carrefour,750327,Mini cake de coco y dulce de leche 150 grs,6990.00,,2026-10-06,6990.00,7798433140013
Carrefour,700185,Nidina etapa 2 listo para tomar 200ml,2205.00,,2026-10-06,2205.00,8445290180209
Carrefour,676413,Pepitas artesanales dulce de leche,5190.00,,2026-10-06,5190.00,7798133500605
Carrefour,699022,Cápsulas de café dulce de leche La Virginia x 8 uni,15185.00,,2026-10-06,15185.00,7790150090169
Carrefour,1764255,Batidor Leche Para Café Cappucino Espuma A Pila Mango Soft,8949.60,si,2026-10-06,14916.00,7798125221952
Carrefour,1769286,Cafetera Espresso Electrolux Expert Molinillo Integrado y Vaporizador de Leche Negra ECM90,1399999.00,si,2026-10-06,1555554.00,7909569507056
Carrefour,760396,Café liofilizado Juan Valdez de dulce de leche 95 grs,42389.00,,2026-10-06,42389.00,7701362014881
Carrefour,727617,Chocolate con leche en rama 100 g.,6299.00,,2026-10-06,6299.00,7794377085205
Carrefour,432134,Chocolate Tofi relleno con dulce de leche 55 g.,5029.00,,2026-10-06,5029.00,7790580746612
Carrefour,740096,Shampoo OGX leche de coco 385 ml,31240.00,,2026-10-06,31240.00,22796910059
Carrefour,1767239,Cafetera Expresso Cuk By Gadnic 20 Bar Potencia 1350W Molinillo de Café y Espumador de Leche,550449.00,si,2026-10-06,715584.00,7799219109330
Carrefour,777150,starter protein Ena sabor café con leche 400 grs,49000.00,,2026-10-06,49000.00,7792981064005
Carrefour,1772557,Cafetera Espresso Electrolux Cápsula y Sachet Experience Vaporizador de Leche ECM70,429411.00,si,2026-10-06,699999.00,7909569506998
Carrefour,765498,Nidia 3 Leche Modificada en Polvo 800 grs,30119.00,,2026-10-06,30119.00,8445290648150
Carrefour,1755003,Sacaleche Eléctrico Gadnic Extractor De Leche Portatil,104549.00,si,2026-10-06,135914.00,656272307349
Carrefour,764048,Nestlé Chocolate con leche 45 grs,3729.00,,2026-10-06,3729.00,8445291565173
Carrefour,1758210,Jarra Espumador de leche Gadnic Miliki acero inoxidable 400ml,25649.00,si,2026-10-06,33344.00,7427251959964
Carrefour,1772157,Espumador De Leche CUK By Gadnic 4 funciones 450 ML Espuma Cremosa 500W Acero Inoxidable (Color Blanco),54999.00,si,2026-10-06,71499.00,7799219144584
Carrefour,1768472,Espumador De Leche Peugeot Arlés 500w Espuma Fría Y Caliente Negro,99999.20,si,2026-10-06,142856.00,7799034289385
Carrefour,1773221,Cafetera Espresso 3200W CUK By Gadnic Con Molinillo Integrado 20 Bar Vaporizador De Leche,1956749.00,si,2026-10-06,2543774.00,7799219137258
Carrefour,1771671,Bolsas De Almacenamiento Leche Materna Mawe By Gadnic 100 Unidades Cierre Hermético Contenedoras,34499.00,si,2026-10-06,44849.00,7799219127945
Carrefour,1752107,Espumador De Leche Eléctrico Ariete Batidor Capuccino,129999.10,si,2026-10-06,185713.00,8003705113671
Carrefour,1755012,Sacaleche Gadnic Extractor de Leche de Silicona Completo,7999.00,si,2026-10-06,10399.00,7427250806672
Carrefour,1765572,Cafetera Espresso CUK by Gadnic 20 Bar Espumador de Leche 1350W 17L Filtro de Acero Inoxidable,281499.00,si,2026-10-06,365949.00,7799219098320
Carrefour,1760958,"Espumador de leche Peabody pe-mf2316, capacidad 250ml. 3 funciones espumar/calentar/espumar y calent",135099.00,si,2026-10-06,152998.99,7798111679248
Carrefour,785488,Alfajor de chocolate blanco Dou Foods relleno de dulce de leche 70 grs,1700.00,,2026-10-06,1700.00,7798182731661
Carrefour,1765571,Cafetera Espresso CUK by Gadnic 20 Bar Espumador de Leche 1350W Capacidad 15L,412599.00,si,2026-10-06,536379.00,7799219098351
Carrefour,1755783,Sacaleche X2 Eléctrico Gadnic Extractor De Leche Portatil,176299.00,si,2026-10-06,229189.00,7799219087409
Carrefour,1656322,Hervidora Jarro Leche Tramontina 62664/120 Allegra 12 Cm 1.4,59849.99,si,2026-10-06,85500.00,7891116062708
Carrefour,785487,Alfajor de chocolate negro Dou Foods relleno de dulce de leche 70 grs,1700.00,,2026-10-06,1700.00,7798182731654
Carrefour,670817,Loción hidratante corporal rosa Karina Ravolini 200 ml.,12800.00,,2026-10-06,12800.00,7798112020889
Carrefour,1749873,Extractor De Leche Avent Manual Esencial Scf417/11,75495.00,si,2026-10-06,107850.00,8720689030571
Carrefour,1776264,Espumador Ultracomb De Leche 200 Ml 450 W El-8501,55079.00,si,2026-10-06,64799.00,7790368023072
Carrefour,1755027,Depósito Recolector de Leche Materna Gadnic Protector de Pezón,19999.00,si,2026-10-06,25999.00,7427255317685
Carrefour,655931,Helado cono Epa crunchy crema + dulce de leche 88 g,6839.00,,2026-10-06,6839.00,7613035242746
Carrefour,786464,Espumador y calentador de leche Atma 94elat21bn,87900.00,,2026-10-06,87900.00,7796962005537
Carrefour,765556,Yogur Griego natural sin endulzar Yogurísimo 300 grs,5159.00,,2026-10-06,5159.00,7791337010017
Carrefour,760422,Yogur batido Ser PRO+ con proteínas sabor natural 175 grs,3565.00,,2026-10-06,3565.00,7791337009660
Carrefour,765129,Yogur Griego sabor vainilla Yogurísimo 140 grs,2360.00,,2026-10-06,2360.00,7791337009950
Carrefour,765132,Yogur Griego natural sin endulzar Yogurísimo 190 grs,3435.00,,2026-10-06,3435.00,7791337009998
Carrefour,760423,Yogur batido Ser PRO + con proteínas sabor frutos rojos 175 grs,3565.00,,2026-10-06,3565.00,7791337009677
Carrefour,719268,Yogur cremoso Milkaut sabor natural en pote 180 g.,2499.00,,2026-10-06,2499.00,7794820902721
Carrefour,765127,Yogur Griego sabor frutilla Yogurísimo 140 grs,2360.00,,2026-10-06,2360.00,7791337009943
Carrefour,774686,Yogur Firme Entero Vainilla La Serenísima Nutrición Activa 120 grs,1380.00,,2026-10-06,1380.00,7791337010420
Carrefour,760424,Yogur bebible Ser PRO+ con proteínas sabor frutillas y arándanos 190 grs,3565.00,,2026-10-06,3565.00,7791337009820
Carrefour,772810,Yogur sachet entero sabor frutilla La Serenísima Nutrición Activa 1300 grs,5635.00,,2026-10-06,5635.00,7791337010512
Carrefour,765555,Yogur Griego natural endulzado Yogurísimo 300 grs,5159.00,,2026-10-06,5159.00,7791337010000
Carrefour,760425,Yogur bebible Ser PRO+ con proteínas sabor vainilla 190 grs,3565.00,,2026-10-06,3565.00,7791337939813
Carrefour,774679,Yogur Cremoso Vainilla Descremado La Serenísima Nutrición Activa 120 grs,1380.00,,2026-10-06,1380.00,7791337010307
Carrefour,767878,Yogur bebible entero Carrefour Classic sabor frutilla 900 ml,2890.00,,2026-10-06,2890.00,7791720046173
Carrefour,774676,Yogur Cremoso Entero Frutilla La Serenísima Nutrición Activa 120 grs,1380.00,,2026-10-06,1380.00,7791337010260
Carrefour,773577,Yogur entero natural cremoso Milkaut en pote 300 grs,3995.00,,2026-10-06,3995.00,7794820903612
Carrefour,765559,Yogur Griego con Frutilla Yogurísimo 125 grs,3590.00,,2026-10-06,3590.00,7791337009974
Carrefour,772809,Yogur sachet entero sabor vainilla La Serenísima Nutrición Activa 1300 grs,5635.00,,2026-10-06,5635.00,7791337010505
Carrefour,767879,Yogur bebible entero Carrefour Classic sabor vainilla 900 ml,2890.00,,2026-10-06,2890.00,7791720046180
Carrefour,774681,Yogur Cremoso Frutilla Descremado La Serenísima Nutrición Activa 120grs,1380.00,,2026-10-06,1380.00,7791337010314
Carrefour,765558,Yogur Griego con Arándanos Yogurísimo 125 grs,3590.00,,2026-10-06,3590.00,7791337010147
Carrefour,772803,Yogur firme entero sabor vainilla La Serenísima Nutrición Activa 190 grs,2155.00,,2026-10-06,2155.00,7791337010192
Carrefour,739101,Yogur firme entero de vainilla Ilolay en pote 120 g.,1079.00,,2026-10-06,1079.00,7790787960422
Carrefour,774685,Yogur Firme Entero Sabor Frutilla La Serenísima Nutrición Activa 120 grs,1380.00,,2026-10-06,1380.00,7791337010413
Carrefour,773383,Yogur firme descremado sabor vainilla La Serenísima Nutrición Activa 190 grs,2155.00,,2026-10-06,2155.00,7791337010321
Carrefour,772811,Yogur cremoso sabor natural La Serenísima Nutrición Activa 120 grs,1380.00,,2026-10-06,1380.00,7791337010727
Carrefour,767880,Yogur bebible descremado Carrefour Classic sabor frutilla 900 ml,2890.00,,2026-10-06,2890.00,7791720046197
Carrefour,774683,Yogur Cremoso Entero Vainilla La Serenísima Nutrición Activa 480 grs,4700.00,,2026-10-06,4700.00,7791337010390
Carrefour,765554,Yogur Griego natural endulzado Yogurísimo 190 grs,3435.00,,2026-10-06,3435.00,7791337009981
Carrefour,773394,Yogur entero cremoso con cereales La Serenísima Nutrición Activa 159 grs (yogur 145g + cereal 14g),3180.00,,2026-10-06,3180.00,7791337010444
Carrefour,686544,Yogur entero Milkaut frutilla sachet 900 g.,4629.00,,2026-10-06,4629.00,7794820902264
Carrefour,784436,Yogur batido con proteínas sabor vainilla caramel 175 grs,3565.00,,2026-10-06,3565.00,7791337010772
Carrefour,774684,Yogur Cremoso Entero Frutilla La Serenísima Nutrición Activa 480 grs,4700.00,,2026-10-06,4700.00,7791337010406
Carrefour,783315,Yogur griego bebible natural Yogurísimo 900 grs,6429.00,,2026-10-06,6429.00,7791337010871
Carrefour,730467,Yogur p desc Ilolay cremoso vainilla 120 g.,1079.00,,2026-10-06,1079.00,7790787960378
Carrefour,765557,Yogur Griego con granola Yogurísimo 168 grs,4285.00,,2026-10-06,4285.00,7791337010093
Carrefour,774689,Yogur Cremoso Entero Durazno La Serenísima Nutrición Activa 120 grs,1380.00,,2026-10-06,1380.00,7791337010437
Carrefour,744851,Yogur cremoso entero de frutilla Milkaut en pote 120 g.,1395.00,,2026-10-06,1395.00,7794820903230
Carrefour,783314,Yogur griego bebible Yogurísimo sabor frutilla 1100 grs,7059.00,,2026-10-06,7059.00,7791337010895
Carrefour,736391,Yogur batido sabor vainilla Ser Calci+ 120 grs,2635.00,,2026-10-06,2635.00,7791337008564
Carrefour,772802,Yogur firme entero sabor frutilla La Serenísima Nutrición Activa 190 grs,2155.00,,2026-10-06,2155.00,7791337010185
Carrefour,765913,Yogur natural Dahi estilo griego en frasco 190 grs,3409.00,,2026-10-06,3409.00,7798136870859
Carrefour,774675,Yogur Cremoso Entero Vainilla La Serenísima Nutrición Activa 120 grs,1380.00,,2026-10-06,1380.00,7791337010208
Carrefour,686543,Yogur entero Milkaut vainilla sachet 900 g.,4629.00,,2026-10-06,4629.00,7794820902257
Carrefour,736389,Yogur colchón sabor frutilla dulce Ser 175 grs,3850.00,,2026-10-06,3850.00,7791337008588
Carrefour,736392,Yogur batido sabor frutos rojos Ser Calci+ 120 grs,2635.00,,2026-10-06,2635.00,7791337008571
Carrefour,727803,Yogur firme Dahi natural en frasco 190 g.,2820.00,,2026-10-06,2820.00,7798136870545
Carrefour,773575,Yogur descremado natural cremoso Milkaut en pote 300 grs,4075.00,,2026-10-06,4075.00,7794820903711
Carrefour,746403,Yogur bebible entero de frutilla Gran Compra 900 g.,3525.00,,2026-10-06,3525.00,7791337009684
Carrefour,762115,Yogur batido Carrefour Extra colchón de frutos del bosque en frasco 200 grs,3090.00,,2026-10-06,3090.00,7791720045138
Carrefour,770604,Yogur descremado natural Milkaut tetra 950 grs,5875.00,,2026-10-06,5875.00,7794820903605
Carrefour,723160,Yogur entero Milkaut de vainilla 0 lact en pote 120 g.,1595.00,,2026-10-06,1595.00,7794820902806
Carrefour,773391,Yogur firme descremado sabor frutilla La Serenísima Nutrición Activa 190 grs,2155.00,,2026-10-06,2155.00,7791337010338
Carrefour,773403,Yogur Sachet Deslactosado Frutilla La Serenísima Nutrición Activa 900 grs,5429.00,,2026-10-06,5429.00,7791337010499
Carrefour,739581,Yogur Danonino Bebible Sabor Frutilla 100 grs,1965.00,,2026-10-06,1965.00,7791337008670
Carrefour,762116,Yogur batido Carrefour Extra colchón de frutilla en frasco 200 grs,3090.00,,2026-10-06,3090.00,7791720045121
Carrefour,746136,Yogur bebible sabor frutilla Ser 900 grs,6365.00,,2026-10-06,6365.00,7791337009639
Carrefour,783320,Yogur griego firme natural Yogurísimo pote 180 grs,3045.00,,2026-10-06,3045.00,7791337010932
Carrefour,783815,Yogur Firme Entero Sabor Vainilla La Serenísima Nutrición Activa 480 grs,4700.00,,2026-10-06,4700.00,7791337010789
Carrefour,771214,Yogur natural Carrefour Extra en frasco 200 grs,3090.00,,2026-10-06,3090.00,7791720048122
Carrefour,773397,Yogur entero cremoso con Rocklets La Serenísima Nutrición Activa 164 grs (yogur 140 grs + cereal 24 grs),3675.00,,2026-10-06,3675.00,7791337010451
Carrefour,783313,Yogur griego bebible Yogurísimo sabor vainilla 1100 grs,7059.00,,2026-10-06,7059.00,7791337010901
Carrefour,726986,Yogur batido descremado Dahi frutos del bosque en frasco 190 g.,3409.00,,2026-10-06,3409.00,7798136870682
Carrefour,717781,Yogur firme sabor vainilla Ser 190 grs,2985.00,,2026-10-06,2985.00,7791337007246
Carrefour,784437,Yogur Bebible Ser Pro+ con proteínas sabor banana 190 grs,3565.00,,2026-10-06,3565.00,7791337010765
Carrefour,774677,Yogur Descremado Cremoso con cereales La Serenísima Nutrición Activa 157 grs,3210.00,,2026-10-06,3210.00,7791337010291
Carrefour,720835,Yogur batido con cereales con miel Ser 166 grs,4475.00,,2026-10-06,4475.00,7791337007666
Carrefour,721682,Yogur firme vainilla Gran Compra 120 grs,1010.00,,2026-10-06,1010.00,7791337007178
Carrefour,783312,Yogur griego bebible Yogurísimo sabor frutilla 900 grs,6429.00,,2026-10-06,6429.00,7791337010833
Carrefour,783318,Yogur griego firme Yogurísimo sabor vainilla pote 180 grs,3045.00,,2026-10-06,3045.00,7791337010925
Carrefour,744852,Yogur cremoso entero de vainilla Milkaut en pote 120 g.,1395.00,,2026-10-06,1395.00,7794820903223
Carrefour,762117,Yogur batido Carrefour Extra colchón de durazno en frasco 200 grs,3090.00,,2026-10-06,3090.00,7791720045145
Carrefour,721998,Yogur batido sabor natural Ser 300 grs,5169.00,,2026-10-06,5169.00,7791337007208
Carrefour,746137,Yogur bebible sabor vainilla Ser 900 grs,6365.00,,2026-10-06,6365.00,7791337009622
Carrefour,723158,Yogur entero Milkaut de frutilla 0 lact en pote 120 g.,1595.00,,2026-10-06,1595.00,7794820902790
Carrefour,746404,Yogur bebible entero de vainilla Gran Compra 900 g.,3525.00,,2026-10-06,3525.00,7791337009691
Carrefour,773400,Yogur sachet deslactosado sabor vainilla La Serenísima Nutrición Activa 900 grs,5429.00,,2026-10-06,5429.00,7791337010482
Carrefour,720860,Yogur bebible sabor multifruta Ser 190 grs,3475.00,,2026-10-06,3475.00,7791337007185
Carrefour,739070,Yogur bebible descremado de vinilla Ilolay en sachet 900 g.,4049.00,,2026-10-06,4049.00,7790787960569
Carrefour,729666,Yogur bebible entero Milkaut de frutilla 0 lactosa en sachet 900 g.,4699.00,,2026-10-06,4699.00,7794820903049
Carrefour,760572,Yogur cremoso entero Milkaut de vainilla en pote 180 grs,2045.00,,2026-10-06,2045.00,7794820903483
Carrefour,783316,Yogur griego bebible Yogurísimo sabor vainilla 900 grs,6429.00,,2026-10-06,6429.00,7791337010857
Carrefour,719266,Yogur descremado Milkaut de frutilla en sachet 900 g.,4629.00,,2026-10-06,4629.00,7794820902707
Carrefour,741421,Yogur bebible sachet ciruela​ Activia 900 grs,6369.00,,2026-10-06,6369.00,7791337009400
Carrefour,723148,Yogur entero Milkaut con frutilla en trozos 150 g.,2565.00,,2026-10-06,2565.00,7794820902813
Carrefour,783814,Yogur Firme Entero Sabor Frutilla La Serenísima Nutrición Activa 480 grs,4700.00,,2026-10-06,4700.00,7791337010796
Carrefour,746243,Yogur firme enteo Milkaut de vainilla en pote 180 g.,2045.00,,2026-10-06,2045.00,7794820903247
Carrefour,721681,Yogur firme frutilla Gran Compra 120 grs,1010.00,,2026-10-06,1010.00,7791337007161
Carrefour,746241,Yogur entero Milkaut de frutilla brick 950 g.,5499.00,,2026-10-06,5499.00,7794820903209
Carrefour,722426,Yogur entero Milkaut de frutilla en sachet 1.2 lts.,5965.00,,2026-10-06,5965.00,7794820902899
Carrefour,783319,Yogur griego firme Yogurísimo sabor frutilla pote 180 grs,3045.00,,2026-10-06,3045.00,7791337010918
Carrefour,739585,"Yogur Danonino Batido Sabor Vainilla 80,5 grs",1325.00,,2026-10-06,1325.00,7791337008656
Carrefour,760571,Yogur cremoso entero Milkaut de frutilla en pote 180 grs,2045.00,,2026-10-06,2045.00,7794820903490
Carrefour,719267,Yogur descremado Milkaut de vainilla en sachet 900 g.,4629.00,,2026-10-06,4629.00,7794820902714
Carrefour,722427,Yogur entero Milkaut sabor vainilla sachet 1.2 lts.,5965.00,,2026-10-06,5965.00,7794820902905
Carrefour,766651,Yogur cremoso descremado balance Milkaut de vainilla en pote 180 grs,2049.00,,2026-10-06,2049.00,7794820903506
Carrefour,739582,Yogur bebible Danonino de vainilla en botella 100 ml,1965.00,,2026-10-06,1965.00,7791337008687
Carrefour,720861,Yogur bebible sabor frutilla Ser 190 grs,3475.00,,2026-10-06,3475.00,7791337007192
Carrefour,729667,Yogur entero Milkaut de vainilla 0 lactosa 900 g.,4699.00,,2026-10-06,4699.00,7794820903056
Carrefour,717782,Yogur firme sabor frutilla Ser 190 grs,2985.00,,2026-10-06,2985.00,7791337007864
Carrefour,728268,Yogur firme descremado Dahi de vainilla en frasco 190 g.,2820.00,,2026-10-06,2820.00,7798136870583
Carrefour,778399,Yogur griego Dahi con dulce de frambuesa 190 grs,3649.00,,2026-10-06,3649.00,7798136871603
Carrefour,762886,Yogur con cereales Carrefour Classic 160 grs,2250.00,,2026-10-06,2250.00,7791720045084
Carrefour,741420,Yogur bebible sachet manzana frutilla Activia 900 grs,6369.00,,2026-10-06,6369.00,7791337009394
Carrefour,746240,Yogur entero Milkaut de vainilla brick 950 g.,5499.00,,2026-10-06,5499.00,7794820903216
Carrefour,739584,Yogur Danonino bebible Sabor Frutilla 185 grs,3320.00,,2026-10-06,3320.00,7791337008694
Carrefour,729696,Yogur batido vainilla Gran Compra 120 grs,1010.00,,2026-10-06,1010.00,7791337008212
Carrefour,727805,Yogur batido entero Dahi de frutilla en frasco 190 g.,3409.00,,2026-10-06,3409.00,7798136870613
Carrefour,766650,Yogur cremoso descremado balance Milkaut de frutilla en pote 180 grs,2049.00,,2026-10-06,2049.00,7794820903513
Carrefour,729697,Yogur batido frutilla Gran Compra 120 grs,1010.00,,2026-10-06,1010.00,7791337008236
Carrefour,746242,Yogur firme entero Milkaut de frutilla en pote 180 g.,2045.00,,2026-10-06,2045.00,7794820903254
Carrefour,784438,Yogur griego natural con cereales Yogurisímo 162 grs,4285.00,,2026-10-06,4285.00,7791337010802
Carrefour,739583,Yogur Danonino bebible Sabor Vainilla 185 grs,3319.00,,2026-10-06,3319.00,7791337008700
Carrefour,784435,Yogur griego bebible Yogurisímo sabor frutilla 190 grs,3815.00,,2026-10-06,3815.00,7791337010826
Carrefour,723152,Yogur entero Milkaut de vainilla con cereales en pote 155 g.,3000.00,,2026-10-06,3000.00,7794820902844
Carrefour,746189,Yogur plant bas colchón de frutos de bosque Felices las Vacas 125 g.,2069.00,,2026-10-06,2069.00,727373157819
Carrefour,723153,Yogur entero Milkaut de frutilla con cereales en pote 155 g.,3000.00,,2026-10-06,3000.00,7794820902837
Carrefour,726424,Yogur batido entero Dahi frutos del bosque en frasco 190 g.,3410.00,,2026-10-06,3410.00,7798136870620
Carrefour,728275,Yogur batido descremado Dahi de frutilla en frasco 190 g.,3410.00,,2026-10-06,3410.00,7798136870675
Carrefour,784434,Yogur griego bebible Yogurisímo sabor vainilla 190 grs,3815.00,,2026-10-06,3815.00,7791337010840
Carrefour,746191,Yogur plant bas colchón mango y maracuya Felices las Vacas 125 g.,2069.00,,2026-10-06,2069.00,727373157826
Carrefour,658504,Yogur descremado Familia Beaudroit artesanal frutos rojos 160 g.,3379.00,,2026-10-06,3379.00,7798327950117
Carrefour,649230,Yogur bebible parcialmente descremado con sucralosa sabor durazno 250 ml.,3700.00,,2026-10-06,3700.00,744430256186
Carrefour,784713,Yogur cremoso Milkaut sabor vainilla 300 grs,2999.00,,2026-10-06,2999.00,7794820903988
Carrefour,649233,Yogur bebible parcialmente descremado con Sucralosa sabor frutilla 250 ml.,3700.00,,2026-10-06,3700.00,744430256209
Carrefour,784714,Yogur cremoso Milkaut sabor frutilla 300 grs,3305.00,,2026-10-06,3305.00,7794820903971
Carrefour,649231,Yogur bebible parcialmente descremado con sucralosa sabor banana 250 ml.,3700.00,,2026-10-06,3700.00,744430256193
Carrefour,640506,Yogur entero bebible Dahi frutos del bosque 200 g.,2329.00,,2026-10-06,2329.00,7798136870255
Carrefour,662408,Yogur helado griego Karinat 120 g,4769.00,,2026-10-06,4769.00,7798141132591
Carrefour,786308,Yogur bebible proteico Dahi sabor frutos rojos botella 200 grs,3648.54,,2026-10-06,3648.54,7798136872228
Carrefour,773387,Sachet yogur descremado frutilla La Serenísima Nutrición Activa 900 grs,4590.00,,2026-10-06,4590.00,7791337010475
Carrefour,772804,Sachet yogur entero sabor frutilla La Serenísima Nutrición Activa 900 grs,4590.00,,2026-10-06,4590.00,7791337010215
Carrefour,773380,Sachet yogur descremado sabor vainilla La Serenísima Nutrición Activa 900 grs,4590.00,,2026-10-06,4590.00,7791337010468
Carrefour,604117,Barra de cereal frutilla yogur Carrefour Classic 3 uni,2150.00,,2026-10-06,2150.00,7798159717742
Carrefour,650964,Barrita de cereal Cereal Mix light yogur frutilla 1 u.,1349.00,,2026-10-06,1349.00,77965370
Carrefour,772808,Sachet yogur entero sabor durazno La Serenísima Nutrición Activa 900 grs,4590.00,,2026-10-06,4590.00,7791337010376
Carrefour,772807,Sachet yogur entero sabor vainilla La Serenísima Nutrición Activa 900 grs,4590.00,,2026-10-06,4590.00,7791337010369
Carrefour,768599,Barra de cereal Frutty de frutilla con yogur 24 grs,900.00,,2026-10-06,900.00,7792280006300
Carrefour,749523,Producto a base de yogurt Las Tres Niñas sabor vainilla 190 grs,2159.00,,2026-10-06,2159.00,7798338291537
Carrefour,749522,Producto a base de yogurt Las Tres Niñas sabor frutilla 190 grs,2169.00,,2026-10-06,2169.00,7798338291520
Carrefour,736740,Jogurtti neutro base de almendras 170 g.,2415.00,,2026-10-06,2415.00,763571670491
Carrefour,725019,Caramelos confitados Flynn paff yogur 50 g.,1319.00,,2026-10-06,1319.00,7790380029861
Carrefour,761629,Producto a base de yogur Las 3 Niñas sabor vainilla 500 grs,4070.00,,2026-10-06,4070.00,7798338291544
Carrefour,1767666,Yogurtera Cuk By Gadnic 1500ml Yogur Griego Panel Digital,183849.00,si,2026-10-06,239004.00,7799219114129
Carrefour,683003,Manteca La serenisima light 200 g.,4629.00,,2026-10-06,4629.00,7790742345707
Carrefour,757964,Manteca Tonadita sin lactosa 200 grs,4499.00,,2026-10-06,4499.00,7798060853300
Carrefour,670206,Manteca Ghee cows clarificada sin TACC 300 g.,17189.00,,2026-10-06,17189.00,8904150126264
Carrefour,780515,Manteca clarificada Ghee Entrenuts frasco 300 grs,15450.00,,2026-10-06,15450.00,7798446310137
Carrefour,699856,Manteca clarificada ghee Beepure frasco 270 g.,19750.00,,2026-10-06,19750.00,7798165591268
Carrefour,271962,Medialunas con manteca x 12 uni,5509.00,si,2026-10-06,6225.00,2920358900006
Carrefour,530400,Levadura fresca prensada Calsa 50 g,625.00,,2026-10-06,625.00,7790813110401
Carrefour,726174,Margarina Danica soft light en pote 200 g.,2819.00,,2026-10-06,2819.00,7791620187761
Carrefour,726170,Margarina en pan Danica clásica 200 g.,2349.00,,2026-10-06,2349.00,7791620187808
Carrefour,150943,Medialunas de manteca x 6 u.,2755.00,si,2026-10-06,3115.00,2920092600002
Carrefour,718293,Palmeritas de manteca El Mercado 200 g.,5490.00,si,2026-10-06,6729.00,7791720028070
Carrefour,726171,Margarina en pan Margadan 200 g.,2035.00,,2026-10-06,2035.00,7791620187822
Carrefour,769902,Jabón de Tocador Palmolive Naturals Nutrición Exfoliante Jazmín y Manteca de Cacao 85 grs,979.00,,2026-10-06,979.00,7891024034880
Carrefour,660433,Levadura instantánea con masa madre Levex paquete 13 g.,709.00,,2026-10-06,709.00,7798018851211
Carrefour,606024,Galletitas de manteca Carrefour Classic 250 grs,1990.00,,2026-10-06,1990.00,7791720002148
Carrefour,702651,Levadura fresca Calsa con masa madre flow pack 50 g,695.00,,2026-10-06,695.00,7790813957280
Carrefour,686922,Levadura prensada Levex en cubito 50 g.,850.00,,2026-10-06,850.00,7798018851341
Carrefour,582060,Rollo Papel Manteca Separata 5mts x 28 cm,5999.00,,2026-10-06,5999.00,7790117061096
Carrefour,735801,Crema corporal Nivea Soft Milk 5 en 1 suavidad y humectación profunda piel seca 400 ml.,12099.00,,2026-10-06,12099.00,4006000040424
Carrefour,515929,Levadura fresca prensada Calsa Amasa Fácil 50 g,695.00,,2026-10-06,695.00,7790813900989
Carrefour,748752,Rollo papel manteca Bulnez x 4 mts,5090.00,,2026-10-06,5090.00,7798282170865
Carrefour,783093,Levadura seca masa madre de centeno Levex sobre 10 grs,770.00,,2026-10-06,770.00,7798018853222
Carrefour,530819,Galletitas mini Par-nor mantecas bolsa 170 g.,1650.00,,2026-10-06,1650.00,7791324156919
Carrefour,425893,Medialuna de manteca x 3 uni,1379.00,si,2026-10-06,1555.00,2920009000000
Carrefour,16781,Papel manteca Rolopac x 5 mts,8090.00,,2026-10-06,8090.00,7790065000048
Carrefour,752332,Rollo papel manteca Carrefour 28 cm x 5 mts,7590.00,,2026-10-06,7590.00,7790065007528
Carrefour,728751,Pochoclo manteca light Popcorn para microondas 89 g.,2130.00,,2026-10-06,2130.00,7798031470642
Carrefour,735800,Crema corporal Nivea Soft Milk 5 en 1 suavidad y humectación profunda piel seca 250 ml.,8899.00,,2026-10-06,8899.00,4006000040417
Carrefour,534993,Figacitas de manteca x 8 uni,3790.00,,2026-10-06,3790.00,7798133500056
Carrefour,776515,Crema corporal Go To Be manteca de karité Glow in Progress 240 ml,16110.00,,2026-10-06,16110.00,7791274201929
Carrefour,776516,Crema corporal Go To Be manteca de karité Chill Not Boring 240 ml,16110.00,,2026-10-06,16110.00,7791274201936
Carrefour,670051,Balsamo labial Botik jengibre menta 1 uni,7709.00,,2026-10-06,7709.00,634301920967
Carrefour,776519,Crema corporal Go To Be manteca de kerité The Plot Twis 340 ml,16110.00,,2026-10-06,16110.00,7791274201943
Carrefour,785054,Galletas de manteca Sables Le Mere Poulard 125 grs,11850.00,,2026-10-06,11850.00,3472860051053
Carrefour,785055,Galletitas de manteca Palets Le Mere Poulard 125 grs,11850.00,,2026-10-06,11850.00,3472860054016
Carrefour,718516,Acondicionador Dove Reconstrucción + Aminoácido 400 ml,10165.00,,2026-10-06,10165.00,7791293047508
Carrefour,727453,Acondicionador Dove Hidratación + Hialuron Vit 400 ml,10165.00,,2026-10-06,10165.00,7791293050355
Carrefour,718518,Acondicionador Dove Regeneración + Retinol 400 ml,10165.00,,2026-10-06,10165.00,7791293047522
Carrefour,760567,Acondicionador Tresemmé keratina antifrizz 500 ml,11409.00,,2026-10-06,11409.00,7791293049960
Carrefour,722779,Acondicionador Elvive Hidra Hialuronico 400 ml,11989.00,,2026-10-06,11989.00,7509552902358
Carrefour,715071,Acondicionador Sedal crema balance toque de seda 650 ml,10249.00,,2026-10-06,10249.00,7791293045993
Carrefour,756369,Acondicionador Sedal Luminous UV 650 ml,10249.00,,2026-10-06,10249.00,7791293051475
Carrefour,726119,Acondicionador Elvive RT5 Keratin 400 ml,11989.00,,2026-10-06,11989.00,7509552902815
Carrefour,718741,Crema dental Oral B 4 en 1 180 g.,6879.00,,2026-10-06,6879.00,7500435204781
Carrefour,738467,Crema dental dople protección Odol 90 g.,2349.00,,2026-10-06,2349.00,7509546692258
Carrefour,730396,Acondicionador Tresemme keratina antifrizz 880 cc.,18109.00,,2026-10-06,18109.00,7791293049984
Carrefour,468360,Acondicionador Pantene restauración 400 ml,11765.00,,2026-10-06,11765.00,7501006721317
Carrefour,728722,Crema de Peinar Sedal Rizos Definidos 300 ml,6689.00,,2026-10-06,6689.00,7791293050560
Carrefour,722032,Acondicionador Elvive pure 400 ml,11989.00,,2026-10-06,11989.00,7509552876482
Carrefour,456090,Crema corporal hidratante Nivea Milk Nutritiva para piel extra seca 400 ml,13890.00,,2026-10-06,13890.00,4005808319695
Carrefour,715042,Acondicionador Sedal Ceramidas botella 650 ml,10249.00,,2026-10-06,10249.00,7791293045986
Carrefour,743823,Acondicionador Dove Bond Repair + Péptido 250 ml,10489.00,,2026-10-06,10489.00,7891150097148
Carrefour,715070,Acondicionador Sedal crema balance 340 cc.,6384.62,,2026-10-06,6384.62,7791293045948
Carrefour,714801,Acondicionador Oleo Extraordinario Nutricion Universal 400 ml,11989.00,,2026-10-06,11989.00,7509552791280
Carrefour,617987,Crema hidratante intensiva Nivea creme en lata para todo tipo de piel 60 ml.,4325.00,,2026-10-06,4325.00,4005800137679
Carrefour,745306,Crema dental blanq extra fresh Sensodyne 140 g.,9719.00,,2026-10-06,9719.00,7896009499128
Carrefour,456088,Crema corporal hidratante Nivea Milk Nutritiva para piel extra seca 250 ml,8969.00,,2026-10-06,8969.00,4005808315093
Carrefour,694259,Acondicionador Algabo suavidad 930 cc.,3770.00,,2026-10-06,3770.00,7791274199486
Carrefour,726963,Crema corporal Vielleneuve piel extra seca 400 cc,8750.00,,2026-10-06,8750.00,7793008018766
Carrefour,715049,Acondicionador sedal perfecto liso 650 cc.,10249.00,,2026-10-06,10249.00,7791293046006
Carrefour,698446,Plusbelle Acondicionador Brillo 1 lt,5529.00,,2026-10-06,5529.00,7790740000318
Carrefour,698448,Plusbelle Acondicionador Suavidad 1 lt,5529.00,,2026-10-06,5529.00,7790740000332
Carrefour,760563,Acondicionador Tresemmé liso profundo 500 ml,11409.00,,2026-10-06,11409.00,7791293050126
Carrefour,761140,Acondicionador Elvive Dream Liso 400 ml,13489.00,,2026-10-06,13489.00,7509552964394
Carrefour,760561,Acondicionador Tresemme Cauterización Reparadora 500 ml,11409.00,,2026-10-06,11409.00,7791293050041
Carrefour,760559,Acondicionador Tresemmé brillo lamelar 500 ml,11409.00,,2026-10-06,11409.00,7791293049878
Carrefour,697469,Crema corporal Hinds rosa plus 350 ml,7949.00,,2026-10-06,7949.00,7794640173080
Carrefour,613531,Crema corporal St. Ives avena y karité 532 ml,11429.00,,2026-10-06,11429.00,7791293033013
Carrefour,722794,Acondicionador Elvive Colorvive 400 ml,11989.00,,2026-10-06,11989.00,7509552902891
Carrefour,718530,Acondicionador Dove Regeneración + Retinol 200 ml,6619.00,,2026-10-06,6619.00,7791293047072
Carrefour,730389,Acondicionador Tresemme liso efecto botox 880 cc.,18109.00,,2026-10-06,18109.00,7791293050140
Carrefour,778714,Acondicionador Dove Regeneración + Retinol 650 ml,17695.00,,2026-10-06,17695.00,7791293052045
Carrefour,778713,Acondicionador Dove Reconstrucción + Aminoácido 650 ml,17695.00,,2026-10-06,17695.00,7791293052038
Carrefour,743381,Acondicionador Elvive Glycolic Gloss 400 ml,13489.00,,2026-10-06,13489.00,7509552930344
Carrefour,733816,Acondicionador Pantene liso infinito Pro-V milagros 400 ml.,11765.00,,2026-10-06,11765.00,7500435235365
Carrefour,715046,Acondicionador Sedal Restauración Instantánea 650 ml,10249.00,,2026-10-06,10249.00,7791293046013
Carrefour,715052,Acondicionador Sedal Rizos Definidos 650 ml,10249.00,,2026-10-06,10249.00,7791293046020
Carrefour,756368,Acondicionador Sedal Luminous UV 340 ml,6384.62,,2026-10-06,6384.62,7791293051468
Carrefour,726116,Acondicionador Elvive RT5 Keratin 750 ml,21990.00,,2026-10-06,21990.00,7509552902471
Carrefour,780944,Crema de pistacho Carrefour Extra 190 grs,9690.00,,2026-10-06,9690.00,7791720051177
Carrefour,726962,Crema corporal Villeneuve piel seca 400 cc,8750.00,,2026-10-06,8750.00,7793008018803
Carrefour,735797,Crema corporal Nivea Hidratación Express humectación profunda piel normal a seca 400 ml,12099.00,,2026-10-06,12099.00,4006000040363
Carrefour,769236,Crema dental Sensodyne Kids proesmalte 90 grs,6940.00,,2026-10-06,6940.00,7794640173585
Carrefour,722031,Acondicionador Elvive Hialuronico Pure 200 ml,7990.00,,2026-10-06,7990.00,7509552876420
Carrefour,468354,Acondicionador Pantene restauración 200 ml,6675.00,,2026-10-06,6675.00,7501006721294
Carrefour,779960,Acondicionador Sedal Mega Crecimiento 650 ml,10249.00,,2026-10-06,10249.00,7791293052267
Carrefour,771157,Crema facial Nivea Care cuidado nutritivo 100 ml,8069.00,,2026-10-06,8069.00,42277057
Carrefour,760658,Acondicionador Pantene Pro-V Miracles Colágeno Nutre & Revitaliza 510 ml,18649.00,,2026-10-06,18649.00,7500435191494
Carrefour,779153,Acondicionador Collagen Lifter 400 ml,13489.00,,2026-10-06,13489.00,7790033342125
Carrefour,715041,Acondicionador Sedal Ceramidas botella 340 ml,6384.62,,2026-10-06,6384.62,7791293045931
Carrefour,779958,Acondicionador Sedal Mega Crecimiento 340 ml,6384.62,,2026-10-06,6384.62,7791293052250
Carrefour,715068,Acondicionador Sedal crema balance 190 cc.,4275.00,,2026-10-06,4275.00,7791293045863
Carrefour,730302,Acondicionador Suave Brillo Ceramidas 930 ml,4755.00,,2026-10-06,4755.00,7791293050423
Carrefour,643852,Acondicionador Carrefour Soft algas hidratante 500 ml,1890.00,,2026-10-06,1890.00,7791720018538
Carrefour,715030,Acondicionador Sedal hialuronico y vitamina a 190 cc.,4275.00,,2026-10-06,4275.00,7791293046426
Carrefour,745308,Crema dental protección comp Sensodyne 140 g.,11079.00,,2026-10-06,11079.00,7896009498978
Carrefour,730381,Acondicionador Tresemme cauterización reparadora 250 cc.,7155.00,,2026-10-06,7155.00,7791293050003
Carrefour,730402,Acondicionador Tresemme ondas boho 880 cc.,18109.00,,2026-10-06,18109.00,7791293050225
Carrefour,761143,Acondicionador Elvive dream liso 750 ml,22989.00,,2026-10-06,22989.00,7509552964400
Carrefour,697468,Crema corporal Hinds rosa plus 250 ml,6089.00,,2026-10-06,6089.00,7794640173073
Carrefour,770079,Crema facial hidratante Dermaglós todo tipo de piel 50 grs,20339.00,,2026-10-06,20339.00,7793742008740
Carrefour,767608,Crema facial Nivea cuidado radiante y unificada 100 ml,8069.00,,2026-10-06,8069.00,42277071
Carrefour,769013,Crema corporal Cicatricure Hidratación intensiva 400 ml,13839.00,,2026-10-06,13839.00,7798420160611
Carrefour,728723,Crema de peinar Sedal hialuronico + vitamina A 300 ml,6689.00,,2026-10-06,6689.00,7791293050577
Carrefour,768592,Acondicionador Dove UV Repair & Glow 250 ml,10489.00,,2026-10-06,10489.00,7891150103474
Carrefour,694260,Acondicionador Algabo brillo 930 cc.,3770.00,,2026-10-06,3770.00,7791274199493
Carrefour,725520,Crema facial Humectante Teatrical V2 100 grs,4500.00,,2026-10-06,4500.00,7798140257554
Carrefour,728226,Crema Para Peinar Fructis Rizos Poderosos 250 ml,8990.00,,2026-10-06,8990.00,7509552920949
Carrefour,705003,Crema Corporal Hinds hidratación extrema 250 ml,6300.00,,2026-10-06,6300.00,7794640173127
Carrefour,698447,Plusbelle Acondicionador Frescura 1 lt,5529.00,,2026-10-06,5529.00,7790740000325
Carrefour,715045,Acondicionador Sedal Restauración Instantánea 340 ml,6384.62,,2026-10-06,6384.62,7791293045962
Carrefour,613545,Crema corporal St. Ives avena y karité 350 ml,8150.00,,2026-10-06,8150.00,7791293033006
Carrefour,666172,Crema facial 7 en 1 Nivea Cuidado Antiarrugas para todo tipo de piel 100 ml,8069.00,,2026-10-06,8069.00,42277095
Carrefour,539415,Crema dental Parodontax con fluor 90 g.,8290.00,,2026-10-06,8290.00,7896015527457
Carrefour,723894,Acondicionador Pantene equilibrio 400 cc.,11765.00,,2026-10-06,11765.00,7500435230018
Carrefour,689331,Crema de avellanas con cacao Carrefour Classic 180 grs,5750.00,,2026-10-06,5750.00,7791720019238
Carrefour,716931,Crema chantilly Royal 50 g.,2189.00,,2026-10-06,2189.00,7622201705480
Carrefour,705002,Crema para manos Hinds hidratación extrema 90 ml,4609.00,,2026-10-06,4609.00,7794640173134
Carrefour,769600,Crema corporal hidratante Nivea Milk Nutritiva para piel extra seca 100 ml,5125.00,,2026-10-06,5125.00,4006000120294
Carrefour,780945,Crema de pistacho y avellanas Carrefour Extra 190 grs,8690.00,,2026-10-06,8690.00,7791720051184
Carrefour,769011,Crema corporal Cicatricure reparacion 400 ml,12550.00,,2026-10-06,12550.00,7798420160628
Carrefour,694258,Acondicionador Algabo hidratación 930 cc.,3770.00,,2026-10-06,3770.00,7791274199479
Carrefour,694723,Acondicionador Elvive dream long 400 cc,11989.00,,2026-10-06,11989.00,7509552790160
Carrefour,657837,Acondicionador Head & Shoulders termo protección caída 300 cc.,12725.00,,2026-10-06,12725.00,7500435147507
Carrefour,643854,Acondicionador Carrefour Soft ceramidas fortaceledor 500 ml,1890.00,,2026-10-06,1890.00,7791720018545
Carrefour,758825,Crema Para Peinar Fructis Probióticos Fuerza 250 ml,7489.00,,2026-10-06,7489.00,7509552964264
Carrefour,777459,Crema dental Sensodyne Clinical Repair 100 grs,12539.00,,2026-10-06,12539.00,7896009499166
Carrefour,366439,Crema Humectante Ponds Facial S 100 grs,5369.00,,2026-10-06,5369.00,7501056326142
Carrefour,726902,Crema dental Oral B 100% esmalte 70 g.,6339.00,,2026-10-06,6339.00,7500435153164
Carrefour,730377,Acondicionador Tresemme brillo lamelar 880 cc.,18109.00,,2026-10-06,18109.00,7791293049892
Carrefour,715039,Acondicionador Sedal ceramidas 190 cc.,4275.00,,2026-10-06,4275.00,7791293045856
Carrefour,761139,Acondicionador Elvive dream liso 200 ml,8609.00,,2026-10-06,8609.00,7509552964417
Carrefour,715051,Acondicionador Sedal Rizos Definidos 340 ml,6384.62,,2026-10-06,6384.62,7791293045979
Carrefour,730383,Acondicionador Tresemme cauterización reparadora 880 cc.,18109.00,,2026-10-06,18109.00,7791293050065
Carrefour,726961,Crema corporal Villeneuve piel equilibrada 400 cc,8750.00,,2026-10-06,8750.00,7793008018780
Carrefour,760659,Acondicionador Pantene colágeno 250 ml,10719.00,,2026-10-06,10719.00,7500435191586
Carrefour,779154,Acondicionador Collagen Lifter 750 ml,22989.00,,2026-10-06,22989.00,7790033346406
Carrefour,756367,Acondicionador Sedal Luminous UV 190 ml,4275.00,,2026-10-06,4275.00,7791293051451
Carrefour,769012,Crema corporal Cicatricure firmeza 400 ml,13839.00,,2026-10-06,13839.00,7798420160635
Carrefour,730303,Acondicionador Suave Hidratación Intensa 930 ml,4755.00,,2026-10-06,4755.00,7791293050430
Carrefour,730225,Crema Para Peinar Fructis Hydraliss 250 ml,8990.00,,2026-10-06,8990.00,7509552924862
Carrefour,779156,Crema Tratamiento Collagen Lifter 300 grs,15515.00,,2026-10-06,15515.00,7790033342149
Carrefour,712483,Acondicionador Algabo acaí y romero 750 cc.,4965.00,,2026-10-06,4965.00,7791274200595
Carrefour,702643,Crema antiedad Neutrogena face care intensive FPS 22 100 grs,13139.00,,2026-10-06,13139.00,7891010253820
Carrefour,760660,Acondicionador Pantene Pro-V Miracles Keratina Repara y Protege Reparador 510 ml,18649.00,,2026-10-06,18649.00,7500435241045
Carrefour,735793,Crema corporal Nivea hidratación express humectación profunda piel normal a seca 125 ml.,5119.00,,2026-10-06,5119.00,4006000040349
Carrefour,699125,Crema para manos Hinds rosa plus manos 90 ml,4350.00,,2026-10-06,4350.00,7794640173097
Carrefour,778488,Crema para Peinar Goodbye Daños Oil Control 300 ml,12990.00,,2026-10-06,12990.00,7509552962604
Carrefour,656238,Crema Cicatricure Age Care Reafirmante 50 grs,16350.00,,2026-10-06,16350.00,7798140259985
Carrefour,702645,Crema facial Neutrógena hidratante 3 en 1 100 g.,11905.00,,2026-10-06,11905.00,7891010253844
Carrefour,756370,Crema para Peinar Sedal Luminous UV 300 ml,6689.00,,2026-10-06,6689.00,7791293051482
Carrefour,779152,Acondicionador Collagen Lifter 200 ml,8609.00,,2026-10-06,8609.00,7790033342118
Carrefour,670575,Crema dental Sudanta cuidado total 100 grs,7459.00,,2026-10-06,7459.00,8906038782043
Carrefour,745307,Crema dental prot comp+antisarro Sensodyne 90 g.,8629.00,,2026-10-06,8629.00,7896009498794
Carrefour,613554,Crema Corporal St. Ives Humectación Diaria 532 ml,11429.00,,2026-10-06,11429.00,7791293033051
Carrefour,552413,Acondicionador Carrefour Soft manzana extra brillo 950 ml,4090.00,,2026-10-06,4090.00,7798159713959
Carrefour,743382,Acondicionador Elvive Glycolic Gloss 750 ml,22989.00,,2026-10-06,22989.00,7509552928273
Carrefour,760565,Acondicionador Tresemmé detox capilar 500 ml,11409.00,,2026-10-06,11409.00,7791293050263
Carrefour,649273,Crema hidratante corporal Neutrogena hydro boost gel 400 ml,16239.00,,2026-10-06,16239.00,7702031310914
Carrefour,767040,Crema dental Sudanta ultra blanqueadora 100 grs,7459.00,,2026-10-06,7459.00,8904150196243
Carrefour,552414,Acondicionador Carrefour Soft proteínas de trigo nutrición 950 ml,4090.00,,2026-10-06,4090.00,7798159713980
Carrefour,689333,Crema de avellanas con cacao duo Carrefour Classic 180 grs,5750.00,,2026-10-06,5750.00,7791720019252
Carrefour,614307,Crema Hidratante facial Neutrogena Hydro Boost water gel 50 grs,30299.00,,2026-10-06,30299.00,7891010882983
Carrefour,779155,Crema para Peinar Collagen Lifter 250 ml,11189.00,,2026-10-06,11189.00,7790033342132
Carrefour,730032,Crema corporal Algabo miel y almendras 400 cc.,6495.00,,2026-10-06,6495.00,7791274004728
Carrefour,715043,Acondicionador Sedal restauración 190 cc.,4275.00,,2026-10-06,4275.00,7791293045887
Carrefour,699128,Crema corporal Hinds rosa beauty 350 cc,8579.00,,2026-10-06,8579.00,7794640173110
Carrefour,729971,Crema corporal Dermaglós hidrtatación inm 300 g.,27369.00,,2026-10-06,27369.00,7793742007392
Carrefour,775126,Acondicionador Elvive Glycolic Cristal 400 ml,13489.00,,2026-10-06,13489.00,7790033338173
Carrefour,712484,Acondicionador Algabo oliva y argán 750 cc.,4965.00,,2026-10-06,4965.00,7791274200601
Carrefour,760663,Acondicionador Pantene keratina 250 ml,10719.00,,2026-10-06,10719.00,7500435241106
Carrefour,552412,Acondicionador Carrefour Soft ceramidas fortalecedor 950 cc.,4090.00,,2026-10-06,4090.00,7798159713966
Carrefour,737902,Crema rosa para piel seca Carrefour Soft en pomo 200 g.,3290.00,si,2026-10-06,4250.00,7791720036112
Carrefour,420352,Acondicionador Carrefour kids bubble Gum hipoalergénico 350 cc.,3390.00,si,2026-10-06,5550.00,7798108348850
Carrefour,643856,Acondicionador Carrefour Soft manzana extra brillo 500 ml,1890.00,,2026-10-06,1890.00,7791720018552
Carrefour,598735,Veet crema depilatoria corporal piel sensible 100 ml.,10145.00,,2026-10-06,10145.00,8002990292139
Carrefour,758034,Acondicionador Antiquiebre Pantene Biotinamina B3 para cabello frágil y quebradizo 510 ml,18649.00,,2026-10-06,18649.00,7500435248044
Carrefour,694725,Acondicionador Elvive dream long 750 cc,21990.00,,2026-10-06,21990.00,7509552790153
Carrefour,722787,Acondicionador Elvive Hidra Hialuronico 200 ml,7990.00,,2026-10-06,7990.00,7509552902341
Carrefour,752924,Crema para peinar argán Carrefour Soft 300 ml,4190.00,,2026-10-06,4190.00,7791720042014
Carrefour,761144,Crema para peinar Elvive dream liso 250 ml,11189.00,,2026-10-06,11189.00,7509552979541
Carrefour,725523,Crema facial Humectante Teatrical V2 200 grs,7050.00,,2026-10-06,7050.00,7798140257592
Carrefour,603643,Acondicionador Fortalecedor Diario Pantene Pro-V 3 Minute Miracle Hidratación Extrema 170 ml,11419.00,,2026-10-06,11419.00,7500435106412
Carrefour,758031,Acondicionador Pantene Prov Miracles anticaida 250 ml,10719.00,,2026-10-06,10719.00,7500435247955
Carrefour,613528,Crema Corporal St. Ives Exotic Naturals 532 ml,11429.00,,2026-10-06,11429.00,7791293033037
Carrefour,767042,Crema dental Sudanta encias sanas 100 grs,7459.00,,2026-10-06,7459.00,8904150196182
Carrefour,598762,Veet crema depilatoria corporal piel normal 100 ml.,10145.00,,2026-10-06,10145.00,8002990292092
Carrefour,735603,Crema corporal Carrefour soft nutritiva karite 200 g.,3250.00,si,2026-10-06,4490.00,7791720031636
Carrefour,730305,Acondicionador Suave Control Frizz 930 ml,4755.00,,2026-10-06,4755.00,7791293050454
Carrefour,776513,Crema corporal Go To Be Glow in Progress 340 ml,10429.00,,2026-10-06,10429.00,7791274201882
Carrefour,714222,Crema depilatoria Depimiel facial clásica 40 g.,5539.00,,2026-10-06,5539.00,7794728013741
Carrefour,687114,Crema corporal Neutrogena body care intensive hidrata & suaviza 400 ml,12549.00,,2026-10-06,12549.00,7891010253936
Carrefour,613534,Crema Corporal St. Ives Reafirmante 532 ml,11449.00,,2026-10-06,11449.00,7791293033099
Carrefour,735964,Acondicionador Elvive Oleo Extraordinario Rizos 200 ml,7990.00,,2026-10-06,7990.00,7509552925906
Carrefour,704999,Crema para manos Hinds anti age lift 90 ml,4795.00,,2026-10-06,4795.00,7794640173165
Carrefour,513305,Crema depilatoria para el rostro a+b Depimiel 45 g.,7899.00,,2026-10-06,7899.00,7794728013840
Carrefour,718068,Acondicionador Head & Shoulders revitaliza 300 cc.,12725.00,,2026-10-06,12725.00,7500435202732
Carrefour,726903,Crema dental Oral B 100% esmalte 175 g.,13899.00,,2026-10-06,13899.00,7500435221443
Carrefour,735606,Crema corporal Carrefour Soft hidratación Q10 200 grs,3290.00,si,2026-10-06,4490.00,7791720031629
Carrefour,779961,Crema para peinar sérum Sedal Mega Crecimiento 110 ml,11519.00,,2026-10-06,11519.00,7891150106819
Carrefour,709952,Acondicionador Elvive Colorvive 200 ml,8609.00,,2026-10-06,8609.00,7509552816204
Carrefour,722793,Acondicionador Elvive Colorvive 750 ml,21990.00,,2026-10-06,21990.00,7509552902976
Carrefour,759899,Acondicionador PRO-V miracles Pantene volumen 700 ml,18649.00,,2026-10-06,18649.00,7500435244398
Carrefour,613536,Crema corporal St. Ives piel renovada 350 ml,8150.00,,2026-10-06,8150.00,7791293033068
Carrefour,730304,Acondicionador Suave Largo y Fuerte 930 ml,4755.00,,2026-10-06,4755.00,7791293050447
Carrefour,366443,Crema Humectante Ponds Bio-Hydratante 100 grs,5369.00,,2026-10-06,5369.00,7501056330330
Carrefour,779290,Crema dental Sensodyne sensibilidad y encías 100 grs,10509.00,,2026-10-06,10509.00,7501065064578
Carrefour,552411,Acondicionador Carrefour Soft algas hidratante 950 ml,4090.00,,2026-10-06,4090.00,7798159713973
Carrefour,613236,Crema Humectante Ponds Clarant B3 100 grs,7680.00,,2026-10-06,7680.00,7501056330309
Carrefour,750819,Crema para manos Atrix intensive en lata 150 grs,9030.00,,2026-10-06,9030.00,4006000063102
Carrefour,613537,Crema Corporal St. Ives Humectación Intensiva 532 ml,11449.00,,2026-10-06,11449.00,7791293033112
Carrefour,729981,Crema de afeitar Algabo 177 g.,5449.00,,2026-10-06,5449.00,7791274200878
Carrefour,728720,Crema de peinar Sedal ceramidad 300 cc.,6689.00,,2026-10-06,6689.00,7791293050546
Carrefour,700289,Crema facial antiedad de día Nivea Cellular Lift Expert FPS 30 con bakuchiol 50 ml,34705.00,,2026-10-06,34705.00,4005900713629
Carrefour,722792,Acondicionador Elvive Colorvive 200 ml,7990.00,,2026-10-06,7990.00,7509552903423
Carrefour,619802,Crema Goicoechea Ultranutritiva 400 ml,13469.00,,2026-10-06,13469.00,7798140251583
Carrefour,637093,Crema para peinar Algabo control argan 300 cc.,4190.00,,2026-10-06,4190.00,7791274005121
Carrefour,728721,Crema para peinar Sedal liso perfecto 300 cc.,6689.00,,2026-10-06,6689.00,7791293050553
Carrefour,698466,Plusbelle Acondicionador Protección 1 lts,6029.00,,2026-10-06,6029.00,7790740000363
Carrefour,633887,Acondicionador Herbal Essences bio renew coconut milk 400 cc.,18439.00,,2026-10-06,18439.00,190679000118
Carrefour,775124,Acondicionador Elvive Glicolic Cristal 200 ml,8609.00,,2026-10-06,8609.00,7790033338180
Carrefour,727465,Acondicionador Sedal prebioticos + biotina 190 cc.,4275.00,,2026-10-06,4275.00,7791293049755
Carrefour,687115,Crema corporal Neutrogena body care intensive hidrata & revitaliza 400 ml,12549.00,,2026-10-06,12549.00,7891010253257
Carrefour,697467,Crema corporal Hinds rosa plus 125 ml,3499.00,,2026-10-06,3499.00,7794640173066
Carrefour,558730,Veet crema depilatoria axila & bikini piel sensible 100 ml.,7986.30,si,2026-10-06,11409.00,7805010002135
Carrefour,776517,Crema corporal Go To Be Chill Not Boring 340 ml,10429.00,,2026-10-06,10429.00,7791274201899
Carrefour,619804,Crema Goicoechea Reafirmante 400 ml,13470.00,,2026-10-06,13470.00,7798140251309
Carrefour,633883,Acondicionador Herbal Essences bio renew argan oil 400 cc.,18439.00,,2026-10-06,18439.00,190679000187
Carrefour,775131,Crema Tratamiento Elvive Glycolic Cristal 300 ml,14990.00,,2026-10-06,14990.00,7790033338166
Carrefour,749500,Crema dental Close Up protección bioactiva 70 grs,3530.00,,2026-10-06,3530.00,7891150055780
Carrefour,778139,Crema dental Sudanta cuidado total 200 grs,13359.00,,2026-10-06,13359.00,8906038784863
Carrefour,767219,Acondicionador Suavidad Rosa Mosqueta Herbal Essences para mayor brillo y suavidad 240 ml,14139.00,,2026-10-06,14139.00,7500435252966
Carrefour,354079,Crema Facial Ponds Rejuveness Día 100 grs,7680.00,,2026-10-06,7680.00,7501056330491
Carrefour,713491,Crema corporal Hinds bio hidratación 350 ml,8719.00,,2026-10-06,8719.00,7794640173196
Carrefour,707211,Acondicionador Tío Nacho Herbolaria Milenaria 415 ml,11900.00,,2026-10-06,11900.00,7798140256779
Carrefour,746413,Crema Hidratante FPS30 Vitamina C Garnier 50 grs,26990.00,,2026-10-06,26990.00,7509552844047
Carrefour,656239,Crema Cicatricure Age Care Aclarante 50 grs,16350.00,,2026-10-06,16350.00,7798140259978
Carrefour,735795,Crema corporal Nivea hidratación express humectación profunda piel normal a seca 250 ml.,8899.00,,2026-10-06,8899.00,4006000040356
Carrefour,735604,Crema corporal Carrefour Soft antiage fresa 200 grs,3290.00,si,2026-10-06,4490.00,7791720031643
Carrefour,722145,Acondicionador para pisos Carrefour Essential lavanda dp 900 ml,5850.00,,2026-10-06,5850.00,7791720027165
Carrefour,735602,Crema corporal Carrefour soft revitalizante 200 g.,3290.00,si,2026-10-06,4490.00,7791720031612
Carrefour,513307,Crema depilatoria Depimiel para el cuerpo 120 g.,8589.00,,2026-10-06,8589.00,7794728013833
Carrefour,725521,Crema facial Teatrical Aclaradora V2 100 grs,5189.00,,2026-10-06,5189.00,7798140257530
Carrefour,778140,Crema dental gel Sudanta efecto blanqueador 200 grs,13359.00,,2026-10-06,13359.00,8906038789479
Carrefour,749497,Crema dental Close Up triple protección 70 grs,3530.00,,2026-10-06,3530.00,7891150049895
Carrefour,726965,Crema corporal Villeneuve piel extra seca 250 ml,6710.00,,2026-10-06,6710.00,7793008018759
Carrefour,688895,Crema facial hidratante en gel Nivea Rose Care para todo tipo de piel 50 ml,24269.00,,2026-10-06,24269.00,4005900806154
Carrefour,627665,Crema Corporal Goicoechea Reafirmante Tonifyer 200 ml,7150.00,,2026-10-06,7150.00,7798140251712
Carrefour,579341,Crema facial hidratante de día Nivea Essentials para piel normal FPS 15 50 ml,17639.00,,2026-10-06,17639.00,4005808547760
Carrefour,255454,Crema dental stages Disney Oral B 75 g.,6810.00,,2026-10-06,6810.00,3014260279165
Carrefour,749499,Crema dental Close Up menta americana 70 grs,3530.00,,2026-10-06,3530.00,7891150049871
Carrefour,730699,Crema dental en gel Meraki 50 g,6200.00,,2026-10-06,6200.00,7798364400293
Carrefour,613542,Crema Corporal St. Ives Exotic Naturals 350 ml,8185.00,,2026-10-06,8185.00,7791293033020
Carrefour,714492,Acondicionador Algabo baby para cabellos suaves 444 cc.,6180.00,,2026-10-06,6180.00,7791274200687
Carrefour,713490,Crema corporal Hinds bio hidratación 250 ml,6500.00,,2026-10-06,6500.00,7794640173189
Carrefour,707212,Acondicionador Tio Nacho Herbolaria Milenaria 200 ml,7780.00,,2026-10-06,7780.00,7798140256793
Carrefour,695946,Crema facial antiedad de día Nivea Q10 Power FPS 30 para todo tipo de piel 50 ml,30139.00,,2026-10-06,30139.00,4005900086426
Carrefour,688922,Crema hidratante corporal Neutrogena hidrata y repara 200 ml,7079.00,,2026-10-06,7079.00,7891010253899
Carrefour,767041,Crema dental Sudanta encias sanas 50 grs,4449.00,,2026-10-06,4449.00,8904150196175
Carrefour,705001,Crema Corporal Hinds anti age lift 250 ml,7145.00,,2026-10-06,7145.00,7794640173158
Carrefour,769474,Crema facial Cicatricure Beauty Care de día fps50 50 grs,31800.00,,2026-10-06,31800.00,7798420160833
Carrefour,726160,Acondicionador Elvive RT Extreme 750 ml,21990.00,,2026-10-06,21990.00,7509552902488
Carrefour,763604,Acondicionador Bagovit lacio y sin frizz 350 ml,10455.00,,2026-10-06,10455.00,7790375269746
Carrefour,619805,Crema Goicoechea Anticelulitis 400 ml,13470.00,,2026-10-06,13470.00,7798140251514
Carrefour,767999,Acondicionador Pantene Bambú 250 ml,10719.00,,2026-10-06,10719.00,7500435260503
Carrefour,633889,Acondicionador Herbal Essences Moisture 400 ml,18439.00,,2026-10-06,18439.00,190679000194
Carrefour,687113,Crema corporal Neutrogena body care intensive hidrata & suaviza 200 ml,7079.00,,2026-10-06,7079.00,7891010253929
Carrefour,767217,Crema para peinar Herbal Essences rosa mosqueta 300 ml,11829.00,,2026-10-06,11829.00,7500435253086
Carrefour,770080,Crema facial hidratante Dermaglós piel equilibrada 50 grs,34845.00,,2026-10-06,34845.00,7793742008689
Carrefour,749498,Crema dental Close Up dientes fuertes 70 grs,3530.00,,2026-10-06,3530.00,7891150049888
Carrefour,722142,Acondicionador para pisos Carrefour Essential lavanda dp 450 ml,4250.00,,2026-10-06,4250.00,7791720027127
Carrefour,733824,Acondicionador Pantene prov miracles volumen 400 cc.,11765.00,,2026-10-06,11765.00,7500435235334
Carrefour,749501,Crema dental Close Up dientes blancos 90 grs,3885.00,,2026-10-06,3885.00,7898422744335
Carrefour,763597,Acondicionador Bagovit brillo sublime 350 ml,10455.00,,2026-10-06,10455.00,7790375269715
Carrefour,637959,Acondicionador Herbal Essences grapefruit-mosa 400 cc.,18439.00,,2026-10-06,18439.00,190679000125
Carrefour,694722,Acondicionador Elvive dream long 200 cc,7990.00,,2026-10-06,7990.00,7509552836554
Carrefour,578481,Crema facial de noche Nivea Q10 Power Anti-arrugas + Reafirmante Todo tipo de piel 50 ml,30139.00,,2026-10-06,30139.00,4005808553846
Carrefour,722140,Acondicionador para pisos Carrefour Essential clásico dp 450 ml,4250.00,,2026-10-06,4250.00,7791720027158
Carrefour,758816,Crema facial Villeneuve nutritiva 50 grs,9200.00,,2026-10-06,9200.00,7793008020387
Carrefour,656237,Crema Cicatricure Age Care Humectante 50 grs,16350.00,,2026-10-06,16350.00,7798140253372
Carrefour,783772,Acondicionador Tresemmé Hydra Micro Molecular 250 ml,10399.00,,2026-10-06,10399.00,7891150197855
Carrefour,735605,Crema corporal Carrefour soft hidratacion chocolate 200 g.,4490.00,,2026-10-06,4490.00,7791720031650
Carrefour,715047,Acondicionador Sedal liso perfecto 190 cc.,4275.00,,2026-10-06,4275.00,7791293045870
Carrefour,726966,Crema corporal Villeneuve piel seca 250 ml,6900.00,,2026-10-06,6900.00,7793008018797
Carrefour,700290,Crema facial antiedad de noche Nivea cellular lift expert con bakuchiol 50 ml.,34705.00,,2026-10-06,34705.00,4005900713636
Carrefour,444398,Crema depilatoria con miel para el cuerpo Carrefour Soft 120 ml,8290.00,,2026-10-06,8290.00,7798111008154
Carrefour,715050,Acondicionador Sedal rizos definidos 190 cc.,4275.00,,2026-10-06,4275.00,7791293045894
Carrefour,697033,Cicatricure crema facial Antiedad Tricure 50 grs,35860.00,,2026-10-06,35860.00,7798140255024
Carrefour,738430,Acondicionador Tio Nacho Henna Egipcia Efecto Anti Canas 415 ml,11850.00,,2026-10-06,11850.00,7798140257868
Carrefour,776877,Crema para peinar Herbal Essences de rosas 150 ml,8289.00,,2026-10-06,8289.00,7500435253048
Carrefour,699126,Crema corporal Hinds rosa beauty 250 ml,6509.00,,2026-10-06,6509.00,7794640173103
Carrefour,726332,Crema corporal Autobronceante + Reafirmante Nivea Q10 Para uso diario 400 ml,27789.00,,2026-10-06,27789.00,4005900954541
Carrefour,544987,Crema facial matificante ht5 Loreal 50 ml,27990.00,,2026-10-06,27990.00,7509552905366
Carrefour,739109,Crema de ordeñe Ferrini legitima en pote 200 cc.,8639.00,,2026-10-06,8639.00,7790299003679
Carrefour,739111,Crema de ordeñe Ferrini calendula en pote 200 cc.,6709.00,,2026-10-06,6709.00,7790299003693
Carrefour,759304,Acondicionador brazilian OGX ketatin smooth 385 ml,31240.00,,2026-10-06,31240.00,22796916020
Carrefour,735802,Crema corporal hipoalergénica Nivea derma care reparadora para piel extra seca 250 ml.,11510.00,,2026-10-06,11510.00,4006000040431
Carrefour,741045,Acondicionador Fortalecedor Diario Pantene Pro-V 3 Minutos Milagrosos Nutrición 170 ml,11419.00,,2026-10-06,11419.00,7500435243698
Carrefour,711819,Crema corporal Hinds reafirmante pro 250 ml,7955.00,,2026-10-06,7955.00,7794640173172
Carrefour,722143,Acondicionador para pisos Carrefour Essential clásico dp 900 ml,5850.00,,2026-10-06,5850.00,7791720027172
Carrefour,722144,Acondicionador para pisos Carrefour Essential pino dp 900 ml,5850.00,,2026-10-06,5850.00,7791720027189
Carrefour,627664,Crema Corporal Goicoechea Anti-celulitis 200 ml,7210.00,,2026-10-06,7210.00,7798140251729
Carrefour,705000,Crema corporal Hinds anti age lift 125 ml,4109.00,,2026-10-06,4109.00,7794640173141
Carrefour,444396,Crema depilatoria con miel rostro Carrefour Soft 65 ml,8690.00,,2026-10-06,8690.00,7798111008161
Carrefour,740099,Acondicionador OGX colágeno biotin 385 ml,31240.00,,2026-10-06,31240.00,22796916716
Carrefour,674071,Crema corporal Cicatricure antiestrias 400 ml,12450.00,,2026-10-06,12450.00,7798140254423
Carrefour,722141,Acondicionador para pisos Carrefour Essential pino dp 450 ml,4250.00,,2026-10-06,4250.00,7791720027134
Carrefour,708036,Crema para manos y uñas Karina Rabolini regeneradora 150 cc.,10400.00,,2026-10-06,10400.00,7798112027901
Carrefour,768427,Acondicionador Iyosei antidaños keratina 400 ml,9129.00,,2026-10-06,9129.00,7792143503793
Carrefour,737900,Crema de ordeñe Carrefour Soft en pomo 200 g.,4990.00,si,2026-10-06,6490.00,7791720036105
Carrefour,776518,Crema corporal Go To Be The Plot Twist 340 ml,10429.00,,2026-10-06,10429.00,7791274201905
Carrefour,726964,Crema corporal Villeneuve piel equilibrada 250 cc,6900.00,,2026-10-06,6900.00,7793008018773
Carrefour,1660512,Crema Contorno de Ojos Energía con Cafeína y Matrixyl,24600.00,,2026-10-06,24600.00,7798111211547
Carrefour,409129,Crema renovadora Revigal cuero 300 cc.,9299.00,,2026-10-06,9299.00,7790911005104
Carrefour,784813,Crema dental Colgate Luminous Whit Brilliant 70 grs,7040.00,,2026-10-06,7040.00,7891024030820
Carrefour,1660600,Crema Facial ACF By Dadatina Defensa AM/PM,33700.00,,2026-10-06,33700.00,7798111211202
Carrefour,724310,Crema en gel Dermaglos hombres limpieza gl 100 g.,17639.00,,2026-10-06,17639.00,7793742008313
Carrefour,708038,Crema para manos Karina Rabolini nutritiva 150 cc.,10400.00,,2026-10-06,10400.00,7798112029141
Carrefour,714999,Acondicionador Sedal jengibre y ricino 650 cc.,6096.30,si,2026-10-06,9429.00,7791293047744
Carrefour,766675,Crema humectante Jergens coco hidratante 400 ml,24279.00,,2026-10-06,24279.00,19100228207
Carrefour,1660601,Crema Facial ACF By Dadatina Vitalidad AM/PM,38200.00,,2026-10-06,38200.00,7798111212209
Carrefour,766674,Crema ultra humectante Jergens 400 ml,24279.00,,2026-10-06,24279.00,19100179257
Carrefour,785099,Crema facial hidratante Koreia piel grasa 50 ml,15135.00,,2026-10-06,15135.00,7790299004331
Carrefour,739108,Crema sapolán light Ferrini en pote 200 cc.,11015.00,,2026-10-06,11015.00,7790299003662
Carrefour,785098,Crema facial hidratante Koreia piel mixta 50 ml,15135.00,,2026-10-06,15135.00,7790299004324
Carrefour,730403,Acondicionador Tresemme ondas boho 250 cc.,6509.00,,2026-10-06,6509.00,7791293050164
Carrefour,1660459,Crema Facial ACF By Dadatina Fortaleza AM/PM,35900.00,,2026-10-06,35900.00,7798111212193
Carrefour,1770089,Crema Hidratante Facial - Well Aging,65000.00,,2026-10-06,65000.00,7797416015300
Carrefour,784814,Crema dental limpieza interdental Colgate Total 140 grs,10410.00,,2026-10-06,10410.00,7509546704043
Carrefour,1651174,Crema Corporal Reafirmante con rosa Mosqueta y Vit E - Mantra,17990.00,,2026-10-06,17990.00,
Carrefour,739107,Crema sapolán light Ferrini en pote 200 cc.,12239.00,,2026-10-06,12239.00,7790299003655
Carrefour,716194,Crema dental Boti K blanqueadora menta 75 g.,18500.00,,2026-10-06,18500.00,703980504499
Carrefour,785506,Crema facial humectante Algabo 100 grs,6825.00,,2026-10-06,6825.00,7791274201516
Carrefour,785097,Crema facial hidratante Koreia piel normal 50 ml,15135.00,,2026-10-06,15135.00,7790299004317
Carrefour,766676,Crema humectante Jergens miel nutritiva 400 ml,24279.00,,2026-10-06,24279.00,19100246379
Carrefour,766673,Crema humectante Jergens fragancia cereza 500 ml,24279.00,,2026-10-06,24279.00,19100179226
Carrefour,739118,Crema para manos y uñas Dermaglós hidratación esencial 50 g.,12845.00,,2026-10-06,12845.00,7793742008214
Carrefour,716193,Crema dental Boti K suave y refres cherry 75 g.,16900.00,,2026-10-06,16900.00,703980504468
Carrefour,785505,Crema facial antiage Algabo 100 grs,6825.00,,2026-10-06,6825.00,7791274201509
Carrefour,739117,Crema para manos y uñas Dermaglós hidratación esencial 100 g.,21839.00,,2026-10-06,21839.00,7793742008207
Carrefour,697035,Crema gel facial Cicatricure aqua defense 50 g.,25650.00,,2026-10-06,25650.00,7798140253297
Carrefour,773482,Crema antiarrugas Byphasse retinol 50 ml,20985.00,,2026-10-06,20985.00,8436097095346
Carrefour,715951,Galletitas Oreo Rellenas con crema sabor original 354 g.,6650.00,,2026-10-06,6650.00,7622201735258
Carrefour,726373,Queso crema clásico Casancrem 290 grs,5992.31,,2026-10-06,5992.31,7791337061361
Carrefour,678874,Queso untable Finlandia light pote 290 g.,5699.00,,2026-10-06,5699.00,7790742373304
Carrefour,748003,Queso crema Casancrem clásico 500 grs,9305.00,,2026-10-06,9305.00,7791337061491
Carrefour,718627,Pasta dental Colgate triple beneficio 90 g.,4146.15,,2026-10-06,4146.15,7509546686523
Carrefour,717843,Limpiador en crema Cif Multiuso Original 250 ml,2530.00,,2026-10-06,2530.00,7791290794238
Carrefour,715949,Galletitas dulces Oreo rellenas con crema 118 g.,2469.00,,2026-10-06,2469.00,7622201735296
Carrefour,679531,Queso La Serenísima cremón light pote 280 g.,4155.00,,2026-10-06,4155.00,7790742373809
Carrefour,748001,Queso blanco balance Casancrem 500 grs,9305.00,,2026-10-06,9305.00,7791337061507
Carrefour,678873,Queso untable Finlandia pote 290 g.,5699.00,,2026-10-06,5699.00,7790742373205
Carrefour,726376,Queso blanco original La SerenÍsima Clásico 290 grs,4300.00,,2026-10-06,4300.00,7791337061422
Carrefour,720547,Galletitas Oreo Mini rellenas con crema sabor original 50 g.,1149.00,,2026-10-06,1149.00,7622201761288
Carrefour,717842,Limpiador en crema Cif Multiuso Original 500 ml,4579.00,,2026-10-06,4579.00,7791290794221
Carrefour,718629,Pasta Dental Colgate Triple Acción 180 grs,7685.00,,2026-10-06,7685.00,7509546686509
Carrefour,726377,Queso blanco light La SerenÍsima Clásico 290 grs,4300.00,,2026-10-06,4300.00,7791337061439
Carrefour,758336,Queso Untable La SerenÍsima Clásico 460 grs,6285.00,,2026-10-06,6285.00,7791337009844
Carrefour,726374,Queso blanco balance Casancrem 290 grs,5992.31,,2026-10-06,5992.31,7791337061385
Carrefour,553640,Galletitas dulces Melba rellenas con crema 120 g.,1569.00,,2026-10-06,1569.00,7622300829728
Carrefour,758337,Queso Untable La SerenÍsima Light 460 grs,6285.00,,2026-10-06,6285.00,7791337009851
Carrefour,673205,Pasta Dental Kolynos Frescura 90 g.,1440.00,si,2026-10-06,2500.00,7509546665979
Carrefour,714260,Suavizante Para ropa Comfort Clásico Cápsulas de Fragancia Doypack 3 lts,14319.00,,2026-10-06,14319.00,7791290793675
Carrefour,731830,Queso cheddar Tonadita 120 g.,3199.00,,2026-10-06,3199.00,7798060853270
Carrefour,717733,Antitranspirante en crema Rexona Odorono 60 grs,3165.00,,2026-10-06,3165.00,77987983
Carrefour,718628,Pasta dental Colgate triple beneficio 140 g.,5980.00,,2026-10-06,5980.00,7509546686516
Carrefour,638382,Pasta de maní Maní King 485 g. sin TACC,4899.00,,2026-10-06,4899.00,7798151952332
Carrefour,475661,La Paulina queso crema tracidional 290 grs,3749.00,,2026-10-06,3749.00,7794990879656
Carrefour,712289,Queso crema Tonadita cremette light 290 g.,3399.00,,2026-10-06,3399.00,7798060852945
Carrefour,678867,Queso untable light Finlandia pote 180 g.,3799.00,,2026-10-06,3799.00,7790742321800
Carrefour,583050,Pasta dental Colgate ultra blanco 90 g.,3225.00,,2026-10-06,3225.00,7793100111891
Carrefour,629252,Pasta Dental Colgate Luminous White Brilliant 140 grs,11299.00,,2026-10-06,11299.00,7891024005064
Carrefour,720987,Queso untable Tonadita sabor gruyere 180 g.,2849.00,,2026-10-06,2849.00,7798060853034
Carrefour,700338,Plusbelle Esencia Shampoo Restauración 970 ml,6279.00,,2026-10-06,6279.00,7790740000448
Carrefour,608892,Queso feteado Adler cheddar 144 g.,3350.00,si,2026-10-06,4939.00,7891143018396
Carrefour,726399,Jabón Líquido Para manos Suave Frutos Rojos y Crema 220 ml,1855.00,,2026-10-06,1855.00,7791293049434
Carrefour,747067,Pasta de maní Carrefour Classic 370 g.,4190.00,,2026-10-06,4190.00,7791720040386
Carrefour,720108,Queso crema descremado Carrefour classic 480 g.,5090.00,,2026-10-06,5090.00,7791720028513
Carrefour,714262,Suavizante Para ropa Comfort Clásico Cápsulas de Fragancia Doypack 900 ml,4605.00,,2026-10-06,4605.00,7791290793682
Carrefour,712288,Queso crema Tonadita cremette 290 g.,3399.00,,2026-10-06,3399.00,7798060852822
Carrefour,720986,Queso untable Tonadita sabor jamón 180 g.,2849.00,,2026-10-06,2849.00,7798060852990
Carrefour,774765,Pasta Dental Colgate Luminous White Color Correct 70 grs,7039.00,,2026-10-06,7039.00,7509546700434
Carrefour,637088,Pasta dental Colgate Triple Acción menta original 50 grs,2419.00,,2026-10-06,2419.00,7891024131909
Carrefour,720984,Queso untable Tonadita clásico 180 g.,2849.00,,2026-10-06,2849.00,7798060853003
Carrefour,515896,Nutella 350 grs,10995.00,,2026-10-06,10995.00,7898024394181
Carrefour,698175,Pasta de maní Entrenuts frasco 370 g.,4359.00,,2026-10-06,4359.00,736684208707
Carrefour,678866,Queso untable Finlandia pote 180 g.,3799.00,,2026-10-06,3799.00,7790742321701
Carrefour,720107,Queso crema entero Carrefour classic 480 g.,5090.00,,2026-10-06,5090.00,7791720028483
Carrefour,700362,Plusbelle Esencia Shampoo Control Frizz 970 ml,6279.00,,2026-10-06,6279.00,7790740000431
Carrefour,720988,Queso untable Tonadita sabor queso azul 180 g.,2849.00,,2026-10-06,2849.00,7798060853010
Carrefour,700344,Plusbelle Esencia Acondicionador Control Frizz 970 ml,6279.00,,2026-10-06,6279.00,7790740000479
Carrefour,739960,Choclo en crema amarillo Bulnez 300 g.,949.00,,2026-10-06,949.00,7791720034620
Carrefour,552635,Pasta dental Colgate triple acción extra blancura 90 grs,4605.00,,2026-10-06,4605.00,7509546056098
Carrefour,706887,Queso doble crema Cremón fraccionado La serenísima x kg.,20035.00,,2026-10-06,20035.00,2508126000006
Carrefour,614291,Pasta dental Colgate Kids fresantástico 50 grs,3959.00,,2026-10-06,3959.00,7891024034095
Carrefour,729693,Postre chocolate con crema Danette 100 grs,2930.00,,2026-10-06,2930.00,7791337008113
Carrefour,716490,Hummus Kyros clásico 230 g.,4599.00,,2026-10-06,4599.00,7798334803123
Carrefour,524337,Pasta dental Sensodyne blanqueador extra fresh 90 g.,7349.00,,2026-10-06,7349.00,7896015520045
Carrefour,700347,Plusbelle Esencia Acondicionador Restauración 970 ml,6279.00,,2026-10-06,6279.00,7790740000486
Carrefour,679536,Queso cremón La Serenísima original pote 280 g.,4155.00,,2026-10-06,4155.00,7790742373908
Carrefour,727809,Limpiador en crema Cif Multiuso Rosas y Jazmines 500 ml,4579.00,,2026-10-06,4579.00,7791290793378
Carrefour,728483,Queso sabor cheddar Tonadita dip 180 g.,2849.00,,2026-10-06,2849.00,7798060853119
Carrefour,642106,Papas fritas Carrefour classic crema y cebolla 140 g.,3990.00,,2026-10-06,3990.00,7791720018415
Carrefour,714264,Suavizante Concentrado Comfort Frescor Intenso Doypack 1 lt,13939.00,,2026-10-06,13939.00,7791290793576
Carrefour,722026,Pasta dental Colgate Total carbón activado con flúor 90 grs,7039.00,,2026-10-06,7039.00,7509546686042
Carrefour,695111,Sopa crema Knorr zapallo con nuez moscada 70 g,2739.00,,2026-10-06,2739.00,7794000005884
Carrefour,714273,Suavizante Concentrado Comfort Frescor Intenso 500 ml,9059.00,,2026-10-06,9059.00,7891150000971
Carrefour,730296,Papas fritas Pringles de crema y cebolla 109 g,5619.00,,2026-10-06,5619.00,7896004009162
Carrefour,700341,Plusbelle Esencia Shampoo Largo saludable 970 ml,6279.00,,2026-10-06,6279.00,7790740000455
Carrefour,782165,Jabón Líquido Concentrado para Diluir Granby Baja Espuma Rosas 500 ml,8779.00,,2026-10-06,8779.00,7791290796843
Carrefour,715950,"Galletitas Oreo rellenas con crema sabor original 182,5 g.",3619.00,,2026-10-06,3619.00,7622201735821
Carrefour,722027,Pasta dental Colgate Total carbón activado con flúor 140 grs,10409.00,,2026-10-06,10409.00,7509546686035
Carrefour,716095,Jabón en Barra Ala Ecolavado 400 grs,3525.00,,2026-10-06,3525.00,7791290793460
Carrefour,632485,Pasta dental Sensodyne limpieza profunda 90 g.,7035.00,,2026-10-06,7035.00,7896015591106
Carrefour,735302,Queso crema Milkaut crematto balance en pote 445 g.,7545.00,,2026-10-06,7545.00,7794820903087
Carrefour,467337,Queso mascarpone Tregar 200 grs,3450.00,,2026-10-06,3450.00,7793913001013
Carrefour,698440,Plusbelle Litro Shampoo Suavidad 1 lt,5529.00,,2026-10-06,5529.00,7790740000257
Carrefour,747068,Pasta de maní crocante Carrefour Classic 370 g.,4190.00,,2026-10-06,4190.00,7791720040393
Carrefour,740725,Queso untable light Santa Clara en pote 300 g.,3099.00,,2026-10-06,3099.00,7798312320567
Carrefour,661983,Pasta dental Colgate Luminous White charcoal 90 grs,7579.00,,2026-10-06,7579.00,7509546651057
Carrefour,723165,Queso crema Tonadita cremette clásico 480 g.,4799.00,,2026-10-06,4799.00,7798060853072
Carrefour,680265,Galletitas Oreo Golden Sabor Vainilla Rellenas con Crema 354 grs,6659.00,,2026-10-06,6659.00,7622201806538
Carrefour,679211,Galletitas Oreo Golden Sabor Vainilla Rellenas con Crema 118 grs,2799.00,,2026-10-06,2799.00,7622201806552
Carrefour,643376,Pasta dental Noc 10 Concentrada 70 grs,5250.00,,2026-10-06,5250.00,7793100130236
Carrefour,735301,Queso crema Milkaut clasic crematto en pote 445 g.,7549.00,,2026-10-06,7549.00,7794820903070
Carrefour,747087,Galletitas Oreo Rellenas con Crema de Frutilla 118 grs,2469.00,,2026-10-06,2469.00,7622202049057
Carrefour,623455,Nutella 140 grs,4989.00,,2026-10-06,4989.00,7898024395232
Carrefour,752352,Queso untable Tonadita 4 quesos en pote 180 grs,2849.00,,2026-10-06,2849.00,7798060854017
Carrefour,728619,Máscara de Tratamiento Dove Regeneración + Retinol 300 grs,11185.00,,2026-10-06,11185.00,7791293048659
Carrefour,728618,Máscara de Tratamiento Dove Nutrición + Tri-Óleos 300 grs,11185.00,,2026-10-06,11185.00,7791293048642
Carrefour,739688,Sopa crema de choclo con puerro Knorr 70 g,2745.00,,2026-10-06,2745.00,7794000008687
Carrefour,434209,Pasta dental Sensodyne original 90 g.,6389.00,,2026-10-06,6389.00,7896009419324
Carrefour,740730,Queso untable original Santa Clara en pote 300 g.,3125.00,,2026-10-06,3125.00,7798312320550
Carrefour,700349,Plusbelle Esencia Acondicionador Largo saludable 970 ml,6279.00,,2026-10-06,6279.00,7790740000493
Carrefour,664166,Pasta dental Oral B extra blanco 70 g.,3865.00,,2026-10-06,3865.00,7500435150248
Carrefour,725538,Jabón Liquido para lavar ropa Granby Bicarbonato Baja Espuma de Rosas 800 ml,3145.00,,2026-10-06,3145.00,7791290795143
Carrefour,767551,Queso untable La Serenísima sabor fontina 180 grs,3089.00,,2026-10-06,3089.00,7790742326409
Carrefour,521127,Pasta dental Colgate Luminous White Brilliant 90 grs,7585.00,,2026-10-06,7585.00,7891024123027
Carrefour,777663,Danette postre crema americana Pack 2 uni,5183.08,,2026-10-06,5183.08,7791337010574
Carrefour,715287,Sopa instantánea Knorr Quick zapallo romero 5 sobres,3659.00,,2026-10-06,3659.00,7794000006911
Carrefour,766722,Pasta dental Colgate Total Original Mint 90 grs,7039.00,,2026-10-06,7039.00,7509546702605
Carrefour,343383,Pasta dental Colgate Total whitening con flúor 90 grs,7040.00,,2026-10-06,7040.00,7891024135020
Carrefour,778485,Shampoo Goodbye Daños Oil Control 350 ml,8989.00,,2026-10-06,8989.00,7790033342163
Carrefour,750818,Pasta dental Odolito tutti frutti 50 grs,3100.00,,2026-10-06,3100.00,7509546693170
Carrefour,152945,Queso fundido Adler fontina 100 g,3385.00,,2026-10-06,3385.00,7791564012501
Carrefour,483873,Paté de atún Carrefour Classic 80 grs,1890.00,,2026-10-06,1890.00,7798152222182
Carrefour,671958,Pasta dental Colgate Sensitive Pro alivio inmediato original 140 g.,9889.00,,2026-10-06,9889.00,7509546653402
Carrefour,752351,Queso untable Tondita salame en pote 180 grs,2849.00,,2026-10-06,2849.00,7798060854024
Carrefour,762343,Suavizante Comfort Secrets 48 500 ml,9059.00,,2026-10-06,9059.00,7891150091986
Carrefour,747086,Galletitas Oreo Rellenas con Crema de Chocolate 118 grs,2469.00,,2026-10-06,2469.00,7622202049033
Carrefour,750820,Pasta dental Colgate Sensitive Pro alivio imediato original 60 grs,4949.00,,2026-10-06,4949.00,7509546653396
Carrefour,695110,Sopa crema Knorr de vegetales 60 g,2739.00,,2026-10-06,2739.00,7794000005877
Carrefour,628813,Pasta dental Oral-B kids mickey 50 g.,4080.00,,2026-10-06,4080.00,7500435127363
Carrefour,740134,Galletitas Mini Oreo rellenas con crema sabor original 150 g.,3129.00,,2026-10-06,3129.00,7622202219337
Carrefour,159968,Queso fundido Adler gruyere 100 g,3385.00,,2026-10-06,3385.00,7791564013355
Carrefour,728617,Máscara de Tratamiento Dove Reconstrucción + Aminoácido 300 grs,11185.00,,2026-10-06,11185.00,7791293048635
Carrefour,475663,La Paulina queso crema equilibrio 290 grs,3749.00,,2026-10-06,3749.00,7794990879663
Carrefour,778042,Sopa instantánea de zapallo Carrefour Classic caja 5 uni,2890.00,,2026-10-06,2890.00,7791720049730
Carrefour,677548,Pasta dental Colgate Total encías saludables con flúor 90 grs,7039.00,,2026-10-06,7039.00,7509546668055
Carrefour,779952,Desodorante Antitranspirante Rexona Clinical Classic en Crema 58 grs,16300.00,,2026-10-06,16300.00,75076818
Carrefour,725539,Jabón Liquido para lavar ropa Granby Bicarbonato Baja Espuma de Rosas 3 lts,11359.00,,2026-10-06,11359.00,7791290795136
Carrefour,725537,Jabón Liquido para lavar ropa Granby Bicarbonato Baja Espuma de Limón 3 lts,11359.00,,2026-10-06,11359.00,7791290795129
Carrefour,767552,Queso untable La Serenísima sabor jamón 180 grs,3089.00,,2026-10-06,3089.00,7790742326607
Carrefour,508894,Pasta dental Sensodyne multi protección 90 g.,6735.00,,2026-10-06,6735.00,7896009419294
Carrefour,152948,Queso fundido Adler jamón 100 g,3385.00,,2026-10-06,3385.00,7791564012488
Carrefour,743824,Máscara de Tratamiento Dove Bond Repair + Péptido 250 grs,19019.00,,2026-10-06,19019.00,7891150097131
Carrefour,723166,Queso crema Tonadita cremette light 480 g.,4799.00,,2026-10-06,4799.00,7798060853096
Carrefour,760038,Hummus de ajo ahumado Carrefour Classic 230 grs,3290.00,si,2026-10-06,3690.00,7791720043943
Carrefour,767815,Hummus con pimentón Carrefour Classic sin gluten 230 grs,3290.00,si,2026-10-06,3690.00,7791720047170
Carrefour,767419,Suavizante para ropa Comfort Brisa Elegante 1 lt,15339.00,,2026-10-06,15339.00,7891150045484
Carrefour,725536,Jabón Liquido para lavar ropa Granby Bicarbonato Baja Espuma de Limón 800 ml,3145.00,,2026-10-06,3145.00,7791290795112
Carrefour,754973,Pasta dental Colgate máxima protección anticaries 90 grs,3700.00,,2026-10-06,3700.00,7891024134702
Carrefour,760570,Máscara de tratamiento Tresemmé keratina antifrizz 300 grs,11129.00,,2026-10-06,11129.00,7891150100282
Carrefour,767417,Suavizante para ropa Comfort Frescor Intenso 1 lt,15339.00,,2026-10-06,15339.00,7891150028944
Carrefour,771833,Pasta dental Everfresh anticaries 90 grs,2700.00,,2026-10-06,2700.00,7798311610515
Carrefour,728620,Máscara de Tratamiento Dove Humectación + Coco Antioxi 300 grs,11185.00,,2026-10-06,11185.00,7791293049014
Carrefour,753058,Queso mascarpone Carrefour Classic en pote 250 grs,4090.00,,2026-10-06,4090.00,7791720039083
Carrefour,415478,Queso untable Milkaut tradicional 190 g,3515.00,,2026-10-06,3515.00,7794820014967
Carrefour,760035,Hummus clásico Carrefour Classic 230 grs,3290.00,si,2026-10-06,3690.00,7791720043929
Carrefour,152947,Queso fundido Adler queso azul 100 g,3385.00,,2026-10-06,3385.00,7791564012495
Carrefour,698438,Plusbelle Litro Shampoo Brillo 1 lt,5529.00,,2026-10-06,5529.00,7790740000233
Carrefour,729669,Queso untable Milkaut crematto en pote 285 g.,5229.00,,2026-10-06,5229.00,7794820903094
Carrefour,647487,La Paulina queso crema sabor ciboulette 250 grs,4019.00,,2026-10-06,4019.00,7794990880201
Carrefour,594642,Pasta dental Kolynos White Protection 90 grs,2799.00,,2026-10-06,2799.00,7793100120275
Carrefour,766680,Pasta dental extra blanco Oral B carbón activo 70 grs,4249.00,,2026-10-06,4249.00,7500435231220
Carrefour,729668,Queso untable Milkaut crematto en pote 285 g.,5225.00,,2026-10-06,5225.00,7794820903063
Carrefour,747070,Pasta de maní stevia Carrefour Classic 370 g.,4190.00,,2026-10-06,4190.00,7791720040416
Carrefour,777261,Sopa Maggi de Pollo con Fideos 70 grs,2499.00,,2026-10-06,2499.00,8445292346986
Carrefour,754972,Pasta dental Colgate máxima protección anticaries 180 grs,6819.00,,2026-10-06,6819.00,7891024134610
Carrefour,453269,Gel de afeitar Nivea Men Sensitive para piel sensible 200 ml,10449.00,,2026-10-06,10449.00,4005808229123
Carrefour,594644,Pasta dental Kolynos White protection 180 grs,5069.00,,2026-10-06,5069.00,7793100120282
Carrefour,695112,Sopa crema Knorr arvejas con chile chipotle 64 g,2745.00,,2026-10-06,2745.00,7794000005891
Carrefour,778040,Sopa instantánea de choclo Carrefour Classic caja 5 uni,2890.00,,2026-10-06,2890.00,7791720049754
Carrefour,699857,Mantequilla de maní Beepure frasco 400 g.,7800.00,,2026-10-06,7800.00,7798165593347
Carrefour,776882,Plusbelle Litro Shampoo Protección 1lt,5529.00,,2026-10-06,5529.00,7790740000288
Carrefour,773615,Suavizante Comfort Secrets 10 Botella 500 ml,9059.00,,2026-10-06,9059.00,7891150105836
Carrefour,753425,Maní frito Carrefour Classic de crema y cebolla 85 grs,1190.00,,2026-10-06,1190.00,7791720040720
Carrefour,770864,Espuma de afeitar Nivea Men Hydrocare para todo tipo de piel 200 ml,9135.00,,2026-10-06,9135.00,8412300817028
Carrefour,777049,Galletitas Oreo Golden Sabor Vainilla Rellenas con Crema Display 4 uni 64 grs c/u,5239.00,,2026-10-06,5239.00,7622202824135
Carrefour,754971,Pasta dental Colgate Natural Herbal Protect 90 grs,3885.00,,2026-10-06,3885.00,7509546695518
Carrefour,527109,Pasta dental Sensodyne repara & protege 100 g.,10509.00,,2026-10-06,10509.00,7794640170133
Carrefour,698439,Plusbelle Litro Shampoo Frescura 1 lt,5529.00,,2026-10-06,5529.00,7790740000240
Carrefour,717587,Pasta dental Odol 180 g.,5479.00,,2026-10-06,5479.00,7509546687278
Carrefour,366943,La Paulina queso untable fontina 190 grs,3215.00,,2026-10-06,3215.00,7794990878871
Carrefour,753765,Pasta dental Colgate Natural Herbal Protect 140 grs,5539.00,,2026-10-06,5539.00,7509546695525
Carrefour,366950,La Paulina queso untable clásico 190 grs,3215.00,,2026-10-06,3215.00,7794990878932
Carrefour,730407,Máscara de tratamiento Tresemmé hidratación Pro Activa 300 ml,11129.00,,2026-10-06,11129.00,7791293050485
Carrefour,761073,Papas fritas Krachitos de crema y cebolla 90 grs,3300.00,,2026-10-06,3300.00,7794520869140
Carrefour,715066,Shampoo Sedal Rizos Definidos 650 ml,10249.00,,2026-10-06,10249.00,7791293045832
Carrefour,761724,Tic Tac Frutillas & Crema 16 grs,1049.00,,2026-10-06,1049.00,77991386
Carrefour,722021,Gel dental Close up menthol paradise 90 g,3530.00,,2026-10-06,3530.00,7891037744257
Carrefour,663514,Pasta dental Parodontax complete protection 126 g.,10769.00,,2026-10-06,10769.00,5054563054975
Carrefour,774917,Limpiador Acondicionador de Pisos Echo Lavanda Brillo Natural Uso Diario 750 ml,6535.00,,2026-10-06,6535.00,7790520031860
Carrefour,723890,Pantene Pro-V miracles detox limpia purifica acondicionador hidratante 700 ml.,18649.00,,2026-10-06,18649.00,7500435229807
Carrefour,720164,Queso neufchatel Tregar con jamón en pote 180 g.,3190.00,,2026-10-06,3190.00,7793913013627
Carrefour,779266,Hidratante Toque Seco Garnier Anti-Imperfecciones con Ácido Salicílico y Vitamina C 85 ml,22989.00,,2026-10-06,22989.00,7908966527520
Carrefour,775692,Pasta dental Sensodyne Clinical White 100 grs,12545.00,,2026-10-06,12545.00,5054563204387
Carrefour,769899,Kit Portable Colgate Total Original Mint Cepillo de Dientes + Pasta Dental 30 grs,7069.00,,2026-10-06,7069.00,7509546703640
Carrefour,760568,Shampoo Tresemme Ondas Boho 500 ml,11409.00,,2026-10-06,11409.00,7791293050195
Carrefour,464080,Pasta Dental Colgate Smiles Barbie 100 g.,5529.00,,2026-10-06,5529.00,7509546003122
Carrefour,539418,Pasta dental Parodontax blanqueador 124 g.,10355.00,,2026-10-06,10355.00,7794640170386
Carrefour,530222,La Paulina queso untable 4 quesos 190 grs,3219.00,,2026-10-06,3219.00,7794990879823
Carrefour,767420,Suavizante para ropa Comfort Explosión de lavanda Doypack 450 ml,7359.00,,2026-10-06,7359.00,7791290796539
Carrefour,661485,Queso cheddar La Serenísima feteado 150 g.,6105.00,,2026-10-06,6105.00,7790742167101
Carrefour,152946,Queso fundido Adler salame 100 g,3385.00,,2026-10-06,3385.00,7791564012525
Carrefour,363208,Pasta dental Carrefour Soft blanqueadora 90 g.,3090.00,,2026-10-06,3090.00,7798108342858
Carrefour,779949,Desodorante Antitranspirante Rexona Clinical Clean en Crema 58 grs,18239.00,,2026-10-06,18239.00,75076825
Carrefour,778921,Pasta Dental Colgate Smiles Harry Potter 75 ml,5535.00,,2026-10-06,5535.00,7509546702599
Carrefour,717586,Pasta dental Odol 90 g.,2949.00,,2026-10-06,2949.00,7509546687292
Carrefour,722783,Mascarilla Elvive Hidra Hialuronico 300 grs,11990.00,,2026-10-06,11990.00,7509552902389
Carrefour,415477,Queso untable Milkaut azul 190 g,3515.00,,2026-10-06,3515.00,7794820015001
Carrefour,771835,Pasta dental Everfresh Whitening 90 grs,3100.00,,2026-10-06,3100.00,7798311610508
Carrefour,779267,Hidratante Toque Seco Garnier Anti-arrugas con Colágeno y Vitamina C 85 ml,22989.00,,2026-10-06,22989.00,7908966527483
Carrefour,651118,Pasta dental Gum paw patrol 100 g.,5935.00,,2026-10-06,5935.00,7798142351205
Carrefour,736734,Untabla clásico cremoso Felices las vacas 200 g.,3175.00,,2026-10-06,3175.00,76625251271
Carrefour,748299,Repelente Carrefour Expert extra duración en crema 200 grs,490.00,si,2026-10-06,10550.00,7791720041178
Carrefour,766681,Pasta dental extra blanco Oral B carbón activo 140 grs,8169.00,,2026-10-06,8169.00,7500435231213
Carrefour,779951,Desodorante Antitranspirante Rexona Clinical Extra Dry en Crema 58 grs,16300.00,,2026-10-06,16300.00,75076870
Carrefour,715312,Pasta dental Sensodyne protección completa 90 g.,8379.00,,2026-10-06,8379.00,7896009498091
Carrefour,576841,Galletitas Carrefour classic chocolate relleno crema de limón 291 g.,2490.00,,2026-10-06,2490.00,7798159717636
Carrefour,366945,La Paulina queso untable queso azul 190 grs,3215.00,,2026-10-06,3215.00,7794990878888
Carrefour,779950,Desodorante Antitranspirante Rexona Clinical Refresh en Crema 58 grs,16300.00,,2026-10-06,16300.00,75078836
Carrefour,584247,Pasta dental Sensodyne rapido alivio 100 g.,10209.00,,2026-10-06,10209.00,7794640171550
Carrefour,729972,Emulsión corporal Dermaglós 300 cc.,23759.00,,2026-10-06,23759.00,7793742008252
Carrefour,548221,Pasta dental Colgate Sensitive Pro alivio 110 g.,8279.00,,2026-10-06,8279.00,7891024132647
Carrefour,763468,Antitranspirante Dove Clinical Crema 58 grs,19385.00,,2026-10-06,19385.00,75079437
Carrefour,779312,Hidratante Toque Seco Garnier Anti-manchas con Vitamina C Y Niacinamida 85 ml,22989.00,,2026-10-06,22989.00,7908966527445
Carrefour,404972,Alcohol en gel Carrefour con crema humectante 65 cc.,1750.00,,2026-10-06,1750.00,7798108346443
Carrefour,782161,Cápsulas de Café Nescafé Dolce Gusto Espresso Milano 10 Cápsulas,16639.00,,2026-10-06,16639.00,7891000454466
Carrefour,741250,Pasta dental Colgate Luminous White Glow 70 grs,9849.00,,2026-10-06,9849.00,7509546676258
Carrefour,597190,Pasta dental Oral B Pro-Salud stages frozen 75 cc.,6810.00,,2026-10-06,6810.00,7506339398427
Carrefour,763587,Shampoo + Acondicionador Tío Nacho Control Caspa 2 en 1 415 ml,12190.00,,2026-10-06,12190.00,650240069376
Carrefour,548213,Pasta dental Colgate Sensitive Pro-Alivio real white 110 grs,8279.00,,2026-10-06,8279.00,7891024124628
Carrefour,715065,Shampoo Sedal Rizos Definidos 340 ml,6384.62,,2026-10-06,6384.62,7791293045771
Carrefour,762884,Queso crema untable light Bulnez en pote 180 grs,2390.00,,2026-10-06,2390.00,7791720045466
Carrefour,738426,Shampoo Tío Nacho Henna Egipcia Efecto Anti Canas 415 ml,11099.00,,2026-10-06,11099.00,7798140257851
Carrefour,723893,Pantene Pro-V miracles equilibrio raíz & puntas acondicionador hidratante 700 ml.,18649.00,,2026-10-06,18649.00,7500435230025
Carrefour,737851,Recarga Crema Hidratante Facial Neutrogena Hydro Boost 50 grs,24249.00,,2026-10-06,24249.00,7891010255725
Carrefour,415481,Queso untable light Milkaut tradicional 190 g,3515.00,,2026-10-06,3515.00,7794820015018
Carrefour,546704,Antitranspirante Veritas crema clásico 60 g,2519.00,,2026-10-06,2519.00,7791520012170
Carrefour,394515,Repelente para mosquitos en crema Carrefour Expert 200 grs,490.00,si,2026-10-06,4190.00,7798108347136
Carrefour,552802,Pasta dental Sensodyne repara & protege blanqueador 100 g.,11565.00,,2026-10-06,11565.00,7794640170720
Carrefour,366949,La Paulina queso untable jamón 190 grs,3215.00,,2026-10-06,3215.00,7794990878925
Carrefour,737990,Papas fritas Pringles sabor crema y cebolla 39 g,2730.00,,2026-10-06,2730.00,7896004009193
Carrefour,764177,Papas fritas Carrefour Classic sabor crema y cebolla en tubo 40 grs,1690.00,,2026-10-06,1690.00,7791720046098
Carrefour,679240,Queso untable cremoso con queso azul Adler 190 g,3909.00,,2026-10-06,3909.00,7791564136580
Carrefour,657839,Head & Shoulders manzana fresh acondicionador 300 ml.,12725.00,,2026-10-06,12725.00,7500435147569
Carrefour,762876,Queso untable Bulnez sabor jamón en pote 180 grs,2390.00,,2026-10-06,2390.00,7791720045435
Carrefour,546710,Antitranspirante Veritas crema esencial 60 g,2139.00,,2026-10-06,2139.00,7791520012187
Carrefour,727470,Máscara de tratamiento Sedal hialurónico + vitamina A 300 grs,6969.00,,2026-10-06,6969.00,7791293049809
Carrefour,415476,Queso untable Milkaut jamon 190 g,3515.00,,2026-10-06,3515.00,7794820014981
Carrefour,776888,Polvo crema chantilly Carrefour Classic 250 grs,5750.00,,2026-10-06,5750.00,7791720050682
Carrefour,522408,Coffe Mate suave 170 grs,6335.00,,2026-10-06,6335.00,7501059240605
Carrefour,459649,Pasta Dental Colgate Max White Crystal Mint 180 g.,9380.00,,2026-10-06,9380.00,7891024123362
Carrefour,679239,Queso untable cremoso con jamón Adler 190 g,3909.00,,2026-10-06,3909.00,7791564136566
Carrefour,325373,Pasta dental Sensodyne original 50 g.,4715.00,,2026-10-06,4715.00,7896009400049
Carrefour,756371,Máscara de Tratamiento Sedal Luminous UV 300 grs,6969.00,,2026-10-06,6969.00,7891150099920
Carrefour,770863,Espuma de afeitar Nivea Men Sensitive para piel sensible 200 ml,9135.00,,2026-10-06,9135.00,8715200817205
Carrefour,639578,Queso fundido Philadelphia original 150 g.,9500.00,,2026-10-06,9500.00,7893333325000
Carrefour,573478,Limpiador de baño Mr Músculo en crema floral 450 ml,4949.00,,2026-10-06,4949.00,7790520012531
Carrefour,771837,Pasta dental Everfresh triple acción 90 grs,3499.00,,2026-10-06,3499.00,7798311610522
Carrefour,726548,Hummus Kamar sesamo ajo perejil y pimenton 230 g.,4450.00,,2026-10-06,4450.00,7798383010169
Carrefour,777813,Shampoo Tio Nacho Keratina Vegetal 415 ml,11899.00,,2026-10-06,11899.00,650240073526
Carrefour,736755,Untable fantastique finas hierbas Felices las vacas 200 g.,3619.00,,2026-10-06,3619.00,656750747919
Carrefour,746353,La Paulina queso untable salame 190 grs,3215.00,,2026-10-06,3215.00,7794990172757
Carrefour,394359,Jabón de tocador Cupido cremas 3 x 90 g.,1990.00,,2026-10-06,1990.00,7794218106373
Carrefour,605457,Pasta dental Gum Avengers 100 g.,5935.00,,2026-10-06,5935.00,7798142350468
Carrefour,452542,Pasta dental Sensodyne blanqueador extra fresh 50 g.,5435.00,,2026-10-06,5435.00,7896015519223
Carrefour,751690,Coffe Mate original 170 grs,6335.00,,2026-10-06,6335.00,7506475119573
Carrefour,784362,Suavizante Concentrado Comfort Frescor Intenso 380 ml,5404.54,,2026-10-06,5404.54,7791290796874
Carrefour,698993,Sopa crema de choclo Alicante sobre 69 g.,2099.00,,2026-10-06,2099.00,7790150440131
Carrefour,639579,Queso fundido Philadelphia original 300 g.,18499.00,,2026-10-06,18499.00,7622300801779
Carrefour,175014,Bálsamo After shave Nivea Men Sensitive para piel sensible 100 ml,16029.00,,2026-10-06,16029.00,8715200813061
Carrefour,781906,Pasta Dental Colgate Total Interdental 90 grs,7040.00,,2026-10-06,7040.00,7509546704067
Carrefour,729973,Emulsión corporal Dermaglós regeneración intens 300 cc.,28539.00,,2026-10-06,28539.00,7793742008276
Carrefour,690676,Queso untable cremoso Adler con salame 190 g,3900.00,,2026-10-06,3900.00,7791564136573
Carrefour,661514,Queso fondue Santa Rosa uht 400 g.,18379.00,,2026-10-06,18379.00,7791564136450
Carrefour,725544,Pasta dental Sensodyne sensibilidad & esmalte 100 g.,10509.00,,2026-10-06,10509.00,7896009498572
Carrefour,779948,Desodorante en crema Rexona Men In Fresh 58 grs,18239.00,,2026-10-06,18239.00,75078829
Carrefour,751084,Sérum Rellenador Nivea Cellular Expert Filler con Ácido Hialurónico 30 ml,38619.00,,2026-10-06,38619.00,4005900957061
Carrefour,687661,Sopa crema Alicante legumbres caja 68 g.,2149.00,,2026-10-06,2149.00,7790150441626
Carrefour,776542,Pasta Dental Colgate Naturals Bicarbonato y menta 90 grs,7300.00,,2026-10-06,7300.00,7509546700748
Carrefour,741714,Jabón de tocador Protex Cream 125 grs,1985.00,,2026-10-06,1985.00,7891024176719
Carrefour,781698,Papas fritas de crema y cebolla Good Show 53 grs,2059.00,,2026-10-06,2059.00,7798112608162
Carrefour,761604,Pasta dental en gel Meraki protector natural 90 grs,8750.00,,2026-10-06,8750.00,7798364400439
Carrefour,771714,Premezcla crema chantilly La Parmesana 50 grs,2160.00,,2026-10-06,2160.00,7798224213971
Carrefour,645599,Pasta dental Colgate max white 100 g.,5940.00,,2026-10-06,5940.00,7891024123188
Carrefour,442355,Pasta dental Carrefour Soft sensitive 90 g.,2890.00,si,2026-10-06,5050.00,7798141714711
Carrefour,739687,Snacks crema y ciboulette Baked Chips 50 g.,1000.00,,2026-10-06,1000.00,7798228641046
Carrefour,617382,Activador en crema Issue 30 vol 120 cc.,2769.00,,2026-10-06,2769.00,7793008007029
Carrefour,771914,Queso Brie untable Wapi 180 grs,7599.00,,2026-10-06,7599.00,7798096213765
Carrefour,639580,Queso fundido Philadelphia light 150 g.,10299.00,,2026-10-06,10299.00,7893333325109
Carrefour,727469,Máscara de Tratamiento Sedal Colágeno + Vitamina C 300 grs,6969.00,,2026-10-06,6969.00,7791293049793
Carrefour,762878,Queso untable clásico Bulnez en pote 180 grs,2390.00,,2026-10-06,2390.00,7791720045459
Carrefour,646507,Queso Cremón doble crema La Serenísima,20035.00,,2026-10-06,20035.00,2505254000007
Carrefour,758896,Gel dental Gum antibacterial 100 grs,9875.00,,2026-10-06,9875.00,7798142356729
Carrefour,726547,Hummus Kamar pasta de maní clásico en pote 230 g.,4375.00,,2026-10-06,4375.00,7798383010121
Carrefour,728211,Mascarilla Fructis Hair Food Aloe 350 ml,15990.00,,2026-10-06,15990.00,7509552874051
Carrefour,728215,Mascarilla Fructis Hair Food Sandia 350 ml,15990.00,,2026-10-06,15990.00,7509552874006
Carrefour,639581,Queso fundido Philadelphia light 300 g.,18499.00,,2026-10-06,18499.00,7622300801786
Carrefour,539414,Pasta dental Parodontax fluor 50 g.,6265.00,,2026-10-06,6265.00,7896015527433
Carrefour,723123,Nescafé Dolca Cookies & Cream 125 grs,5069.00,,2026-10-06,5069.00,8445290794819
Carrefour,496012,Gel facial Dermaglós hidratante pieles mixtas a grasas 70 g.,27519.00,,2026-10-06,27519.00,7793742007606
Carrefour,758029,Cubanito relleno Arbanit pasta de pistacho 26 grs,1300.00,,2026-10-06,1300.00,736372567604
Carrefour,764457,Sérum Sedal Toque de Seda 100 ml,11519.00,,2026-10-06,11519.00,7891150101784
Carrefour,751089,Serúm doble acción Nivea antiedad Q10 30 ml,38649.00,,2026-10-06,38649.00,4006000067933
Carrefour,364736,Bálsamo After shave Nivea Men Hydrocare para todo tipo de piel 100 ml,16029.00,,2026-10-06,16029.00,8412300813006
Carrefour,363207,Pasta dental Carrefour Soft triple acción 90 grs,3750.00,,2026-10-06,3750.00,7798108342841
Carrefour,729974,Emulsión corporal Dermaglós piel diabetico 300 cc.,35545.00,,2026-10-06,35545.00,7793742008283
Carrefour,784812,Pack crema dental proteccion anticaries Colgate x3 90 grs,8350.00,,2026-10-06,8350.00,7509546703770
Carrefour,643013,Pasta dental Sensodyne rápido alivio blanqueador 100 g.,11229.00,,2026-10-06,11229.00,7794640172472
Carrefour,623577,Pasta dental Colgate triple acción extra blancura 150 grs,7295.00,,2026-10-06,7295.00,7509546056111
Carrefour,784363,Suavizante Concentrado Comfort Brisa Elegante 380 ml,5405.00,,2026-10-06,5405.00,7791290796881
Carrefour,646523,Tintura permanente en crema Koleston castaño oscuro 30 1 u.,19660.00,,2026-10-06,19660.00,3614225108723
Carrefour,646517,Tintura permanente en crema Koleston castaño claro 50 1 u.,19660.00,,2026-10-06,19660.00,3614225108785
Carrefour,654816,Sopa de maíz familiar Teramo sin TACC 86 g.,5725.00,,2026-10-06,5725.00,7794059001097
Carrefour,747690,Bombon helado Carrefour Classic crema americana 105 grs,5990.00,,2026-10-06,5990.00,7791720039588
Carrefour,646525,Tintura permanente en crema Koleston negro 20 1 u.,19660.00,,2026-10-06,19660.00,3614225108709
Carrefour,706192,Hummus x uni,6000.00,,2026-10-06,6000.00,2920787000001
Carrefour,783638,Chips Bruschette Maretti sabor crema y cebolla 70 grs,2499.00,,2026-10-06,2499.00,3800205877325
Carrefour,646503,Tintura permanente en crema Koleston rubio cenizo oscuro 61 1 u.,19660.00,,2026-10-06,19660.00,3614225108846
Carrefour,646513,Tintura permanente en crema Koleston rubio cenizo med 71 1 u.,19660.00,,2026-10-06,19660.00,3614225108884
Carrefour,765466,Set crema para manos + body splash Passion Fruit Karina Rabolini,28300.00,,2026-10-06,28300.00,7798165917679
Carrefour,775922,Papas fritas Saladix sabor crema y cebolla 72 grs,3549.00,,2026-10-06,3549.00,7790040153141
Carrefour,603266,Queso pulpeta Wapi 125 g.,5799.00,,2026-10-06,5799.00,7798096210146
Carrefour,646516,Tintura permanente en crema Koleston rubio oscuro 60 1 u.,19660.00,,2026-10-06,19660.00,3614225108839
Carrefour,731417,Pasta de dientes peroxicare con bicarbonato de sodio de Arm and Hammer 170 grs,9939.00,,2026-10-06,9939.00,33200187707
Carrefour,646515,Tintura permanente en crema Koleston rubio avellana 73 1 u.,19660.00,,2026-10-06,19660.00,3614225108907
Carrefour,646510,Tintura permanente en crema Koleston rubio cenizo claro 81 1 u.,19660.00,,2026-10-06,19660.00,3614225108945
Carrefour,771912,Queso azul untable Wapi 180 grs,7599.00,,2026-10-06,7599.00,7798096213772
Carrefour,698994,Sopa crema Alicante zapallo 73 g.,2099.00,,2026-10-06,2099.00,7790150440193
Carrefour,783640,Chips Bruschette Maretti sabor crema y cebolla 140 grs,4500.00,,2026-10-06,4500.00,3800205877936
Carrefour,749386,Snack queso crema y cebolla Meltaim 150 grs,3125.00,,2026-10-06,3125.00,758890950188
Carrefour,737847,Serum hidratante Neutrogena hydro boost 30 ml,42020.00,,2026-10-06,42020.00,7891010254933
Carrefour,777512,Pack cepillo y crema dental Colgate Sensitive 1 uni,11390.00,,2026-10-06,11390.00,7509546701158
Carrefour,776520,Set Chill Not Boring Go To Be body splash + crema corporal + shower gel,37989.00,,2026-10-06,37989.00,7791274201967
Carrefour,1660509,Gel de Limpieza Facial pH 5.5,25900.00,,2026-10-06,25900.00,7798111210885
Carrefour,646502,Tintura permanente en crema Koleston rojo exótico 5546 1 u.,19660.00,,2026-10-06,19660.00,3614225108990
Carrefour,746414,Gel hidratante aclarante Garnier Skinactive 50 cc.,26990.00,,2026-10-06,26990.00,7899706194273
Carrefour,760067,Fluido facial antimanchas de día Nivea Luminous 630 FPS 50 para todo tipo de piel 40 ml,33305.00,,2026-10-06,33305.00,4005900786487
Carrefour,646514,Tintura permanente en crema Koleston rubio mediano 70 1 u.,19655.00,,2026-10-06,19655.00,3614225108877
Carrefour,608883,Queso crema de cabra Petitsuisse Chavroux 150 g.,11145.00,,2026-10-06,11145.00,3272770013994
Carrefour,646501,Tintura permanente en crema Koleston rubio claro especial 120 1 u.,19660.00,,2026-10-06,19660.00,3614225109058
Carrefour,784364,Suavizante Concentrado Comfort Explosión de Lavanda 380 ml,5405.00,,2026-10-06,5405.00,7791290796898
Carrefour,1660511,MODELEITOR Cera Capilar Efecto Mate,15690.00,,2026-10-06,15690.00,7798111212032
Carrefour,760065,Serum Anti-manchas Nivea Luminous 630 tratamiento avanzado piel luminosa 30 ml,39725.00,,2026-10-06,39725.00,4005900786470
Carrefour,1770092,Serum Cellular Renovation - Corrector de lineas de expresion,29750.00,si,2026-10-06,59500.00,7797416015607
Carrefour,760063,Serum anti-manchas Nivea Luminous630 tratamiento avanzado anti-edad 30 ml,39725.00,,2026-10-06,39725.00,4006000017402
Carrefour,387528,Autocera crema Autopolish 0.45 l.,11190.00,,2026-10-06,11190.00,7790715013138
Carrefour,770412,Licor Polini crema al pistacchio en botella 520 ml,19990.00,,2026-10-06,19990.00,8006063901911
Carrefour,646519,Tintura permanente en crema Koleston borgoña intenso 466 1 u.,19660.00,,2026-10-06,19660.00,3614225108761
Carrefour,770411,Licor Polini crema al cappuccino en botella 520 ml,19990.00,,2026-10-06,19990.00,8006063901904
Carrefour,760064,Serum anti-acné Nivea Luminous 630 tratamiento avanzado anti-imperfecciones 30 ml,39725.00,,2026-10-06,39725.00,4006000017396
Carrefour,1660521,Serum Humectante VOL.1: BALANCE Niacinamida 10%,28300.00,,2026-10-06,28300.00,7798111210762
Carrefour,761335,Cicatricure Neuro-Zen crema antiarrugas con melatonina 50 grs,33920.00,,2026-10-06,33920.00,650240072215
Carrefour,646528,Tintura permanente en crema Koleston rubio cenizo extra claro 91 1 u.,19655.00,,2026-10-06,19655.00,3614225108969
Carrefour,770413,Licor Polini crema al limón en botella 520 ml,19990.00,,2026-10-06,19990.00,8006063901935
Carrefour,1651037,"Cavitador Corporal, Radiofrecuencia, Ems, Ultrasonido Rf Body Pro + gel Conductor - Mantra",302081.00,si,2026-10-06,317980.00,6974362530062
Carrefour,646512,Tintura permanente en crema Koleston castaño bambi 77 1 u.,19655.00,,2026-10-06,19655.00,3614225108914
Carrefour,1660508,Serum Humectante VOL.1: BALANCE Niacinamida 10% + RECARGA!,46300.00,,2026-10-06,46300.00,
Carrefour,757295,Bandeja Keramika 33.5x12 cm new age crema bb25,16990.00,,2026-10-06,16990.00,8680550970194
Carrefour,1776809,Cafetera Espresso Pastalinda Cucina 20bar Vaporizador Crema,358799.00,si,2026-10-06,459999.00,7798100891866
Carrefour,785342,Necessaire Eau De Parfum Ciel Nuit 50 ml + Crema 85 grs,33900.00,,2026-10-06,33900.00,7791600282141
Carrefour,764109,Queso azul untable Saint Agur en pote 150 grs,16990.00,,2026-10-06,16990.00,3222110008111
Carrefour,776521,Set The Plot Twist Go To Be body splash + crema corporal + shower gel,40335.00,,2026-10-06,40335.00,7791274201950
Carrefour,1660523,AMO MIS RULOS Activador y Humidificador de Rulos,17390.00,,2026-10-06,17390.00,7798111210793
Carrefour,1651173,Gel Corporal Exfoliante - Mantra,17990.00,,2026-10-06,17990.00,
Carrefour,1770365,Molinillo de Cafe Daihatsu NICA CG1412 150W Crema Acero Inox,45999.00,si,2026-10-06,70767.69,8413880232485
Carrefour,1751456,Pata Pata musical con luz SL-101 Bebesit Crema,64272.00,si,2026-10-06,130184.00,7797481919176
Carrefour,1770295,Batidora Planetaria Daihatsu KNAM SM-1508 1100W Color Crema,164999.00,si,2026-10-06,253844.61,8432589850202
Carrefour,765467,Set crema para manos + body splash Karina Rabolini,28300.00,,2026-10-06,28300.00,7798165917686
Carrefour,1770299,Batidora Planetaria Ranser ARVO PM-11044 1100W 3Lts Color Crema,114999.00,si,2026-10-06,176921.53,8435436108624
Carrefour,1759102,"Modelador, Alisador, Buclera, Multifunción Mantra Air Nova",316792.00,si,2026-10-06,395990.00,
Carrefour,785486,Alfajor de chocolate negro Dou Foods relleno de crema de avellanas 70 grs,1900.00,,2026-10-06,1900.00,7798182731807
Carrefour,1660514,DESENREADY Acondicionador Desenredante Instantáneo,14290.00,,2026-10-06,14290.00,7798111210809
Carrefour,1770346,Batidora Planetaria Daihatsu WAKUSEI PM-11075 3lts 1100w Color Crema,114999.00,si,2026-10-06,176921.53,8433880232034
Carrefour,1651171,Kit Gel de limipieza + Emulsión + suavizante de barba - Bacan,48422.00,si,2026-10-06,50970.00,
Carrefour,1660517,FRIZZMINEITOR Tratamiento Reparador Antifrizz,16490.00,,2026-10-06,16490.00,7798111212926
Carrefour,726661,Helado Oreo en pote 95 g,5699.00,,2026-10-06,5699.00,7798304841575
Carrefour,1760826,KO (genderless) Fragancia EDP + Crema perfumada,56900.00,,2026-10-06,56900.00,7798111212827
Carrefour,1660790,"Tónico Descongestivo, Bruma Calmante - Mantra",16990.00,,2026-10-06,16990.00,
Carrefour,1767175,Serum Postbiótico VOL.4: BIOMA Biotecnología Argentina,29400.00,,2026-10-06,29400.00,7798111212742
Carrefour,1765487,Set x 4 Platos Postre 20 cm Porcelana Crema Lona Aston,32659.19,si,2026-10-06,54432.00,7798385074312
Carrefour,1660788,Kit Gel exfoliante + Crema Rafirmante + Gel conductor - Mantra,51272.00,si,2026-10-06,53970.00,
Carrefour,1770093,Serum Power Lifting - Efecto lifting reafirmante,63500.00,,2026-10-06,63500.00,7797416015621
Carrefour,1776232,Set De Valijas Rigidas Abs North Tiger X3 Traful Reforzada 20/24/28 Crema,397419.00,si,2026-10-06,467552.00,7791073883791
Carrefour,785949,Mascarilla facial Medicube ilumina reafirma con PDRN 1 uni,6499.00,,2026-10-06,6499.00,8800289470165
Carrefour,757297,Bandeja Keramika 30x20 cm new age crema bb25,22990.00,,2026-10-06,22990.00,8680550970200
Carrefour,1660522,REVIVIENDO Máscara Hidratación Profunda,20790.00,,2026-10-06,20790.00,7798111210700
Carrefour,1651187,"Emulsión Hidratante, Ácido Hialuronico, Ceramidas, Colágeno - Mantra",20990.00,,2026-10-06,20990.00,
Carrefour,1770090,Serum Hydra Lifting - Ultra hidratación reparadora,61500.00,,2026-10-06,61500.00,7797416015645
Carrefour,770414,Licor Polini crema al chocolate en botella 520 ml,19990.00,,2026-10-06,19990.00,8006063901942
Carrefour,695050,Spray hidratante corporal Dermaglós 175 cc.,19875.00,,2026-10-06,19875.00,7793742007668
Carrefour,1745249,Vaso Termico Cafe Broksol Coffee Mug 380 Ml Frio Caliente Crema,39499.00,,2026-10-06,39499.00,7796729706196
Carrefour,1770091,Serum Ultra Regeneration - Reparacion y renovacion celular,64500.00,,2026-10-06,64500.00,7797416015614
Carrefour,1770356,"Batidora de pie Daihatsu HM780c 350W Cake Boss con bowl de acero 3,5 L crema",84999.00,si,2026-10-06,130767.69,8435051321361
Carrefour,1745219,Esmalte sintético 3 en 1 Brilloplast max crema 1 L,21619.47,si,2026-10-06,30884.95,7792952016675
Carrefour,785950,Mascarilla facial Medicube reafirma con colágeno 1 uni,6499.00,,2026-10-06,6499.00,8809517411741
Carrefour,785943,Mascarilla facial Skin 1004 hidratacion hyalucica 23 ml,6599.00,,2026-10-06,6599.00,8809913832034
Carrefour,785947,Mascarilla facial Anua serum con niacina 1 uni,8199.00,,2026-10-06,8199.00,8800307377612
Carrefour,1660785,"Cavitador Corporal, Radiofrecuencia, Ems, Ultrasonido Rf Body Pro + Full Kit - Mantra",336262.00,si,2026-10-06,353960.00,2650651000003
Carrefour,1660787,Kit Rutina Facial Mantra,50322.00,si,2026-10-06,52970.00,
Carrefour,785956,Mascarilla facial Colágeno + Hialuronico Biodance 1 uni,16199.00,,2026-10-06,16199.00,8809937360834
Carrefour,785948,Mascarilla facial Medicube colageno rosa 1 uni,13999.00,,2026-10-06,13999.00,8800256108046
Carrefour,785333,Pasta dental multibeneficios Meraki 5 en 1 90 grs,7990.00,,2026-10-06,7990.00,7798364400538
Carrefour,1760827,ASHER (for her) Fragancia EDP + Crema perfumada,56900.00,,2026-10-06,56900.00,7798111212810
Carrefour,1760409,Vaso Termico Broksol Cool Mug 1.2 Lts Con Tapa Y Sorbete - Crema,54244.05,si,2026-10-06,57099.00,7796729707654
Carrefour,1651172,"Trio Masks: Descongestiva, Revitalizante y Biorenovadora - Mantra",51272.00,si,2026-10-06,53970.00,
Carrefour,785341,Necessaire Eau De Parfum Ciel 50 ml + Crema 85 grs,33900.00,,2026-10-06,33900.00,7791600282035
Carrefour,785952,Mascarilla facial Celimax ilumina para poros 1 uni,12499.00,,2026-10-06,12499.00,8800296551550
Carrefour,785945,Mascarilla facial Skin 1004 minimiza poros 23 ml,6599.00,,2026-10-06,6599.00,8809913831310
Carrefour,785946,Mascarilla facial con hialuronico Anua 1 uni,8199.00,,2026-10-06,8199.00,8800307377605
Carrefour,785951,Mascarilla facial Celimax intensiva noni 1 uni,7799.00,,2026-10-06,7799.00,8809849807410
Carrefour,785942,Mascarilla facial Skin 1004 hidratante 25 ml,6599.00,,2026-10-06,6599.00,8809576260496
Carrefour,785944,Mascarilla facial Skin 1004 unifica tono 25 ml,6599.00,,2026-10-06,6599.00,8809913830931
Carrefour,785953,Mascarilla facial Dr Althea descongestiva 1 uni,9599.00,,2026-10-06,9599.00,8809447255712
Carrefour,785343,Necessaire EDP Ciel Crystal 50 ml + Crema 85 grs,33900.00,,2026-10-06,33900.00,7791600282363
Carrefour,1746745,Esmalte sintético Realis triple acción brillante crema 1/2 l,13833.51,,2026-10-06,13833.51,7795658001754
Carrefour,380313,Huevos blancos El Mercado 6 uni,2350.00,,2026-10-06,2350.00,7798108344487
Carrefour,400140,Huevos color El Mercado 30 uni,8999.00,,2026-10-06,8999.00,7798108347112
Carrefour,291306,Huevos blanco El Mercado plástico 12 uni,5690.00,,2026-10-06,5690.00,7798033339411
Carrefour,749573,Huevos libres de jaula Huella Natural 6 uni,3090.00,,2026-10-06,3090.00,7791720041192
Carrefour,380315,Huevos color El Mercado extra 6 uni,2990.00,,2026-10-06,2990.00,7798108344494
Carrefour,291309,Huevos blanco El Mercado plástico 6 uni,2990.00,,2026-10-06,2990.00,7798033339435
Carrefour,336475,Huevos color Avicoper 6 uni,2400.00,,2026-10-06,2400.00,7792335000338
Carrefour,291310,Huevos color El Mercado plástico 6 uni,3250.00,,2026-10-06,3250.00,7798033339442
Carrefour,706871,Huevos de codorniz cabana Santa Silvia x 12 uni,3960.00,,2026-10-06,3960.00,7798112460012
Carrefour,773116,Huevos de pascuas sorpresa constucción,1900.00,,2026-10-06,1900.00,3617702730349
Carrefour,737874,Huevo sorpresa con dinosaurios (Modelos Surtidos),5900.00,,2026-10-06,5900.00,4894319783138
Carrefour,773119,Huevos de pascuas para pintar,5900.00,,2026-10-06,5900.00,3617702730332
Carrefour,679725,Fideos cintas nido n4 al huevo 308 500 g.,2959.00,,2026-10-06,2959.00,7790427000440
Carrefour,328796,Fideos cinta nido 308 nº 3 al huevo 500 g.,2959.00,,2026-10-06,2959.00,7790427000037
Carrefour,743087,Fideos nido huevo Carrefour Classic 500 g.,3350.00,,2026-10-06,3350.00,7791720037515
Carrefour,733268,Fideos al huevo Lucchetti spaghetti 500 g,2300.00,,2026-10-06,2300.00,7790070337108
Carrefour,733266,Fideos al huevo Lucchetti tirabuzón 500 grs,2299.00,,2026-10-06,2299.00,7790070337085
Carrefour,733267,Fideos al huevo Lucchetti mostachol 500 g,2299.00,,2026-10-06,2299.00,7790070337092
Carrefour,743086,Fideos nido huevo Carrefour Classic 500 g.,3350.00,,2026-10-06,3350.00,7791720037508
Carrefour,328794,Fideos cinta nido 308 nº 1 al huevo 500 g.,2959.00,,2026-10-06,2959.00,7790427000013
Carrefour,777590,Fideos nido al huevo N°3 Monte Lirio 500 grs,2699.00,,2026-10-06,2699.00,7792715070678
Carrefour,745616,Fideos sin tacc al huevo tirabuzón Yuka 250 g.,3210.00,,2026-10-06,3210.00,7794903232905
Carrefour,782665,Fideos al huevo Don Felipe spaghetti 550 grs,2700.00,,2026-10-06,2700.00,7790070106230
Carrefour,777591,Fideos nido al huevo N°4 Monte Lirio 500 grs,2699.00,,2026-10-06,2699.00,7792715078391
Carrefour,747769,Papas fritas Carrefour Classic sabo huevo frito en tubo 140 grs,2990.00,si,2026-10-06,3990.00,7791720038048
Carrefour,6759,Licor Cusenier huevo 700 cc,8079.00,,2026-10-06,8079.00,7792410008051
Carrefour,743084,Fideos fettuccini huevo Carrefour Classic 500 g.,3350.00,,2026-10-06,3350.00,7791720037485
Carrefour,778101,Flan con huevo sabor vainilla 180 grs,1999.00,si,2026-10-06,2540.00,7798114470057
Carrefour,763191,Juego didáctico huevos arcoíris,9900.00,,2026-10-06,9900.00,4892401048004
Carrefour,10183,Fideos mostacholes al huevo 500 g.,3490.00,,2026-10-06,3490.00,2900002002058
Carrefour,1769366,Incubadora de Huevos Automatica Gadnic Capacidad 108 Huevos Expandible Ovoscopio Giro Automático,305949.00,si,2026-10-06,397734.00,7799219126733
Carrefour,1775240,Sarten Para Huevo Frito De 12 Cm - Panelux,13299.00,si,2026-10-06,17752.00,7898147772354
Carrefour,1748184,Molde Para Huevo Simple Brosen Acero Inoxidable,8699.00,,2026-10-06,8699.00,7796729061523
Carrefour,1769954,Contenedor con Tapa para Huevos Atma Home OACHT116P,9999.00,si,2026-10-06,23099.00,7799111696440
Carrefour,1757597,Velador Luz Noche Gadnic Proyector con Diseño de Huevo Dinosaurio,47232.00,si,2026-10-06,61402.00,645760819754
Carrefour,1758127,Incubadora de Huevos Automática Gadnic,175249.00,si,2026-10-06,227824.00,7427250812635
Carrefour,1758128,Incubadora de Huevos Gadnic 24 Huevos Temperatura Estable,164999.00,si,2026-10-06,214499.00,7427252439830
Carrefour,1758546,Molde Para Huevo Frito Gadnic Formas Acero Inoxidable - Estrella,3499.00,si,2026-10-06,4549.00,656272952792
Carrefour,1746001,Molde para Huevos La Planchetta,10000.00,,2026-10-06,10000.00,7798185560374
Carrefour,1748183,Molde Para Huevo Doble Brosen Acero Inoxidable,12499.00,,2026-10-06,12499.00,7796729061530
Carrefour,1760221,Parlante Portatil Panacom SP-3103FL 8W Bluetooth RGB USB,99999.00,,2026-10-06,99999.00,7798347603581
Carrefour,753237,Pan blanco Bimbo Artesano con Masa Madre 500 grs,5649.00,si,2026-10-06,9439.00,7793890260885
Carrefour,717550,Pan Blanco Lactal 460 grs,5259.00,,2026-10-06,5259.00,7793890258752
Carrefour,563934,Pan de salvado Carrefour Classic 600 grs,5650.00,,2026-10-06,5650.00,7798159715052
Carrefour,715678,Pan para hamburguesa Bimbo Artesano 4 uni,4925.00,,2026-10-06,4925.00,7793890258998
Carrefour,771259,Pan blanco Bimbo 580 grs,8099.00,,2026-10-06,8099.00,7793890262131
Carrefour,716487,Pan de panchos Lactal 6 uni,2700.00,,2026-10-06,2700.00,7793890258790
Carrefour,718430,Pan para hamburguesa con sésamo Bimbo 4 uni,3869.00,,2026-10-06,3869.00,7793890259070
Carrefour,716484,Pan Blanco Lactal 315 grs,3600.00,,2026-10-06,3600.00,7793890258769
Carrefour,716833,Pan para Hamburguesa con sésamo Fargo 4 uni,3485.00,,2026-10-06,3485.00,7793890258851
Carrefour,716488,Pan para Hamburguesa Lactal 4 uni,2700.00,,2026-10-06,2700.00,7793890258806
Carrefour,715679,Pan para panchos Bimbo Artesano 6 uni,4925.00,,2026-10-06,4925.00,7793890259025
Carrefour,771257,Pan lacteado rodajas finas Fargo 510 grs,7289.00,,2026-10-06,7289.00,7793890262148
Carrefour,723268,Pan para panchos La perla 6 uni,2550.00,,2026-10-06,2550.00,7790903001343
Carrefour,774878,Pan de molde Brioche Artesano 500 grs,9439.00,,2026-10-06,9439.00,7793890262407
Carrefour,780893,Pan cereales y semillas Fargo bolsa 400 grs,6019.00,,2026-10-06,6019.00,7793890262643
Carrefour,307706,Pan de mesa Veneziana blanco 600 g.,4959.00,,2026-10-06,4959.00,7791708001514
Carrefour,749204,Pan multicereal Carrefour Classic 390 grs,4359.00,,2026-10-06,4359.00,7791720032619
Carrefour,716832,Pan de Pancho Fargo 6 uni,3485.00,,2026-10-06,3485.00,7793890258875
Carrefour,724750,Pan flautita x kg.,6990.00,,2026-10-06,6990.00,2509100000005
Carrefour,715702,Pan de papa para hamburguesa Bimbo Artesano 4 uni,5700.00,,2026-10-06,5700.00,7793890259001
Carrefour,723269,Pan para hamburguesa La perla 4 uni,2550.00,,2026-10-06,2550.00,7790903001350
Carrefour,770919,Pan Multigrano Oroweat 600 grs,11159.00,,2026-10-06,11159.00,7793890261516
Carrefour,749200,Pan lacteado de mesa Carrefour Classic 590 grs,5655.00,,2026-10-06,5655.00,7791720033036
Carrefour,753535,Pan Blanco Bimbo 400 grs,6020.00,,2026-10-06,6020.00,7793890261233
Carrefour,597110,Pan para panchos Carrefour classic 6 u.,2390.00,,2026-10-06,2390.00,7798159715120
Carrefour,650660,Pan tradicional Schär 200 g. sin TACC,6105.00,,2026-10-06,6105.00,7898954933450
Carrefour,749207,Pan para panchos Carrefour Classic 240 grs,2490.00,,2026-10-06,2490.00,7791720032695
Carrefour,717200,Pan para pancho Bimbo 6 uni,3869.00,,2026-10-06,3869.00,7793890259087
Carrefour,758221,Pan Lacteado Fargo 370 grs,5419.00,,2026-10-06,5419.00,7793890261479
Carrefour,758220,Pan Lacteado Rodajas Finas Fargo 370 grs,5419.00,,2026-10-06,5419.00,7793890261509
Carrefour,307714,Pan para panchos Veneziana 6 u.,2539.00,,2026-10-06,2539.00,7791708001378
Carrefour,749205,Pan para hamburguesas Carrefour Classic 240 grs,2590.00,,2026-10-06,2590.00,7791720032688
Carrefour,771258,Pan Lacteado Rodajas Finas Fargo 510 grs,7289.00,,2026-10-06,7289.00,7793890262155
Carrefour,715677,Pan Brioche para hamburguesa Bimbo Artesano 4 uni,5700.00,,2026-10-06,5700.00,7793890259018
Carrefour,776415,Pan para panchos Mimago 240 grs,2159.00,,2026-10-06,2159.00,7798164190257
Carrefour,780892,Pan Pancho Papa Fargo 210 grs,3670.00,,2026-10-06,3670.00,7793890262667
Carrefour,749199,Pan multicereal Carrefour Classic 650 grs,6685.00,,2026-10-06,6685.00,7791720033043
Carrefour,752408,Pan lacteado blanco Bulnez 600 grs,4490.00,,2026-10-06,4490.00,7791720040850
Carrefour,617124,Pan para hamburguesa La Perla con sesamo 200 g.,2919.00,,2026-10-06,2919.00,7790903000735
Carrefour,768457,Pan artesano cereales y semillas Carrefour Extra con masa madre 560 grs,7490.00,,2026-10-06,7490.00,7791720046548
Carrefour,776416,Pan para hamburguesa Mimago 240 grs,2169.00,,2026-10-06,2169.00,7798164190226
Carrefour,650663,Pan de mesa Schär multigranos 200 grs Sin TACC,6800.00,,2026-10-06,6800.00,7898954933467
Carrefour,726351,Pan de papa para panchos Bimbo Artesano 6 uni,5700.00,,2026-10-06,5700.00,7793890259605
Carrefour,350826,Pan para hamburguesas Veneziana 4 u.,2529.00,,2026-10-06,2529.00,7791708001248
Carrefour,747507,Pan para hamburguesa Schar sin gluten 2 uni,5800.00,,2026-10-06,5800.00,7898954933689
Carrefour,776422,Pan de mesa multicereal Mimago chico 390 grs,3435.00,,2026-10-06,3435.00,7798164190202
Carrefour,752410,Pan salvado Bulnez 600 grs,4899.00,,2026-10-06,4899.00,7791720040829
Carrefour,563931,Pan de mesa lacteado Carrefour Classic 360 grs,3890.00,,2026-10-06,3890.00,7798159715021
Carrefour,774881,Pan de papa para hamburguesa Bimbo Artesano 160 grs,4360.00,,2026-10-06,4360.00,7793890262391
Carrefour,746646,Pan tipo campo Carrefour Classic 300 grs,3289.00,,2026-10-06,3289.00,7791720032657
Carrefour,746637,Pan con salvado tipo artesano Carrefour Classic 550 grs,6645.00,,2026-10-06,6645.00,7791720032633
Carrefour,773521,Pan Hogaza Blanca Oroweat 600 grs,11159.00,,2026-10-06,11159.00,7793890261837
Carrefour,774879,Pan brioche para panchos Bimbo Artesano 240 grs,5749.00,,2026-10-06,5749.00,7793890262414
Carrefour,749201,Pan lacteado de mesa Carrefour Classic 360 grs,3939.00,,2026-10-06,3939.00,7791720032596
Carrefour,749575,Pan para panchos largos Carrefour Classic 390 grs,3990.00,,2026-10-06,3990.00,7791720032701
Carrefour,654382,Pan de mesa lacteado Veneziana 400 g.,3519.00,,2026-10-06,3519.00,7791708611454
Carrefour,776419,Pan de mesa blanco Mimago chico 360 grs,3105.00,,2026-10-06,3105.00,7798164190165
Carrefour,617127,Pan para super pancho La Perla 6 u.,4150.00,,2026-10-06,4150.00,7790903000254
Carrefour,749202,Pan de salvado 600 grs,5759.00,,2026-10-06,5759.00,7791720033029
Carrefour,746639,Pan multicereal tipo artesano Carrefour Classic 590 grs,7099.00,,2026-10-06,7099.00,7791720032640
Carrefour,617129,Pan de mesa lacteado La Perla 620 grs,5809.00,,2026-10-06,5809.00,7790903000551
Carrefour,726272,Pan frances Schar sin tacc 100 grs,7200.00,,2026-10-06,7200.00,7898954933610
Carrefour,702769,Pan pevet Schar sin tacc 150 grs,6750.00,,2026-10-06,6750.00,7898954933573
Carrefour,723272,Pan con salvado La Perla 350 grs,3800.00,,2026-10-06,3800.00,7790903001381
Carrefour,645094,Pan baguette x 1 u.,1529.00,,2026-10-06,1529.00,2920521300008
Carrefour,774880,Pan brioche para hamburguesa Bimbo Artesano 160 grs,4360.00,,2026-10-06,4360.00,7793890262384
Carrefour,723270,Pan de mesa chico La Perla 330 grs,3399.00,,2026-10-06,3399.00,7790903001367
Carrefour,768456,Pan artesano Brioche Carrefour Extra 560 grs,7490.00,,2026-10-06,7490.00,7791720046531
Carrefour,752411,Pan para panchos Bulnez 230 grs,2290.00,,2026-10-06,2290.00,7791720040911
Carrefour,776413,Pan para superpanchos Mimago 390 grs,3535.00,,2026-10-06,3535.00,7798164190219
Carrefour,768455,Pan artesano 8 granos Carrefour Extra con masa madre 560 grs,7490.00,,2026-10-06,7490.00,7791720046524
Carrefour,722173,Pan de Superpancho Fargo 6 uni,5809.00,,2026-10-06,5809.00,7793890259698
Carrefour,617123,Pan de chips La Perla 16 u.,3285.00,,2026-10-06,3285.00,7790903000124
Carrefour,776428,Pan blanco estilo artesano Mimago 530 grs,5660.00,,2026-10-06,5660.00,7798164190486
Carrefour,746645,Pan tipo campo multicereal Carrefour Classic 330 grs,4319.00,,2026-10-06,4319.00,7791720032671
Carrefour,752406,Pan para hamburguesas Bulnez 210 grs,2290.00,,2026-10-06,2290.00,7791720040904
Carrefour,776418,Pan para maxihamburguesa con sésamo Mimago 360 grs,3105.00,,2026-10-06,3105.00,7798164190233
Carrefour,726271,Pan sin tacc Schar con quinoa 200 g.,6065.00,,2026-10-06,6065.00,7898954933627
Carrefour,719402,Pan para Pancho Largo Briosh 6 uni,4190.00,,2026-10-06,4190.00,7793890259339
Carrefour,749206,Pan para maxi hamburguesas Carrefour Classic 320 grs,3279.00,,2026-10-06,3279.00,7791720033050
Carrefour,752409,Pan salvado Bulnez 380 grs,3349.00,,2026-10-06,3349.00,7791720040836
Carrefour,605733,Pan roseta congelada Mamá cocina 6 uni,5119.00,,2026-10-06,5119.00,7792180008657
Carrefour,752407,Pan lacteado blanco Bulnez 380 grs,3349.00,,2026-10-06,3349.00,7791720040843
Carrefour,752412,Pan tipo pebetes Bulnez 250 grs,2890.00,,2026-10-06,2890.00,7791720040867
Carrefour,776427,Pan de mesa multicereal Mimago grande 650 grs,6645.00,,2026-10-06,6645.00,7798164191513
Carrefour,749203,Pan con salvado 360 grs,3899.00,,2026-10-06,3899.00,7791720032602
Carrefour,761212,Pan de ajo con queso Noly 5 uni,8400.00,,2026-10-06,8400.00,7898337980699
Carrefour,751781,Pan de miga blanco 6 fetas,4690.00,,2026-10-06,4690.00,7798128650100
Carrefour,390677,Pan para pancho Doña Noly x 6 uni,2765.00,,2026-10-06,2765.00,7790606026902
Carrefour,746642,Pan blanco artesano 530 grs,6439.00,,2026-10-06,6439.00,7791720032626
Carrefour,691663,Pan de campo 3 uni,3490.00,,2026-10-06,3490.00,7798359370167
Carrefour,704746,Pan de miga salvado 10 fetas 20 cm x 20 cm,7190.00,,2026-10-06,7190.00,7798128650063
Carrefour,390678,Pan para hamburguesa Doña Noly x 4 uni,2765.00,,2026-10-06,2765.00,7790606026728
Carrefour,751655,Pan para hamburguesa de queso 320 grs,5490.00,,2026-10-06,5490.00,7791720041413
Carrefour,706281,Panes x 10 uni,4800.00,,2026-10-06,4800.00,2920792000003
Carrefour,761213,Pan de ajo con queso picante Noly 5 uni,8400.00,,2026-10-06,8400.00,7898337980774
Carrefour,750325,Pan para hamburguesas x2 150 grs,6079.00,,2026-10-06,6079.00,7798433140075
Carrefour,750326,Pan chip x4 300 grs,6999.00,,2026-10-06,6999.00,7798433140082
Carrefour,691653,Pan de queso para hamburguesa 320 grs,5490.00,,2026-10-06,5490.00,7798359370044
Carrefour,751670,Pan de hamburguesa 320 grs,4935.00,,2026-10-06,4935.00,7791720041437
Carrefour,721690,Pan Blanco Briosh 315 grs,4190.00,,2026-10-06,4190.00,7793890259292
Carrefour,683530,Pan campaigne orgánico 300 g. x unidad,3499.00,,2026-10-06,3499.00,2920640300002
Carrefour,683531,Pan molde orgánico 580 g. x unidad,6899.00,,2026-10-06,6899.00,2920640400009
Carrefour,615379,Jabón de Tocador Dove Original Multipack x3 90 grs,7655.00,,2026-10-06,7655.00,7891150046481
Carrefour,744131,Jabon en Barra Dove Original Individual 90 grs,1699.00,si,2026-10-06,2739.00,7791293051208
Carrefour,740501,Jabón en Barra Lux Jazmín Cremoso Multipack x3 120 grs,4638.46,,2026-10-06,4638.46,7791293050805
Carrefour,456683,Jabón en pan Argentino blanco 2 u. x 200 g.,2600.00,,2026-10-06,2600.00,7794218106120
Carrefour,607606,Jabón de Tocador Dove Karité y Vainilla 90 grs,2739.00,,2026-10-06,2739.00,7891150019560
Carrefour,695183,Baguette Carrefour clásica x uni,1459.00,,2026-10-06,1459.00,2920708300005
Carrefour,768823,Jabón en pan Argentino máxima blancura 150 grs,799.00,si,2026-10-06,1080.00,7794218106854
Carrefour,740505,Jabón en Barra Lux Orquídea Negra Multipack x3 120 grs,4650.00,,2026-10-06,4650.00,7791293050829
Carrefour,754103,Jabón en pan Bulnez 150 grs,749.00,,2026-10-06,749.00,7791720042502
Carrefour,469997,Jabón en pan Carrefour Essential 200 g.,1350.00,,2026-10-06,1350.00,7798141718467
Carrefour,594890,Baguette Tradición Francesa x u.,3090.00,,2026-10-06,3090.00,2660663000007
Carrefour,744128,Jabón en Barra Dove Piel Sensible 90 grs,2739.00,,2026-10-06,2739.00,7891150095618
Carrefour,740503,Jabón en Barra Lux Lirio Azul Multipack x3 120 grs,4638.46,,2026-10-06,4638.46,7791293050812
Carrefour,469933,Jabón en pan Carrefour Essential 2 u. x 200 grs,2550.00,,2026-10-06,2550.00,7798141718474
Carrefour,743785,Premezcla Maizena tapas de alfajor sin tacc 400 g.,3249.00,,2026-10-06,3249.00,7794000008243
Carrefour,545149,Ciriola flautita x kg.,6990.00,,2026-10-06,6990.00,2302525000007
Carrefour,739707,Budin marmolado El Mercado 220 g.,2990.00,,2026-10-06,2990.00,7791720031360
Carrefour,719458,Jabón de glicerina en Barra Rexona Neutro Multipack x3 90 grs,5035.00,,2026-10-06,5035.00,7791293049205
Carrefour,719456,Jabón de glicerina en Barrra Rexona Neutro 90 grs,1679.00,,2026-10-06,1679.00,7791293049175
Carrefour,740598,Jabon en Barra Lux Manzanilla 90 grs,1719.00,,2026-10-06,1719.00,7791293047874
Carrefour,740517,Jabón en Barra Lux Rosas Francesas 120 grs,1659.00,,2026-10-06,1659.00,7791293050874
Carrefour,681266,Crocantes de merluza Solimeno 320 g.,6159.00,,2026-10-06,6159.00,7798098028060
Carrefour,737501,Premezcla Maizena bizcochuelo sin tacc de vainilla 450 g.,6479.00,,2026-10-06,6479.00,7794000008229
Carrefour,635407,Baguette multicereal Tradicional Francesa x unidad,3169.00,,2026-10-06,3169.00,2920487900007
Carrefour,723110,Milanesas de merluza con semillas congeladas Artesanos del Mar.,14990.00,,2026-10-06,14990.00,7798384891903
Carrefour,679418,Horno de pan Bluesky BBM550- blanco,79900.00,si,2026-10-06,99900.00,3616473866851
Carrefour,737502,Premezcla Maizena bizcochuelo sin tacc de chocolate 450 g.,6909.00,,2026-10-06,6909.00,7794000008236
Carrefour,545227,Ciriola toscana campo x uni,5289.00,,2026-10-06,5289.00,2920255300008
Carrefour,740594,Jabón en Barra Lux Bromelia 90 grs,1719.00,,2026-10-06,1719.00,7791293047850
Carrefour,740587,Jabón en Barra Lux Lemongrass y Flores Blancas 90 grs,1719.00,,2026-10-06,1719.00,7791293047812
Carrefour,654450,Sandwich triple de miga JyQ pan negro El Mercado 3 uni,6190.00,,2026-10-06,6190.00,7795947005135
Carrefour,764723,Jabón de Glicerina Lux Dama de Noche En Barra 90 grs,1719.00,,2026-10-06,1719.00,7791293051673
Carrefour,740596,Jabón en Barra Lux Bromelia Multipack x3 90 grs,4749.00,,2026-10-06,4749.00,7791293048055
Carrefour,695187,Baguette tradición francesa x uni,3090.00,,2026-10-06,3090.00,2920708800000
Carrefour,545240,Mini ciriolla toscana x uni,2959.00,,2026-10-06,2959.00,2920257000005
Carrefour,654451,Sandwich triple de miga jc/q pan negro El Mercado 3 uni,6690.00,,2026-10-06,6690.00,7795947005142
Carrefour,591939,Bollitos de salvado 8 uni,3390.00,,2026-10-06,3390.00,7798120540942
Carrefour,762784,Ciriola toscana grande x unidad,5289.00,,2026-10-06,5289.00,2921028200006
Carrefour,545133,Mini baguette clásica x uni,1629.00,,2026-10-06,1629.00,2920251600003
Carrefour,685519,Budín de banana con nuez 260 g.,6890.00,,2026-10-06,6890.00,7798133500506
Carrefour,691659,Flauta rústica veggie 510 grs,4890.00,,2026-10-06,4890.00,7798359370099
Carrefour,603207,Media barra rústica multicereal x 100 g.,2639.00,,2026-10-06,2639.00,2920388900007
Carrefour,683529,Media barra orgánica 120 g. x unidad,1579.00,,2026-10-06,1579.00,2920640200005
Carrefour,779407,Molde pan mariposa Silicosas modelos surtidos,6490.00,,2026-10-06,6490.00,7798209310640
Carrefour,643995,Cuchilla Carrefour para pan mango madera,4990.00,,2026-10-06,4990.00,7896211846048
Carrefour,785089,Tostadora Suono 750w 2 panes 7 niveles hog0467,39900.00,si,2026-10-06,52900.00,714604240716
Carrefour,1774197,Máquina De Pan Automática CUK By Gadnic 12 Programas 550W,120099.00,si,2026-10-06,156129.00,7799219143365
Carrefour,1774195,Máquina De Pan Automática CUK By Gadnic 12 Programas 550W,119749.00,si,2026-10-06,155674.00,7799219143303
Carrefour,1770397,Horno De Pan Laduree Daihatsu BM-1333 12 Programas Blanco,159999.00,si,2026-10-06,246152.30,8413880163307
Carrefour,1772651,Horno De Pan Atma Blanco Hpat24wp,162999.00,si,2026-10-06,179299.00,7799111679146
Carrefour,1770395,Horno de Pan 600g Ranser PANETTIERE BM-1590 19 programas 550W Negro,114999.00,si,2026-10-06,176921.53,8435436108396
Carrefour,1767674,Cuchillo Para Pan Tefal Ice Force 20cm Negro,37135.00,si,2026-10-06,53050.00,3168430274235
Carrefour,746044,Tostadora Oster 2 panes tssttr500 054,81900.00,si,2026-10-06,92900.00,53891141048
Carrefour,1751998,Tostadora Electrica Ariete 4 Panes 1600w Verde,199000.20,si,2026-10-06,284286.00,8003705114944
Carrefour,758230,Cuchillo de pan Tefal Ice Force 20 cm,29990.00,,2026-10-06,29990.00,3168430274235
Carrefour,1771381,Tostadora Eléctrica De 2 Panes Empire Red,244999.00,,2026-10-06,244999.00,7797750980579
Carrefour,1773368,Tostadora Eléctrica De 4 Panes Porcelain,384999.00,,2026-10-06,384999.00,7797750980616
Carrefour,1775975,Combo Horno de Pan Liliana 600W 1kg + Pava Eléctrica Ultracomb 2200W 1.7L,305999.00,si,2026-10-06,359999.00,7793862012467
Carrefour,1643148,Aditamento KitchenAid Bowl para Hacer Pan,257549.00,si,2026-10-06,271109.00,883049610351
Carrefour,1765802,Tostadora Vintage Ariete 4 Panes Beige 1600w,199000.20,si,2026-10-06,284286.00,28003705114948
Carrefour,779205,Tostadora Cuisinart 4 ranuras cpt180ar acero pulido,199900.00,si,2026-10-06,249900.00,86279268419
Carrefour,1759498,Horno de Pan Daewoo BM9122 con Timer y 12 Programas 1450W,159999.00,,2026-10-06,159999.00,7798309360750
Carrefour,740304,Cuchilla pan carrefour home 7 acero inoxidable mango polipropileno,3990.00,,2026-10-06,3990.00,7896211836384
Carrefour,1771494,Tostadora Eléctrica De 4 Panes Black Matte,404249.00,,2026-10-06,404249.00,7797750980609
Carrefour,1765804,Tostadora Vintage Ariete 4 Panes Celeste 1600w,199000.20,si,2026-10-06,284286.00,28003705114955
Carrefour,768567,Tostadora Kintchen Aid 2 panes red lkmt2109rer,219900.00,si,2026-10-06,279900.00,7797750980579
Carrefour,1776224,Horno De Pan Liliana Breadly 600 W 12 Programas Afp905,265199.00,si,2026-10-06,311999.00,7793862012467
Carrefour,1775794,Combo Freidora Aire Liliana 5L 1600W + Tostadora Liliana 2200W 4 Panes,430589.00,si,2026-10-06,506575.00,7793862013952
Carrefour,1776445,Cuchillo de Pan Sierra Kangkawe,38750.00,,2026-10-06,38750.00,
Carrefour,612995,Galletas crackers Smams 150 g. sin TACC,3659.00,,2026-10-06,3659.00,7798181510212
Carrefour,635369,Galleta de vainilla 9 de Oro con relleno de limón 160 g.,2269.00,,2026-10-06,2269.00,7792180132680
Carrefour,758861,Galleta de limón bañada de chocolate Carrefour Extra 6 uni,5350.00,,2026-10-06,5350.00,7791720043707
Carrefour,761908,Galleta snack redonda Carrefour Classic 70 grs,1490.00,,2026-10-06,1490.00,7791720044612
Carrefour,605360,Galletas marineras Rianitos lino y chia 170 g.,3109.00,,2026-10-06,3109.00,7798157740117
Carrefour,605368,Galletas marineras Rianitos bolsa 170 g.,3109.00,,2026-10-06,3109.00,7798157740094
Carrefour,662946,Galleta cracker Grun orgánica con liro y chía 140 g.,3399.00,,2026-10-06,3399.00,7798015440050
Carrefour,782340,Galletas marineras con semillas Carrefour Classic 220 grs,1790.00,,2026-10-06,1790.00,7791720050354
Carrefour,596673,Galletas mini marineras Paseo 220 g.,1849.00,,2026-10-06,1849.00,7792180006462
Carrefour,785056,Galletas Sables con chips Le Mere Poulard 125 grs,12100.00,,2026-10-06,12100.00,3472860405597
Carrefour,592074,Galletitas dulces bañadas Celosas 110 g.,1160.00,,2026-10-06,1160.00,7798036830168
Carrefour,717672,Vainillas Valente 36 uni,6679.00,,2026-10-06,6679.00,7793890258707
Carrefour,744330,Polvorones Bulnez con chips de chocolate 150 g.,1150.00,,2026-10-06,1150.00,7791720038710
Carrefour,675039,Galletitas vainilla rellenas limon Maná 152 g.,1699.00,,2026-10-06,1699.00,7790040133259
Carrefour,740135,Galletitas Oreo sin gluten 95 g.,2959.00,,2026-10-06,2959.00,7622202038099
Carrefour,766588,Madalena Bimbo vainilla rellena con DDL 234 grs,3899.00,,2026-10-06,3899.00,7793890261929
Carrefour,719199,Vainillas Valente 12 uni,2479.00,,2026-10-06,2479.00,7793890258691
Carrefour,739532,Galletitas Coquitas de coco 177 g.,1905.00,,2026-10-06,1905.00,7790040143258
Carrefour,719198,Vainillas Bimbo 36 uni,7429.00,,2026-10-06,7429.00,7793890258646
Carrefour,759602,Galletitas dulces Les Tablettes con chocolate sabor avellana Carrefour Extra 150 grs,3990.00,si,2026-10-06,5750.00,7791720040430
Carrefour,759601,Galletitas dulces Les Tablettes con chocolate negro Carrefour Extra 150 grs,4990.00,si,2026-10-06,5750.00,7791720040454
Carrefour,766582,Madalena Bimbo vainilla 240 grs,3899.00,,2026-10-06,3899.00,7793890261912
Carrefour,759600,Galletitas dulces Les Tablettes con chocolate blanco Carrefour Extra 150 grs,4990.00,si,2026-10-06,5750.00,7791720040423
Carrefour,717669,Vainillas Bimbo 12 uni,2749.00,,2026-10-06,2749.00,7793890258639
Carrefour,661475,Galletitas pepa con batata Delicias de la nonna 180 g.,1089.00,,2026-10-06,1089.00,7798048730906
Carrefour,744329,Polvorones Bulnez de limón 170 g.,1090.00,,2026-10-06,1090.00,7791720038697
Carrefour,768825,Madalena Bimbo chocolate rellena con DDL 234 grs,3899.00,,2026-10-06,3899.00,7793890262001
Carrefour,592077,Galletitas bañadas Celosas en bolsa 230 g.,2329.00,,2026-10-06,2329.00,7798036830175
Carrefour,720941,Galletitas dulces Celosas corazon de naranja bañadas 100 g.,1279.00,,2026-10-06,1279.00,7798036830311
Carrefour,685141,Premezcla Exquisita cookies vainilla con chips 300 g.,3699.00,,2026-10-06,3699.00,7790070410795
Carrefour,742730,Obleas de chocolate Bulnez 50 g.,509.00,,2026-10-06,509.00,7791720037065
Carrefour,660937,Okebon Molino Natural Avena y Cacao 240 grs,2689.00,,2026-10-06,2689.00,7790263119634
Carrefour,628581,Galletitas crackers Club Social sabor jamón x6 23.5 grs,2999.00,,2026-10-06,2999.00,7622210691835
Carrefour,741246,Bizcochos de grasa Carrefour Classic 200 g.,1390.00,,2026-10-06,1390.00,7791720037003
Carrefour,741032,Galletitas sandwich Traviata 108 g,829.00,,2026-10-06,829.00,7790040144071
Carrefour,770345,Takis Intense Nacho 140 grs,4979.00,,2026-10-06,4979.00,7500810041741
Carrefour,768824,Madalena Bimbo chocolate 240 grs,3899.00,,2026-10-06,3899.00,7793890261998
Carrefour,750776,Takis Original 140 grs,4979.00,,2026-10-06,4979.00,7500810034354
Carrefour,779008,Takis Buckin Ranch 85 grs,3300.00,,2026-10-06,3300.00,7500810047095
Carrefour,592075,Galletitas bañadas Celosas en bolsa 350 g.,3495.00,,2026-10-06,3495.00,7798036830151
Carrefour,654270,Galletitas marineras Don Pancho light 220 g.,1869.00,,2026-10-06,1869.00,7798033900208
Carrefour,770344,Takis Intense Nacho 85 grs,3299.00,,2026-10-06,3299.00,7500810041734
Carrefour,405715,Galletitas Pitusas de chocolate rellena de vainilla 300 g.,3235.00,,2026-10-06,3235.00,7791324157435
Carrefour,530850,Galletitas Pitusas vainilla rellena con frutilla mini 300 g.,3235.00,,2026-10-06,3235.00,7791324000052
Carrefour,716025,Madalenas marmoladas Valente 200 grs,3199.00,,2026-10-06,3199.00,7793890259117
Carrefour,660936,Okebon Molino Natural A y Pasas 232 grs,2689.00,,2026-10-06,2689.00,7790263119641
Carrefour,740652,Galletitas scons Carrefour Classic 250 g.,2250.00,,2026-10-06,2250.00,7791720034262
Carrefour,660935,Okebon Molino Natural semillas 231 grs,2689.00,,2026-10-06,2689.00,7790263119658
Carrefour,531138,Galletitas pepa con chips Delicia de la nonna 320 g.,2179.00,,2026-10-06,2179.00,7798048730364
Carrefour,770343,Takis Intense Nacho 49 grs,2099.00,,2026-10-06,2099.00,7500810041758
Carrefour,716024,Madalenas vainilla Valente 200 grs,3199.00,,2026-10-06,3199.00,7793890259094
Carrefour,738861,Galletita rellena de limón Carrefour Classic 30 g.,799.00,,2026-10-06,799.00,7791720036334
Carrefour,744326,Palitos dulces Bulnez sabor almendra 170 g.,1150.00,,2026-10-06,1150.00,7791720038734
Carrefour,750769,Takis Original 85 grs,3299.00,,2026-10-06,3299.00,7500810034477
Carrefour,387919,Galletitas Santa María chocolate 200 g. sin TACC,3300.00,,2026-10-06,3300.00,7798079230017
Carrefour,750801,Takis Fuego 85 grs,3300.00,,2026-10-06,3300.00,7500810034361
Carrefour,717671,Vainillas Valente 6 uni,1385.00,,2026-10-06,1385.00,7793890258738
Carrefour,727356,Bay biscuit 100 g.,2550.00,,2026-10-06,2550.00,7798004241255
Carrefour,741245,Bizcochos azúcarados Carrefour Classic 200 g.,1290.00,,2026-10-06,1290.00,7791720036990
Carrefour,750797,Takis Xplosion 140 grs,4979.00,,2026-10-06,4979.00,7500810034347
Carrefour,685142,Premezcla Exquisita cookies choco con chips 300 g.,3699.00,,2026-10-06,3699.00,7790070410801
Carrefour,750764,Takis Original 49 grs,2100.00,,2026-10-06,2100.00,7500810034491
Carrefour,750792,Takis Xplosion 85 grs,3299.00,,2026-10-06,3299.00,7500810034460
Carrefour,779009,Takis Buckin Ranch 140 grs,4988.70,,2026-10-06,4988.70,7500810047088
Carrefour,720559,Girotondo Vainilla 224 grs,1819.00,,2026-10-06,1819.00,7790263119726
Carrefour,725608,Galletitas sin tacc Yuka pepitas 150 g.,3219.00,,2026-10-06,3219.00,7794903232219
Carrefour,558004,Oblea Oblita vainilla 50 g.,479.00,,2026-10-06,479.00,7793123160012
Carrefour,750785,Takis Xplosion 49 grs,2079.00,,2026-10-06,2079.00,7500810034484
Carrefour,740139,Bizcochos biscuits Carrefour Classic 140 g.,2990.00,,2026-10-06,2990.00,7791720036808
Carrefour,750799,Takis Fuego 49 grs,2100.00,,2026-10-06,2100.00,7500810034538
Carrefour,779007,Takis Buckin Ranch 49 grs,2099.00,,2026-10-06,2099.00,7500810047101
Carrefour,739713,Premezcla sin tacc Natural Pop cookies veg natural 200 g.,2049.00,,2026-10-06,2049.00,7798370550203
Carrefour,700381,Alfajor Felices Las Vacas de maní 60 g.,2370.00,,2026-10-06,2370.00,720665924458
Carrefour,766593,Madalena Bimbo vainilla rellena con DDL 39 grs,889.00,,2026-10-06,889.00,7793890261936
Carrefour,738862,Galletita rellena de limón Carrefour Classic x6 30 g.,3790.00,,2026-10-06,3790.00,7791720036341
Carrefour,768826,Madalena Bimbo chocolate rellena con DDL 39 grs,889.00,,2026-10-06,889.00,7793890262018
Carrefour,637489,Galletitas Gullón sin lactosa 200 g. sin TACC,9339.00,,2026-10-06,9339.00,8410376017359
Carrefour,662964,Alfajor doble Vimar musse de chocolate 42 g.,1100.00,,2026-10-06,1100.00,77958105
Carrefour,637488,Galletitas Gullón cacao chips chocolate 200 g. sin TACC,9550.00,,2026-10-06,9550.00,8410376017342
Carrefour,762181,Juego tarro para contar galletas,24900.00,,2026-10-06,24900.00,672552451779
Carrefour,667158,Oblea de chocolate Hersheys 102 g.,5000.00,,2026-10-06,5000.00,7899970400674
Carrefour,699925,Alfajor Happy Food de chocolate 50 g. x 3 uni,4969.00,,2026-10-06,4969.00,7798308250045
Carrefour,667155,Oblea de chocolate blanco Hersheys 102 g.,5000.00,,2026-10-06,5000.00,7899970400681
Carrefour,1754977,Maquina Rellenadora Decoradora Gadnic Galletas,40349.00,si,2026-10-06,52454.00,7427251554466
Carrefour,731390,Lentejas secas remojadas Carrefour classic en lata 300 g.,1050.00,,2026-10-06,1050.00,7791720030028
Carrefour,695919,Lentejas secas remojadas Inalpa lata 300 g.,1129.00,,2026-10-06,1129.00,7792350067064
Carrefour,704107,lentejas secas remojadas Arcor en lata 300 g.,1760.00,,2026-10-06,1760.00,7790580132453
Carrefour,678739,Lentejas secas remojadas Doña Pupa tetra 340 g.,1495.00,,2026-10-06,1495.00,7798096031086
Carrefour,714216,Lentejas La campagnola secas remojadas 300 g.,2350.00,,2026-10-06,2350.00,7793360132445
Carrefour,516876,Lentejas secas remojadas Inca 350 g.,1399.00,,2026-10-06,1399.00,7790790124293
Carrefour,745617,Fideos sin tacc tirabuzón de lenteja Yuka 250 g.,3210.00,,2026-10-06,3210.00,7794903232899
Carrefour,644584,"Medallones de quinoa Nutree con lentejas, puerro y zanahoria 4 u.",6190.00,,2026-10-06,6190.00,76625216263
Carrefour,686658,Medallones Burganas lenteja y yamani pack 460 g.,7379.00,,2026-10-06,7379.00,7798346740140
Carrefour,754954,Milanesas de lentejas Viaveg 2 uni,4635.00,,2026-10-06,4635.00,7795513044605
Carrefour,772829,Curry de lentejas congelados Viaveg 400 grs,7999.00,,2026-10-06,7999.00,7798259439926
Carrefour,731394,Garbanzos secos remojados Carrefour classic en lata 300 g.,909.00,,2026-10-06,909.00,7791720030004
Carrefour,695920,Garbanzos Inalpa secos remojados lata 300 g.,929.00,,2026-10-06,929.00,7792350067071
Carrefour,714217,Garbanzos La campagnola secos remojados 300 g.,1835.00,,2026-10-06,1835.00,7793360132469
Carrefour,704105,Garbanzos secos Arcor lata 300 g.,1650.00,,2026-10-06,1650.00,7790580132477
Carrefour,678741,Garbanzos secos remojados Doña Pupa tetra 340 g.,1200.00,,2026-10-06,1200.00,7798096031079
Carrefour,516881,Garbanzos secos remojados Inca 350 g.,1279.00,,2026-10-06,1279.00,7790790120325
Carrefour,678737,Arvejas secas remojadas Doña Pupa tetra 340 g.,855.00,,2026-10-06,855.00,7798096031055
Carrefour,686655,Medallones Burganas calabaza y garbanzo pack 460 g.,7379.00,,2026-10-06,7379.00,7798346740119
Carrefour,745618,Fideos sin tacc tirabuzón de garbanzo Yuka 250 g.,3210.00,,2026-10-06,3210.00,7794903232844
Carrefour,724504,Medallón veggies Granja del sol garbanzo y calabaza 440 g.,8035.00,,2026-10-06,8035.00,7790070036247
Carrefour,749894,Medallón vegetal Carrefour Sentation de garbanzo y curry 4 uni,5590.00,,2026-10-06,5590.00,7791720038680
Carrefour,432751,Tomate x kg.,4290.00,,2026-10-06,4290.00,2300377000008
Carrefour,660623,Tomate triturado Carrefour Classic 970 g.,2790.00,,2026-10-06,2790.00,7791720023815
Carrefour,346232,Tomate perita Arcor 400 g.,1579.00,,2026-10-06,1579.00,7790580567903
Carrefour,688431,Tomate triturado Don Francisco botella 950 g.,2480.00,,2026-10-06,2480.00,7798079670059
Carrefour,358266,Tomate perita cubeteado Arcor 400 g.,1819.00,,2026-10-06,1819.00,7790580567101
Carrefour,747980,Tomate perita pelado Salsati 400 g.,1989.00,,2026-10-06,1989.00,7790580147242
Carrefour,16987,Tomate perita La campagnola 400 g.,1720.00,,2026-10-06,1720.00,7793360000089
Carrefour,567347,Tomate cubeteado La Campagnola 400 g.,2095.00,,2026-10-06,2095.00,7793360105944
Carrefour,747981,Tomate cubeteado Salsati 400 grs,2285.00,,2026-10-06,2285.00,7790580147266
Carrefour,754230,Tomate cherry Carrefour Extra en lata 400 grs,2390.00,si,2026-10-06,4390.00,7791720037911
Carrefour,718963,Tomate redondo Huella Natural x kg.,6990.00,,2026-10-06,6990.00,2508816000002
Carrefour,746351,Tomate pelado cubeteado Carrefour Extra 400 g.,2790.00,,2026-10-06,2790.00,7791720037898
Carrefour,577395,Tomate redondo en racimo Huella Natural x kg.,10990.00,,2026-10-06,10990.00,2303326000005
Carrefour,610668,Tomate cubeteado Mutti en botella 690 g.,14459.00,,2026-10-06,14459.00,8005110171215
Carrefour,610670,Tomates pelados perita Mutti en lata 400 g.,7419.00,,2026-10-06,7419.00,8005110060007
Carrefour,275051,Tomates deshidratados Buy & Eat 70 grs,5490.00,,2026-10-06,5490.00,7798042870219
Carrefour,782332,Tomates cherry condimentados Carrefour Extra 360 grs,6390.00,,2026-10-06,6390.00,7791720051030
Carrefour,739689,Puré de tomate Arcor brik 520 g.,790.00,si,2026-10-06,1220.00,7790580146115
Carrefour,435332,Puré de tomate Carrefour classic 520 g.,899.00,,2026-10-06,899.00,7798141711031
Carrefour,737921,Puré de tomate La Campagnola tetra 530 g.,1405.00,,2026-10-06,1405.00,7790580138868
Carrefour,739397,Puré de tomates Bulnez 520 g.,769.00,,2026-10-06,769.00,7791720036273
Carrefour,369861,Puré de tomate Salsati 520 g.,1529.00,,2026-10-06,1529.00,7793360000157
Carrefour,739352,Salsa pomarola tradicional Knorr 340 g.,1589.00,,2026-10-06,1589.00,7794000008007
Carrefour,739351,Salsa pizza Knorr 340 g.,1589.00,,2026-10-06,1589.00,7794000007987
Carrefour,739355,Salsa filetto Knorr 340 g.,1589.00,,2026-10-06,1589.00,7794000008052
Carrefour,684561,Salsa filetto Arcor doy pack 340 g.,1439.00,,2026-10-06,1439.00,7790580133184
Carrefour,739350,Salsa pizza Knorr 200 g.,1069.00,,2026-10-06,1069.00,7794000007994
Carrefour,684560,Salsa pizza Arcor doy pack 340 g.,1439.00,,2026-10-06,1439.00,7790580133153
Carrefour,730595,Extracto de tomate La campagnola 180 g.,2400.00,,2026-10-06,2400.00,7793360129889
Carrefour,684559,Salsa pomarola Arcor doy pack 340 g.,1439.00,,2026-10-06,1439.00,7790580133139
Carrefour,771220,Pulpa de tomate Carrefour Classic tetra 520 grs,919.00,,2026-10-06,919.00,7791720047484
Carrefour,684564,Salsa tuco Arcor doy pack 340 g.,1439.00,,2026-10-06,1439.00,7790580134518
Carrefour,369860,Pulpa de tomate Salsati 520 g.,1379.00,,2026-10-06,1379.00,7793360000140
Carrefour,773102,Prepizza de tomate Carrefour Classic 260 grs,2190.00,si,2026-10-06,2490.00,7791720048573
Carrefour,73665,Pulpa de tomate Arcor 520 g. sin TACC,1039.00,,2026-10-06,1039.00,7790580650919
Carrefour,739349,Salsa pomarola balance Knorr 340 g.,1589.00,,2026-10-06,1589.00,7794000008014
Carrefour,739354,Salsa pomodoro con zapallo Knorr 340 g.,1589.00,,2026-10-06,1589.00,7794000008045
Carrefour,684568,Salsa italiana La Campagnola doy pack 340 g.,1679.00,,2026-10-06,1679.00,7790580134440
Carrefour,749659,Salsa lista para pizza Carrefour Classic 340 grs,1490.00,,2026-10-06,1490.00,7791720035825
Carrefour,749660,Salsa lista pomarola Carrefour Classic 340 grs,1490.00,,2026-10-06,1490.00,7791720035832
Carrefour,610671,Extracto doble de tomate Mutti tubo 130 g.,9199.00,,2026-10-06,9199.00,80042532
Carrefour,749658,Salsa lista filetto Carrefour Classic 340 grs,1490.00,,2026-10-06,1490.00,7791720035818
Carrefour,684567,Salsa filetto La Campagnola doy pack 340 g.,1679.00,,2026-10-06,1679.00,7790580133177
Carrefour,610677,Salsa de tomate Mutti passata botella 700 g.,12895.00,,2026-10-06,12895.00,80042563
Carrefour,749661,Salsa lista napolitana Carrefour Classic 340 grs,1490.00,,2026-10-06,1490.00,7791720035849
Carrefour,778194,Salsa pomodoro cherry con albahaca Carrefour Extra 330 grs,6290.00,,2026-10-06,6290.00,7791720043011
Carrefour,759348,Salsa lista de tomate Siciliano Carrefour Extra 330 grs,6290.00,,2026-10-06,6290.00,7791720043004
Carrefour,475091,Pizzetas de tomate 6 u.,2290.00,,2026-10-06,2290.00,7798009620468
Carrefour,749663,Salsa lista tuco Carrefour Classic 340 grs,1490.00,,2026-10-06,1490.00,7791720035863
Carrefour,749893,Medallón vegetal Carrefour Sentation de lentjas y tomate seco 4 uni,5590.00,,2026-10-06,5590.00,7791720038666
Carrefour,759345,Salsa lista pomodoro Siciliano Carrefour Extra 330 grs,6290.00,,2026-10-06,6290.00,7791720042991
Carrefour,686659,Medallones Burganas tomate seco y aduki pack 460 g.,7379.00,,2026-10-06,7379.00,7798346740164
Carrefour,778195,Pulpa de tomate y datterino Carrefour Extra 360 grs,5990.00,,2026-10-06,5990.00,7791720043073
Carrefour,403062,Semillas tomate cherry de copetín Garden Park,2300.00,,2026-10-06,2300.00,7796221023227
Carrefour,778193,Salsa pomodoro cherry picante Carrefour Extra 330 grs,6290.00,,2026-10-06,6290.00,7791720043028
Carrefour,677777,Salsa passata basílico Mutti botella 700 g.,16000.00,,2026-10-06,16000.00,8005110191015
Carrefour,153078,Salsa de frutilla La Parmesana 200 g.,3719.00,,2026-10-06,3719.00,7796373001128
Carrefour,610679,Salsa para pizza Mutti en lata 400 g.,9520.00,,2026-10-06,9520.00,8005110551215
Carrefour,677780,Salsa de tomate basílico Mutti frasco 400 g.,17150.00,,2026-10-06,17150.00,8005110517006
Carrefour,714462,Baguettin hummus de apio cebolla morada y tomate asado x uni,7900.00,,2026-10-06,7900.00,2920859200001
Carrefour,784353,Snack Bruschetta Valentina sabor tomate bolsa 150 grs,4490.00,,2026-10-06,4490.00,8436551190860
Carrefour,691437,Pesto x kg.,43000.00,,2026-10-06,43000.00,2506805000002
Carrefour,691434,Salsa bolognese x kg.,29000.00,,2026-10-06,29000.00,2506802000005
Carrefour,731395,Arvejas secas remojadas Carrefour classic en lata 300 g.,659.00,,2026-10-06,659.00,7791720030073
Carrefour,695916,Arvejas secas remojadas Inalpa lata 300 g.,749.00,,2026-10-06,749.00,7792350067019
Carrefour,697805,Arvejas secas remojadas Arcor 300 g.,1345.00,,2026-10-06,1345.00,7790580132392
Carrefour,720856,Arvejas congeladas Granja del sol 300 g.,3989.00,,2026-10-06,3989.00,7790070036384
Carrefour,471645,Arvejas secas Inca remojadas lata 350 g.,789.00,,2026-10-06,789.00,7790790120257
Carrefour,702053,Arvejas secas remojadas La Campagnola 300 g.,1600.00,,2026-10-06,1600.00,7793360132384
Carrefour,754862,Arvejas y choclo Carrefour Classic en lata 300 grs,1190.00,,2026-10-06,1190.00,7791720038178
Carrefour,754863,Arvejas y zanahoria Carrefour Classic 300 grs,990.00,si,2026-10-06,1190.00,7791720038185
Carrefour,731437,Arvejas Green life 350 g,4479.00,,2026-10-06,4479.00,7790670052609
Carrefour,745619,Fideos sin tacc tirabuzón de arveja Yuka 250 g.,3210.00,,2026-10-06,3210.00,7794903232851
Carrefour,749021,Milanesa a base de arveja Felices las Vacas sabor carne 2 uni,4129.00,,2026-10-06,4129.00,724751014108
Carrefour,749879,Medallón vegetal Carrefour Sentation de arvejas y espina 4 uni,5590.00,,2026-10-06,5590.00,7791720038659
Carrefour,761610,Croqueta de arveja Casa Vegana 300 grs,5100.00,,2026-10-06,5100.00,714604215110
Carrefour,731393,Choclo amarillo cremoso Carrefour Classic 300 grs,1150.00,,2026-10-06,1150.00,7791720029992
Carrefour,699528,Choclo en granos Arcor amarillo lata 300 g.,2289.00,,2026-10-06,2289.00,7790580132422
Carrefour,504736,Choclo x uni,1990.00,,2026-10-06,1990.00,2920177400008
Carrefour,123712,Choclo congelado Granja Del Sol 300 g.,3849.00,,2026-10-06,3849.00,7790060007967
Carrefour,710570,Choclo amarillo en granos La Campagnola 300 grs,2565.00,,2026-10-06,2565.00,7793360132414
Carrefour,699031,Choclo amarillo cremoso Inalpa 300 grs,1349.00,,2026-10-06,1349.00,7792350067040
Carrefour,443633,Choclo en granos amarillo Inca en lata 350 g.,1839.00,,2026-10-06,1839.00,7790790120318
Carrefour,738880,Choclo en conserva Carrefour Classic 170 g.,1690.00,,2026-10-06,1690.00,7791720036358
Carrefour,769231,Choclo amarillo entero Bulnez 2.9 kg,10790.00,,2026-10-06,10790.00,7791720042953
Carrefour,770586,Relleno para tarta calabaza y choclo Granja del Sol 550 grs,9449.00,,2026-10-06,9449.00,7790070103994
Carrefour,738257,Maiz dulce en granos Carrefour Extra 340 g.,2590.00,si,2026-10-06,3250.00,7791720036624
Carrefour,715288,Sopa instantánea Knorr Quick choclo perejil 5 sobres,3659.00,,2026-10-06,3659.00,7794000006928
Carrefour,747190,Medallón veggies Green Life de calabaza y choclo 380 g,5655.00,,2026-10-06,5655.00,7790670052708
Carrefour,447080,Jardinera primavera Inca con choclo lata 350 g.,1435.00,,2026-10-06,1435.00,7790790120288
Carrefour,756771,Minichoclos agridulces Famiglia Gullo 200 grs,9990.00,,2026-10-06,9990.00,7798139010665
Carrefour,766579,Empanadas de queso y choclo Blink 6 uni,15800.00,,2026-10-06,15800.00,7798415760192
Carrefour,729712,Salchichas Vienissima flow pack 12 uni,6260.00,,2026-10-06,6260.00,7790670052418
Carrefour,729711,Salchichas Vienissima flow pack 6 uni,3270.00,,2026-10-06,3270.00,7790670052401
Carrefour,658651,Salchichas Swift kids 6 u.,1999.00,si,2026-10-06,2515.00,7790360970053
Carrefour,747947,Salchichas clásicas Carrefour Classic flowpack 6 uni,2290.00,,2026-10-06,2290.00,7791720037836
Carrefour,759186,Salchicha sin piel 66 flow pack 6 uni,1919.00,,2026-10-06,1919.00,7790625010401
Carrefour,729709,Salchichas clásicas Patyviena flow pack 6 uni,2879.00,,2026-10-06,2879.00,7790670052388
Carrefour,659859,Salchichas Granja Iris viena 6 u,2639.00,,2026-10-06,2639.00,7798164602606
Carrefour,739843,Salchichas fiesta Unión Ganadera 12 uni,5649.00,,2026-10-06,5649.00,7798260740141
Carrefour,724421,Salchichas Paty viena 6 uni,2479.00,,2026-10-06,2479.00,7790670052364
Carrefour,750203,Salchicha de planta Not Salxicha 5 uni,7475.00,,2026-10-06,7475.00,7798342151797
Carrefour,771408,Salchichas viena Swift sin tacc 12 uni,5509.00,,2026-10-06,5509.00,7790360983954
Carrefour,598828,Salchichas sin piel LA blanca fp x6 uni,2250.00,,2026-10-06,2250.00,7790360026002
Carrefour,707152,Salchichas con piel alemana Friolim ahumada larga x kg.,7540.00,,2026-10-06,7540.00,2508221000000
Carrefour,553031,Salchichas Fela tipo viena sin piel 6 u.,2820.00,,2026-10-06,2820.00,7790079000317
Carrefour,720202,Salchicha parrillera Carrefour envasado al vacío 400 g,7579.00,si,2026-10-06,8899.00,7798183631519
Carrefour,757347,Salchicha fresca de cerdo 270 grs,3990.00,,2026-10-06,3990.00,7798314502633
Carrefour,659562,Salchichas Champifiesta sin piel x 6 uni,2069.00,,2026-10-06,2069.00,7796804047299
Carrefour,724406,Salchicha fresca La Divisa 400 grs,11490.00,,2026-10-06,11490.00,7798317980377
Carrefour,578687,Salchicha parrillera Cabaña Argentina 350 grs,6890.00,,2026-10-06,6890.00,7798183683112
Carrefour,741943,Salchicha tipo viena con piel 4 uni,2819.00,,2026-10-06,2819.00,7790102000307
Carrefour,678691,Salchichas 214 flow pack x 6 uni,2849.00,,2026-10-06,2849.00,7796804017179
Carrefour,741944,Salchicha tipo viena con piel Puente de Ronda super largas 5 uni,5649.00,,2026-10-06,5649.00,7790102000321
Carrefour,741945,Salchicha tipo viena con piel para copetín 350 grs,5769.00,,2026-10-06,5769.00,7790102000314
Carrefour,741099,Salchichón primavera Champion x kg.,6880.00,,2026-10-06,6880.00,2509704000005
Carrefour,1764132,Embutidora GADNIC Prez Manual de Salchichas Morcilla y Chorizo,456449.00,si,2026-10-06,593384.00,7427251553926
Carrefour,592189,Hamburguesa Paty clásico en caja 12 uni,26269.00,,2026-10-06,26269.00,7790670050667
Carrefour,594346,Hamburguesa Swift clásica 12 u,26800.00,,2026-10-06,26800.00,7790360026590
Carrefour,592192,Hamburguesa Paty clásico en caja 4 uni,9609.00,,2026-10-06,9609.00,7790670050650
Carrefour,643111,Hamburguesa Carrefour Classic clásica 12 uni,22790.00,,2026-10-06,22790.00,7793281492819
Carrefour,599456,Hamburguesa Paty clásico en caja 20 uni,42889.00,,2026-10-06,42889.00,7790670050780
Carrefour,594347,Hamburguesa Swift clásica 4 u,9600.00,,2026-10-06,9600.00,7790360026576
Carrefour,726556,Hamburguesa de carne Unión ganadera 4 uni,10959.00,,2026-10-06,10959.00,7793281493472
Carrefour,643112,Hamburguesa Carrefour Classic clásica 20 uni,32990.00,si,2026-10-06,37250.00,7793281492826
Carrefour,674132,Hamburguesa Paty 72 g. caja x 4 uni,8569.00,,2026-10-06,8569.00,7790670051831
Carrefour,620888,Hamburguesa congelada Carrefour 2 u.,3020.00,,2026-10-06,3020.00,2672801000008
Carrefour,633902,Hamburguesa Swift casera 2 u.,8000.00,,2026-10-06,8000.00,7790360967701
Carrefour,643110,Hamburguesa Carrefour Classic clásica 4 uni,7750.00,,2026-10-06,7750.00,7793281492802
Carrefour,592193,Hamburguesa Paty finita 2 u.,3609.00,,2026-10-06,3609.00,7790670050728
Carrefour,617146,Hamburguesa Paladini 2 u.,3519.00,,2026-10-06,3519.00,7790079020704
Carrefour,726557,Hamburguesa de carne Unión ganadera 12 uni,32759.00,,2026-10-06,32759.00,7793281493489
Carrefour,594343,Hamburguesa Swift 20 u.,43550.00,,2026-10-06,43550.00,7790360026583
Carrefour,726558,Hamburguesa de carne Unión ganadera 20 uni,51699.00,,2026-10-06,51699.00,7793281493496
Carrefour,726564,Hamburguesas parrilleras Unión ganadera 2 uni,8479.00,,2026-10-06,8479.00,7793281493410
Carrefour,726555,Hamburguesa de carne mediana Unión Ganadera 4 uni,9055.00,,2026-10-06,9055.00,7793281493526
Carrefour,627288,Hamburguesa Huella Natural 4 u.,10100.00,,2026-10-06,10100.00,2681857000009
Carrefour,592197,Hamburguesa Paty flowpack 2 uni,4899.00,,2026-10-06,4899.00,7790670050674
Carrefour,556327,Hamburguesa rebozada Paty nesa 2 u.,5769.00,,2026-10-06,5769.00,7790670045465
Carrefour,592195,Hamburguesa grande Paty 2 u.,7565.00,,2026-10-06,7565.00,7790670050612
Carrefour,594349,Hamburguesa Swift clásica 2 u.,4899.00,,2026-10-06,4899.00,7790360026606
Carrefour,632973,Hamburguesa Huella Natural 2 u.,5600.00,,2026-10-06,5600.00,2683788000004
Carrefour,625815,Hamburguesa Swift clásica XL 250 g.,7600.00,,2026-10-06,7600.00,7790360967411
Carrefour,669504,Hamburguesas congeladas Huella Natural x 10 uni,25400.00,,2026-10-06,25400.00,2611176000008
Carrefour,730942,Medallón de carne Paty express en caja 4 uni,6259.00,,2026-10-06,6259.00,7790670052371
Carrefour,717201,Medallones de pollo Lucchetti en bolsa 280 g,5600.00,,2026-10-06,5600.00,7790070036117
Carrefour,730701,Medallón Not burger quick flow pack 2 uni,3500.00,,2026-10-06,3500.00,7798342151612
Carrefour,742457,Medallón de carne Express fp 2 uni,2565.00,,2026-10-06,2565.00,7790670052869
Carrefour,636217,Medallón de merluza rebozados 100 g.,1329.00,,2026-10-06,1329.00,7794058701110
Carrefour,735806,Medallón de carne sin tacc Good mark tradicional en caja 8 uni,16089.00,,2026-10-06,16089.00,7790670052531
Carrefour,734197,Medallón de carne sin tacc Good Mark en caja 4 uni,8449.00,,2026-10-06,8449.00,7790670052524
Carrefour,699721,Medallon de carne supercongelado Carrefour Classic 12 uni,13490.00,,2026-10-06,13490.00,7791720025819
Carrefour,626006,Medallón de pollo Swift 4 u.,7699.00,,2026-10-06,7699.00,7790360967558
Carrefour,738585,Medallón de merluza clásico rebozado Classic 150 g.,1949.00,,2026-10-06,1949.00,7791720032428
Carrefour,557905,Medallón de carne vacuna congelados 2 uni,1600.00,si,2026-10-06,2155.00,2640806000002
Carrefour,254157,Medallón merluza rebozado congelado Porto Bello 150 g.,1499.00,si,2026-10-06,2049.00,7795792000224
Carrefour,732607,Medallón crispy Not chicken burger flowpack x2 100 g.,6609.00,,2026-10-06,6609.00,7798342151407
Carrefour,709094,Medallón Not burger parrillera 2 uni,7099.00,,2026-10-06,7099.00,7798342151254
Carrefour,731389,Medallones de merluza Granja del Sol 450 g.,9755.00,,2026-10-06,9755.00,7790070036520
Carrefour,734579,Medallón de vegetal burguer Vegetalex 2 uni,8165.00,,2026-10-06,8165.00,7790174001394
Carrefour,734586,Medallón de espinaca Vegetalex en caja 4 uni,7289.00,,2026-10-06,7289.00,7790174001318
Carrefour,738737,Medallon Not chicken burger flow pack x2 80 g.,5089.00,,2026-10-06,5089.00,7798342151544
Carrefour,372909,Medallón de carne con soja Swift burguer 4 u.,6150.00,,2026-10-06,6150.00,7790360966841
Carrefour,571539,Medallones de salmón congelados 200 g.,6050.00,,2026-10-06,6050.00,7798146700306
Carrefour,630138,Medallón de carne vacuna 110 g.,1600.00,si,2026-10-06,2155.00,7793281491690
Carrefour,747189,Medallón veggies Green Life de espinaca y pimiento 380 g,5655.00,,2026-10-06,5655.00,7790670052715
Carrefour,699723,Medallon de carne supercongelado Carrefour Classic 4 uni,4590.00,,2026-10-06,4590.00,7791720025802
Carrefour,778802,Medallones de calabaza Not Burger 2 uni,4945.00,,2026-10-06,4945.00,7798342152046
Carrefour,699722,Medallon de carne supercongelado Carrefour Classic 20 uni,22050.00,,2026-10-06,22050.00,7791720025826
Carrefour,734584,Medallón de calabaza avena y chia Vegetalex en caja 4 uni,7449.00,,2026-10-06,7449.00,7790174001332
Carrefour,779019,Medallones de carne parrillera Swift 4 uni,11900.00,,2026-10-06,11900.00,7790360987990
Carrefour,778803,Medallones de espinaca Not Burger 2 uni,5450.00,,2026-10-06,5450.00,7798342152039
Carrefour,721929,Medallón Not burger premium flow pack 2 uni,6109.00,,2026-10-06,6109.00,7798342151377
Carrefour,749018,Medallón de soja Felices las Vacas big classic 2 uni,3379.00,,2026-10-06,3379.00,724751034410
Carrefour,644582,Medallones de quinoa y espinaca Nutree 4 u.,6190.00,,2026-10-06,6190.00,76625216294
Carrefour,721930,Medallón Not burger premium flow pack 4 uni,11019.00,,2026-10-06,11019.00,7798342151384
Carrefour,741598,Medallón lentejon canadiense Casa Vegana 400 g.,5769.00,,2026-10-06,5769.00,758890930463
Carrefour,726562,Medallón de carne Chacra nuestra estuche 4 uni,4739.00,,2026-10-06,4739.00,7793281493700
Carrefour,727287,Medallón relleno espinaca Not chicken 240 g.,6979.00,,2026-10-06,6979.00,7798342151582
Carrefour,686656,Medallones Burganas cebolla caramelizada pack 460 g.,7379.00,,2026-10-06,7379.00,7798346740126
Carrefour,724503,Medallón veggies Granja del sol quinoa y espinaca 440 g.,8035.00,,2026-10-06,8035.00,7790070036230
Carrefour,761178,Medallón relleno champis NotChicken 240 grs,6979.00,,2026-10-06,6979.00,7798342151933
Carrefour,649806,Medallón de carne Burger Swift 12 u.,18829.00,,2026-10-06,18829.00,7790360968548
Carrefour,644586,Medallones de quinoa y brócoli Nutree 4 u.,6190.00,,2026-10-06,6190.00,76625216287
Carrefour,600431,Medallón de salmón rebozado Superbe 400 g.,5290.00,,2026-10-06,5290.00,7798146700962
Carrefour,644579,Medallones de quinoa Nutree con batata y curry 4 u.,6190.00,,2026-10-06,6190.00,76625216256
Carrefour,749890,Medallón vegetal Carrefour Sentation de aduki y calabaza 4 uni,5590.00,,2026-10-06,5590.00,7791720038673
Carrefour,741595,Medallón quinoa andina Casa Vegana 400 g.,5769.00,,2026-10-06,5769.00,727373155297
Carrefour,742917,Medallones de pollo rebozados Bulnez 410 g.,3990.00,,2026-10-06,3990.00,7791720038611
Carrefour,730745,Medallón de carne vacuna Paty de casa flow x2 uni,7259.00,,2026-10-06,7259.00,7790670052678
Carrefour,686653,Medallones Burganas berenjena y pimentón pack 460 g.,7379.00,,2026-10-06,7379.00,7798346740096
Carrefour,721931,Medallón Not burger premium XL flow pack 2 uni,9039.00,,2026-10-06,9039.00,7798342151391
Carrefour,741597,Medallón quinoa mediterranea Casa Vegana 400 g.,5769.00,,2026-10-06,5769.00,758890930456
Carrefour,686654,Medallones Burganas brócoli y mijo pack 460 g.,7379.00,,2026-10-06,7379.00,7798346740102
Carrefour,644589,Medallones de quinoa Nutree con porotos y morrón 4 u.,6190.00,,2026-10-06,6190.00,76625216270
Carrefour,741599,Medallón de remolacha aduki hungaro Casa Vegana 400 g.,5769.00,,2026-10-06,5769.00,758890930470
Carrefour,734587,Medallón de verduras Vegetalex en caja 4 uni,7279.00,,2026-10-06,7279.00,7790174001301
Carrefour,695478,Medallones de quinoa nutree mix de hongos x 4 uni,6950.00,,2026-10-06,6950.00,758890938131
Carrefour,733793,Medallón Plant Burger D Raiz 80 grs,6200.00,,2026-10-06,6200.00,7798335288103
Carrefour,548059,Medallón de carne La Blanca 2 u.,2069.00,,2026-10-06,2069.00,7790360008541
Carrefour,726286,Pepinos agridulces rod Meridiano en frasco 330 g.,5569.00,,2026-10-06,5569.00,7792340000033
Carrefour,733791,Medallón Plant Burger D Raiz x2 80 grs,4200.00,,2026-10-06,4200.00,7798335288318
Carrefour,634244,Medallón de carne La blanca 4 uni,4599.00,,2026-10-06,4599.00,7790360967404
Carrefour,747208,Medallones de pollo Grupolar en bolsa 320 g.,5149.00,,2026-10-06,5149.00,7798160225663
Carrefour,733786,Medallón Plant Chicket D Raiz x2 120 grs,5500.00,,2026-10-06,5500.00,7798335288295
Carrefour,733783,Medallón Plant Chicken Crispy D Raiz x2 120 grs,6600.00,,2026-10-06,6600.00,7798335288301
Carrefour,733776,Medallón Plant Burger D Raiz x2 120 grs,6600.00,,2026-10-06,6600.00,7798335288288
Carrefour,1748181,Prensa Pisa Hamburguesa Smasher Brosen 11Cm,11599.00,,2026-10-06,11599.00,7796729601781
Carrefour,726675,Molde hamburguesas Carol gris,4990.00,,2026-10-06,4990.00,7792281007726
Carrefour,1748525,Smasher Plancha Selladora Carne Hamburguesas Brogas 23x13 Cm,22199.00,,2026-10-06,22199.00,7796729060274
Carrefour,1745997,Smasher para Hamburguesas - La Planchetta,12000.00,,2026-10-06,12000.00,7798185560534
Carrefour,747209,Medallones de pollo con espinaca Grupolar 320 g.,6060.00,,2026-10-06,6060.00,7798160225762
Carrefour,1775832,Colchoneta Inflable Pileta Intex Hamburguesa 24145/8,52639.00,si,2026-10-06,61928.00,16941057413386
Carrefour,662846,Milanesa de cuadrada de Novillo x kg,14499.00,si,2026-10-06,17490.00,2505704000007
Carrefour,746200,Milanesa de pollo congelada Carnes Carrefour 500 grs,9500.00,,2026-10-06,9500.00,7791720035702
Carrefour,681829,Milanesa de bola de lomo x kg,14499.00,si,2026-10-06,17490.00,2506331000002
Carrefour,716477,Milanesa Granja del sol de soja espinaca 4 uni,5139.00,,2026-10-06,5139.00,7790070035981
Carrefour,715681,Milanesa de soja Granja del Sol tipo casera 8 uni,9649.00,,2026-10-06,9649.00,7790070035974
Carrefour,715858,Milanesa de soja Lucchetti x 4 uni,4289.00,,2026-10-06,4289.00,7790070036223
Carrefour,746202,Milanesa de carne rebozada congelada 500 grs,11500.00,,2026-10-06,11500.00,7791720035733
Carrefour,681830,Milanesa de cuadrada x kg,14499.00,si,2026-10-06,17490.00,2506332000001
Carrefour,716478,Milanesa Granja del sol de soja y calabaza 4 uni,5139.00,,2026-10-06,5139.00,7790070035998
Carrefour,734583,Milanesa de soja Vegetalex 4 uni,5050.00,,2026-10-06,5050.00,7790174001349
Carrefour,746204,Milanesa de cerdo congelada Carnes Carrefour 500 grs,9900.00,,2026-10-06,9900.00,7791720035719
Carrefour,604852,Milanesa de carne Paty 2 u.,5245.00,,2026-10-06,5245.00,7790670050957
Carrefour,662863,Milanesa de nalga de Novillito x kg,21900.00,,2026-10-06,21900.00,2505724000001
Carrefour,717210,Milanesa de soja Granja de sol rellena espinaca y queso 380 g.,8410.00,,2026-10-06,8410.00,7790070036032
Carrefour,662861,Milanesa de bola de lomo de Novillito x kg,19500.00,,2026-10-06,19500.00,2505721000004
Carrefour,725665,Milanesa de soja Lucchetti grande 4 uni,8839.00,,2026-10-06,8839.00,7790070036438
Carrefour,638434,Milanesa de soja Swift 4 u.,3850.00,,2026-10-06,3850.00,7790360967824
Carrefour,609805,Milanesa de pechuga de pollo Holis 500 g.,9700.00,,2026-10-06,9700.00,7798183630093
Carrefour,717207,Milanesa de vegetales Granja del sol 4 uni,6459.00,,2026-10-06,6459.00,7790070036025
Carrefour,775677,Milanesa de soja original Granja del Sol 4 uni,5499.00,,2026-10-06,5499.00,7790070102607
Carrefour,662862,Milanesa de cuadrada de Novillito x kg,19500.00,,2026-10-06,19500.00,2505723000002
Carrefour,718750,Milanesa Granja de sol de legumbres 4 uni,6459.00,,2026-10-06,6459.00,7790070036155
Carrefour,748448,Milanesa de soja Carrefour Classic 360 grs,4190.00,,2026-10-06,4190.00,7791720039311
Carrefour,734582,Milanesa de soja y espinaca congelada Vegetalex 4 uni,5609.00,,2026-10-06,5609.00,7790174001356
Carrefour,717206,Milanesa de soja Granja del sol relleno cabaza y queso 380 g.,8410.00,,2026-10-06,8410.00,7790070036049
Carrefour,768986,Milanesa mix vegetales Carrefour Classic 360 grs,2790.00,si,2026-10-06,4990.00,7791720047224
Carrefour,609816,Milanesa de nalga premium Holis carne vacuna 500 g.,14450.00,,2026-10-06,14450.00,7798183630017
Carrefour,764588,Milanesa de nalga Unión Ganadera sin gluten 750 grs,27849.00,,2026-10-06,27849.00,7798260740516
Carrefour,609814,Milanesa de cerdo premium Holis 500 g.,10100.00,,2026-10-06,10100.00,7798183630130
Carrefour,746208,Milanesa de peceto congelada Carnes Carrefour 500 grs,15700.00,,2026-10-06,15700.00,7791720035726
Carrefour,716472,Milanesa Granja del sol napolitana 380 g.,8409.00,,2026-10-06,8409.00,7790070036056
Carrefour,734580,Milanesa de calabaza Vegetalex 4 uni,5619.00,,2026-10-06,5619.00,7790174001370
Carrefour,740191,Milanesas de pollo Carrefour Classic 450 g.,10550.00,,2026-10-06,10550.00,7791720036600
Carrefour,740188,Milanesa de berenjena Vegabundancia 480 g.,12860.00,,2026-10-06,12860.00,7798259439636
Carrefour,747202,Milanesa de carne x kg,24900.00,,2026-10-06,24900.00,2509854000009
Carrefour,609817,Milanesa de peceto Holis premium 500 g.,17000.00,,2026-10-06,17000.00,7798183630055
Carrefour,754956,Milanesas de soja Viaveg 2 uni,4740.00,,2026-10-06,4740.00,7795513131121
Carrefour,709206,Milanesa rebozada común Mercado del Mar.,18249.00,,2026-10-06,18249.00,2508352000009
Carrefour,785941,Milanesa de soja Sadia caja 4 uni,4500.00,,2026-10-06,4500.00,7790670053361
Carrefour,754424,Milanesa de pollo Milan libre de gluten 300 grs,9900.00,,2026-10-06,9900.00,7798438870014
Carrefour,717930,Papas fritas Carrefour Classic corte tradicional 150 g.,3350.00,,2026-10-06,3350.00,7791720028247
Carrefour,724922,Papa tradicional Mc cain 700 g.,7346.15,,2026-10-06,7346.15,7797906054826
Carrefour,756882,Papas Mc Cain air fryer 700 grs,9849.00,,2026-10-06,9849.00,7797906055014
Carrefour,724921,Papas baston Mc cain tradicional familiar 1.4 kg.,14775.00,,2026-10-06,14775.00,7797906054819
Carrefour,753109,Papas fritas Bulnez sabor original en tubo 100 grs,2490.00,,2026-10-06,2490.00,7791720038871
Carrefour,753108,Papas fritas Bulnez sabor queso y cebolla en tubo 100 grs,2490.00,,2026-10-06,2490.00,7791720038864
Carrefour,730825,Papas noisettes Mc Cain en bolsa 600 g,10095.00,,2026-10-06,10095.00,7797906054925
Carrefour,748792,Papas fritas Carrefour Classic en bolsa 250 grs,5350.00,,2026-10-06,5350.00,7791720028575
Carrefour,730295,Papas fritas Pringles original 104 g,5619.00,,2026-10-06,5619.00,7896004009155
Carrefour,642105,Papas fritas Carrefour Classic 140 g.,3990.00,,2026-10-06,3990.00,7791720018392
Carrefour,750922,Papas fritas corte americano Krachitos 275 grs,7100.00,,2026-10-06,7100.00,7794520869355
Carrefour,717252,Papas pay Krachitos 55 g.,1959.00,,2026-10-06,1959.00,7794520868914
Carrefour,645422,Papas fritas Mc Cain tradicional 400 g.,4889.00,,2026-10-06,4889.00,7797906000700
Carrefour,672172,Papas fritas acanaladas Pehuamar 230 g.,6799.00,,2026-10-06,6799.00,7790310983553
Carrefour,750920,Papas fritas corte americano Krachitos 105 grs,3169.00,,2026-10-06,3169.00,7794520869331
Carrefour,724924,Papas baston Mc cain horneables en bolsa 700 g,9945.00,,2026-10-06,9945.00,7797906054864
Carrefour,753107,Papas fritas Bulnez sabor cheddar en tubo 100 grs,2490.00,,2026-10-06,2490.00,7791720038857
Carrefour,731460,Papas fritas Quento de queso ciboulette 82 g.,2639.00,,2026-10-06,2639.00,7798187211854
Carrefour,776732,Papas fritas Carrefour Classic de provoleta en tubo 140 grs,3990.00,,2026-10-06,3990.00,7791720046036
Carrefour,778896,Papas pay Carrefour Classic 65 grs,1950.00,,2026-10-06,1950.00,7791720049846
Carrefour,750921,Papas fritas corte americano Krachitos 165 grs,4450.00,,2026-10-06,4450.00,7794520869348
Carrefour,717931,Papas fritas Carrefour Classic corte tradicional 250 g.,5350.00,,2026-10-06,5350.00,7791720028230
Carrefour,731458,Papas fritas Quento jamón serrano 82 g.,2639.00,,2026-10-06,2639.00,7798187211885
Carrefour,750917,Papas fritas tradicional Krachitos 275 grs,7100.00,,2026-10-06,7100.00,7794520869317
Carrefour,724920,Papas crinkle Mc cain en bolsa 600 g.,7899.00,,2026-10-06,7899.00,7797906054833
Carrefour,748795,Papas fritas Carrefour Classic corte americano 150 grs,3350.00,,2026-10-06,3350.00,7791720028599
Carrefour,642107,Papas fritas Carrefour Classic cheddar 140 g.,3990.00,,2026-10-06,3990.00,7791720018408
Carrefour,717253,Papas pay Krachitos 150 g.,4850.00,,2026-10-06,4850.00,7794520868921
Carrefour,731457,Papas fritas Quento clasicas 92 g.,2639.00,,2026-10-06,2639.00,7798187211847
Carrefour,722441,Papas fritas Lays ondas Flamin' Hot 70 grs,3899.00,,2026-10-06,3899.00,7790310985328
Carrefour,705541,Papas fritas Carrefour Classic de barbacoa 140 g.,3990.00,,2026-10-06,3990.00,7791720027585
Carrefour,750913,Papas fritas tradicional Krachitos 105 grs,3169.00,,2026-10-06,3169.00,7794520869294
Carrefour,750915,Papas fritas tradicional Krachitos 165 grs,2069.00,si,2026-10-06,4139.00,7794520869300
Carrefour,730297,Papas fritas Pringles de queso 109 g,5619.00,,2026-10-06,5619.00,7896004009179
Carrefour,748843,Papas crispers Mc Cain gourmet en bolsa 600 grs,8999.00,,2026-10-06,8999.00,7797906055007
Carrefour,776768,Papas fritas Pizza Carrefour Classic en tubo 140 grs,2990.00,si,2026-10-06,3990.00,7791720046029
Carrefour,765265,Papas fritas Pringles de chedar y bacon 105 grs,5625.00,,2026-10-06,5625.00,7896004011790
Carrefour,737989,Papas fritas Pringles original 37 g,2730.00,,2026-10-06,2730.00,7896004009186
Carrefour,776767,Papas fritas Bacon Carrefour Classic en tubo 140 grs,2990.00,si,2026-10-06,3990.00,7791720046005
Carrefour,747771,Papas fritas Carrefour Classic sabor jamón serrano en tubo 140 grs,3990.00,,2026-10-06,3990.00,7791720038062
Carrefour,717929,Papas fritas corte tradicional Carrefour Classic 50 g.,1490.00,,2026-10-06,1490.00,7791720028254
Carrefour,750911,Papas fritas tradicional Krachitos 50 grs,1999.00,,2026-10-06,1999.00,7794520869287
Carrefour,776766,Papas fritas Fuego Carrefour Classic en tubo 140 grs,3990.00,,2026-10-06,3990.00,7791720046012
Carrefour,742397,Papas fritas Lays sabor provoleta 77 g.,4199.00,,2026-10-06,4199.00,7790310986813
Carrefour,764178,Papas fritas Carrefour Classic clásicas en tubo 40 grs,1690.00,,2026-10-06,1690.00,7791720046081
Carrefour,762491,Papas Fritas Lays barbacoa 77 grs,4199.00,,2026-10-06,4199.00,7790310987766
Carrefour,781701,Papas fritas rusticas Good Show 93 grs,2800.00,,2026-10-06,2800.00,7798112102110
Carrefour,764179,Papas fritas Carrefour Classic sabor cheddar en tubo 40 grs,1690.00,,2026-10-06,1690.00,7791720046074
Carrefour,764180,Papas fritas Carrefour Classic sabor barbacoa en tubo 40 grs,1690.00,,2026-10-06,1690.00,7791720046050
Carrefour,785166,Papas fritas rusticas Lays sabor limón y hierbas 77 grs,4850.00,,2026-10-06,4850.00,7790310988503
Carrefour,775924,Papas fritas Saladix sabor original 80 grs,3549.00,,2026-10-06,3549.00,7790040153165
Carrefour,529520,Papas McCain noisette 2.5 kg,38925.00,,2026-10-06,38925.00,7797906000984
Carrefour,781702,Papas fritas corte americano Good Show 63 grs,2059.00,,2026-10-06,2059.00,7798112601231
Carrefour,775923,Papas fritas Saladix sabor cheddar 72 grs,3549.00,,2026-10-06,3549.00,7790040153158
Carrefour,781697,Papas fritas sabor jamón Good Show 83 grs,2800.00,,2026-10-06,2800.00,7798112601125
Carrefour,781696,Papas fritas sabor jamón Good Show 53 grs,2059.00,,2026-10-06,2059.00,7798112601071
Carrefour,781695,Papas fritas clásicas Good Show 93 grs,2800.00,,2026-10-06,2800.00,7798112601163
Carrefour,781694,Papas fritas clásicas Good Show 63 grs,2059.00,,2026-10-06,2059.00,7798112601057
Carrefour,772660,Papas fritas nativas Tiyaput colores naturales 142 grs,11550.00,,2026-10-06,11550.00,7750481340159
Carrefour,450918,Papas fritas jalapeño Kettle Cooked Herrs 142 grs,16990.00,,2026-10-06,16990.00,72600007130
Carrefour,717934,Palitos de maíz sabor queso Carrefour Classic 145 g.,2850.00,,2026-10-06,2850.00,7791720028810
Carrefour,676517,Chizitos de maíz Pehuamar Maicitos 125 g.,3949.00,,2026-10-06,3949.00,7790310984338
Carrefour,744865,Maicitos clásicos Pehuamar 265 g.,6449.00,,2026-10-06,6449.00,7790310986615
Carrefour,778405,Palitos de maíz Krachitos sabor queso 125 grs,2990.00,,2026-10-06,2990.00,7794520870450
Carrefour,717262,Palitos de maíz Krechitos con queso 60 g.,1779.00,,2026-10-06,1779.00,7794520869003
Carrefour,776811,Chips de papas thai Nuestros Sabores 80 grs,2415.00,,2026-10-06,2415.00,7798171733171
Carrefour,682262,Chips papa y pimienta Nuestros Sabores bolsa sin TACC 80 g.,2400.00,,2026-10-06,2400.00,7798171732167
Carrefour,773101,Palitos de maíz ondulados Cheetos sabor ketchup 80 grs,4040.00,,2026-10-06,4040.00,7790310988114
Carrefour,721617,Palitos de maiz maikitos Nikitos 100 g.,1085.00,,2026-10-06,1085.00,7798052362834
Carrefour,781704,Palitos de maíz Good Show 65 grs,2059.00,,2026-10-06,2059.00,7798112030536
Carrefour,778406,Bastonitos horneados Krachitos sabor queso 125 grs,3169.00,,2026-10-06,3169.00,7794520870467
Carrefour,1775863,Colchoneta Inflable Pileta Intex Papas Fritas 23824/1,44399.00,si,2026-10-06,52234.00,16941057408603
Carrefour,716641,"Agua mineral Carrefour bidón 6,25 lts",3190.00,si,2026-10-06,4190.00,7791720028292
Carrefour,727428,Agua mineral sin gas Villavicencio 2 lts,3050.00,,2026-10-06,3050.00,7799155000197
Carrefour,398986,Agua mineral sin gas Carrefour Classic 2 lts,1550.00,,2026-10-06,1550.00,7798108348324
Carrefour,720844,"Agua de mesa sin gas Villa del Sur bidón 6,2 lts",5099.00,,2026-10-06,5099.00,7799155000135
Carrefour,505875,"Agua saborizada de pera Aquarius 2,25 lts",3850.00,,2026-10-06,3850.00,7790895003295
Carrefour,730558,Agua mineralizada bajo sodio sin gas Benedictino 6 lts,5300.00,,2026-10-06,5300.00,7790895649370
Carrefour,13425,Agua mineralizada sin gas Glaciar bajo sodio 2 lts,3346.15,,2026-10-06,3346.15,7792931000039
Carrefour,530438,Agua mineralizada sin gas Cellier Favaloro 2 lts,1560.00,,2026-10-06,1560.00,7790639002416
Carrefour,454465,"Agua saborizada de pomelo Levité 2,25 lts",1999.00,si,2026-10-06,3390.00,7798062540284
Carrefour,505873,"Agua saborizada de pomelo Aquarius 2,25 lts",3850.00,,2026-10-06,3850.00,7790895003288
Carrefour,265372,"Agua mineral sin gas Villa del Sur 2,25 lts",2450.00,,2026-10-06,2450.00,7798062547559
Carrefour,505874,"Agua Saborizada Aquarius Manzana 2,25 lts",3850.00,,2026-10-06,3850.00,7790895003301
Carrefour,518187,"Agua saborizada limoneto H2OH con gas 2,25 lts",2815.38,,2026-10-06,2815.38,7791813423911
Carrefour,535671,"Agua saborizada de manzana Levité 2,25 lts",1999.00,si,2026-10-06,3390.00,7790315000880
Carrefour,530447,Agua mineralizada con gas Cellier Favaloro 2 lts,1749.00,,2026-10-06,1749.00,7790639002423
Carrefour,767822,Agua de mesa sin gas Nestlé bidón 6.40 lts,7225.00,,2026-10-06,7225.00,7791661000333
Carrefour,737350,Agua de mesa sin gas Carrefour Classic bidón 6.5 lts,3590.00,,2026-10-06,3590.00,7791720029930
Carrefour,454644,"Agua saborizada citrus H2OH con gas 2,25 lts",2815.38,,2026-10-06,2815.38,7791813423591
Carrefour,727427,"Agua mineral con gas Villavicencio 1,5 lts",2840.00,,2026-10-06,2840.00,7799155000210
Carrefour,6303,Agua mineral sin gas Eco de los Andes 2 lts,3179.00,,2026-10-06,3179.00,7792799000097
Carrefour,454466,"Agua saborizada de naranja Levité 2,25 lts",1999.00,si,2026-10-06,3390.00,7798062540291
Carrefour,572681,"Agua tónica Carrefour Classic 2,25 lts",1790.00,si,2026-10-06,2190.00,7798159715755
Carrefour,735676,"Agua tónica Carrefour Classic light 2,25 lts",1790.00,si,2026-10-06,2190.00,7791720034989
Carrefour,545726,"Agua saborizada Aquarius Naranja 2,25 lts",3850.00,,2026-10-06,3850.00,7790895003325
Carrefour,552070,"Agua saborizada de pomelo Levité cero 2,25 lts",1999.00,si,2026-10-06,3390.00,7790315001047
Carrefour,621525,"Agua de mesa sin gas Nestlé 2,25 lts",2735.00,,2026-10-06,2735.00,7795930000543
Carrefour,441218,"Agua saborizada de pera Aquarius 1,5 lts",3100.00,,2026-10-06,3100.00,7790895640476
Carrefour,552110,"Agua saborizada de manzana Levité cero 2,25 lts",1999.00,si,2026-10-06,3390.00,7790315001085
Carrefour,735701,Agua mineralizada sin gas Carrefour Classic bajo sodio 2 lts,1550.00,,2026-10-06,1550.00,7791720035221
Carrefour,730557,Agua mineralizada bajo sodio sin gas Benedictino 2.25 lts,2700.00,,2026-10-06,2700.00,7790895648823
Carrefour,727426,"Agua mineral sin gas Villavicencio 1,5 lts",2745.00,,2026-10-06,2745.00,7799155000180
Carrefour,728709,Agua de mesa Bulnez 2 lts,1090.00,,2026-10-06,1090.00,7791720031889
Carrefour,6287,"Agua mineralizada sin gas Glaciar bajo sodio 1,5 lts",3100.00,,2026-10-06,3100.00,7792931000022
Carrefour,782415,Agua mineral sin gas Glaciar bajo sodio bidón 6.4 lts,9309.00,,2026-10-06,9309.00,7791661000340
Carrefour,45322,Agua mineral sin gas Eco de los Andes 500 ml,1720.00,,2026-10-06,1720.00,7792799000011
Carrefour,727424,Agua mineral sin gas Villavicencio 500 ml,1830.00,,2026-10-06,1830.00,7799155000173
Carrefour,552088,"Agua saborizada de naranja Levite cero 2,25 lts",1999.00,si,2026-10-06,3390.00,7790315001054
Carrefour,10141,"Agua mineral con gas Eco de los Andes 1,5 lts",3020.00,,2026-10-06,3020.00,7792799000073
Carrefour,465691,"Agua saborizada de uva Aquarius sin gas 1,5 lts",3100.00,,2026-10-06,3100.00,7790895641220
Carrefour,441214,"Agua Saborizada Aquarius Manzana 1,5 lts",3100.00,,2026-10-06,3100.00,7790895640483
Carrefour,727425,Agua mineral con gas Villavicencio 500 ml,1870.00,,2026-10-06,1870.00,7799155000203
Carrefour,400877,"Agua saborizada de pomelo Levité 1,5 lts",2750.00,,2026-10-06,2750.00,7798062548679
Carrefour,441202,"Agua saborizada de pomelo Aquarius 1,5 lts",3100.00,,2026-10-06,3100.00,7790895640490
Carrefour,516505,"Agua saborizada limoneto H2OH con gas 1,5 lts",2750.00,,2026-10-06,2750.00,7791813421917
Carrefour,647427,Agua desmineralizada Quim-bat trifiltrada x 5 lts.,4790.00,,2026-10-06,4790.00,7798345241662
Carrefour,37478,Agua mineralizada sin gas Glaciar bajo sodio 500 ml,1985.00,,2026-10-06,1985.00,7792931000015
Carrefour,6286,"Agua mineral sin gas Eco de los Andes 1,5 lts",2815.00,,2026-10-06,2815.00,7792799000059
Carrefour,500495,"Agua mineral sin gas Villa del Sur 1,65 lts",2130.00,,2026-10-06,2130.00,7790315000149
Carrefour,552063,"agua saborizada de pomelo Levité cero 1,5 lts",2750.00,,2026-10-06,2750.00,7790315000910
Carrefour,113861,"Agua mineralizada con gas Glaciar bajo sodio 1,5 lts",3325.00,,2026-10-06,3325.00,7792931001050
Carrefour,399312,"Agua saborizada de manzana Levité 1,5 lts",2750.00,,2026-10-06,2750.00,7798062548709
Carrefour,735827,Agua saborizada de manzana Carrefour Classic sin gas pet 2 lts,2250.00,,2026-10-06,2250.00,7791720035153
Carrefour,651808,"Agua mineral sin gas Smartwater 1,5 lts",2650.00,,2026-10-06,2650.00,7790895645785
Carrefour,45321,Agua mineral con gas Eco de los Andes 500 ml,2095.00,,2026-10-06,2095.00,7792799000035
Carrefour,730555,Agua mineralizada con gas Benedictino 1.5 lts,2400.00,,2026-10-06,2400.00,7790895648861
Carrefour,621320,"Agua saborizada de pomelo Aquarius sin azúcares 2,25 lts",3850.00,,2026-10-06,3850.00,7790895011764
Carrefour,396019,"Agua saborizada citrus H2OH con gas 1,5 lts",2750.00,,2026-10-06,2750.00,7791813421603
Carrefour,552099,"Agua saborizada de manzana Levité cero 1,5 lts",2750.00,,2026-10-06,2750.00,7790315001061
Carrefour,621319,"Agua saborizada de manzana Aquarius sin azúcares 2,25 lts",3850.00,,2026-10-06,3850.00,7790895011771
Carrefour,557757,"Agua de mesa sin gas Nestlé 1,5 lts",2315.00,,2026-10-06,2315.00,7792799000905
Carrefour,688891,Agua Micelar Bifásica Nivea Rose Care con 5% Serum 400 ml,19995.00,,2026-10-06,19995.00,4005900773821
Carrefour,543646,Agua mineral sin gas Eco de los Andes 1 lt,2585.00,,2026-10-06,2585.00,7792799000639
Carrefour,465684,"Agua saborizada de naranja Aquarius 1,5 lts",3100.00,,2026-10-06,3100.00,7790895641237
Carrefour,413990,"Agua saborizada de naranja Levité 1,5 lts",2750.00,,2026-10-06,2750.00,7798062548648
Carrefour,651806,Agua mineral sin gas Smartwater 591 ml,2000.00,,2026-10-06,2000.00,7790895645778
Carrefour,735709,Agua saborizada citrus Carrefour Classic con gas pet 2 lts,2250.00,,2026-10-06,2250.00,7791720035115
Carrefour,555180,Agua mineral sin gas Villa del Sur 600 ml,1660.00,,2026-10-06,1660.00,7798062540109
Carrefour,678842,Agua Micelar Humectante Teatrical 600 ml,12450.00,,2026-10-06,12450.00,650240051647
Carrefour,751576,Agua saborizada sin gas H2OH de manzana 2 lts,3350.00,,2026-10-06,3350.00,7791813405030
Carrefour,735712,Agua saborizada de naranja durazno Carrefour Classic con gas pet 2 lts,2250.00,,2026-10-06,2250.00,7791720035146
Carrefour,762939,Agua saborizada sin gas Levite sabor limonada 2.25 lts,1999.00,si,2026-10-06,3390.00,7799155001705
Carrefour,557750,Agua de mesa sin gas Nestlé 500 ml,1790.00,,2026-10-06,1790.00,7792799000899
Carrefour,730556,Agua mineralizada bajo sodio sin gas Benedictino 1.5 lts,2400.00,,2026-10-06,2400.00,7790895647772
Carrefour,739956,Agua mineralizada bajo sodio Carrefour Classic 600 cc.,1490.00,,2026-10-06,1490.00,7791720037270
Carrefour,666909,Agua Micelar de Rosas Garnier 400 ml,24989.00,,2026-10-06,24989.00,3600542326414
Carrefour,735838,Agua saborizada limonada Carrefour Classic sin gas pet 2 lts,2250.00,,2026-10-06,2250.00,7791720035184
Carrefour,689292,Agua mineral sin gas Eco de los Andes 850 ml,2485.00,,2026-10-06,2485.00,7795930002097
Carrefour,736209,"Agua saborizada de manzana Carrefour Classic sin gas 1,5 lts",1850.00,,2026-10-06,1850.00,7791720033746
Carrefour,735711,Agua saborizada de pomelo Carrefour Classic con gas pet 2 lts,2250.00,,2026-10-06,2250.00,7791720035139
Carrefour,766314,Agua micelar hidratante Carrefour Soft 200 ml,6890.00,,2026-10-06,6890.00,7791720046463
Carrefour,736207,"Agua saborizada de pomelo Carrefour Classic sin gas 1,5 lts",1850.00,,2026-10-06,1850.00,7791720033739
Carrefour,736403,"Agua saborizada de manzana H2OH sin gas 1,5 lts",2750.00,,2026-10-06,2750.00,7791813403036
Carrefour,590071,Agua saborizada Aquarius pera 600 ml,2100.00,,2026-10-06,2100.00,7790895009204
Carrefour,736208,"Agua saborizada de naranja Carrefour Classic sin gas 1,5 lts",1850.00,,2026-10-06,1850.00,7791720033753
Carrefour,712171,Agua micelar 5 en 1 Nivea Refrescante para piel normal 200 ml,13049.00,,2026-10-06,13049.00,4005900359261
Carrefour,746412,Agua micelar piel opaca Garnier Skinactive 400 cc.,24989.00,,2026-10-06,24989.00,7509552842319
Carrefour,751672,Agua Micelar Nivea Iluminadora Enriquecida con Sérum Piel Sensible 400 ml,19995.00,,2026-10-06,19995.00,4006000067926
Carrefour,651807,Agua mineral con gas Smartwater 591 ml,2000.00,,2026-10-06,2000.00,7790895646027
Carrefour,736402,"Agua saborizada de pomelo H2OH sin gas 1,5 lts",3250.00,,2026-10-06,3250.00,7791813403012
Carrefour,415924,Agua saborizada de naranja Levité 500 ml,2000.00,,2026-10-06,2000.00,7798062548655
Carrefour,695051,Agua micelar Dermaglós facial 200 cc.,18199.00,,2026-10-06,18199.00,7793742007415
Carrefour,766320,Agua micelar Carrefour Soft antioxidante 200 ml,6950.00,,2026-10-06,6950.00,7791720046470
Carrefour,452521,Agua saborizada de pera Levité 500 ml,2000.00,,2026-10-06,2000.00,7798062540260
Carrefour,679699,Agua micelar Neutrogena hydro boost 400 ml,19139.00,,2026-10-06,19139.00,7891010251055
Carrefour,762938,Agua saborizada sin gas Levite sabor limonada 1.5 lts,2750.00,,2026-10-06,2750.00,7799155001699
Carrefour,687735,Agua mineralizada Benedictino con gas 600 ml,1900.00,,2026-10-06,1900.00,7790895647758
Carrefour,771532,Agua saborizada Cellier manzana pet 1.5 lts,1900.00,,2026-10-06,1900.00,7798113302670
Carrefour,678840,Agua Micelar Suavizante Teatrical 600 ml,12450.00,,2026-10-06,12450.00,650240051623
Carrefour,758815,Agua micelar Villeneuve 200 ml,8449.00,,2026-10-06,8449.00,7793008020370
Carrefour,771533,Agua saborizada Cellier pomelo pet 1.5 lts,1900.00,,2026-10-06,1900.00,7798113302687
Carrefour,590067,Agua saborizada Aquarius pomelo 600 ml,2100.00,,2026-10-06,2100.00,7790895009228
Carrefour,736400,Agua saborizada de manzana H2OH sin gas 500 ml,1799.00,,2026-10-06,1799.00,7791813402039
Carrefour,735710,Agua saborizada de limón Carrefour Classic con gas pet 2 lts,2250.00,,2026-10-06,2250.00,7791720035122
Carrefour,736401,"Agua saborizada de limón H2OH sin gas 1,5 lts",3199.00,,2026-10-06,3199.00,7791813403029
Carrefour,678841,Agua Micelar Detox Teatrical 600 ml,12450.00,,2026-10-06,12450.00,650240051630
Carrefour,634645,Agua micelar Neutrogena purified skin 7 en 1 200 ml,12669.00,,2026-10-06,12669.00,7891010245160
Carrefour,632634,Agua saborizada Villa del Sur Levité Cero manzana 500 cc.,2000.00,,2026-10-06,2000.00,7790315100184
Carrefour,736398,Agua saborizada de pomelo H2OH sin gas 500 ml,1800.00,,2026-10-06,1800.00,7791813402015
Carrefour,767823,Agua saborizada sin gas H2OH de naranja pet 1.5 lts,3200.00,,2026-10-06,3200.00,7791813000723
Carrefour,712170,Agua micelar 5 en 1 Nivea refrescante para piel normal 400 ml,19185.00,,2026-10-06,19185.00,7501054541172
Carrefour,687734,Agua Mineralizada Benedictino Sin Gas 600 ml,1900.00,,2026-10-06,1900.00,7790895647741
Carrefour,715781,Agua mineral sin gas Smartwater 991 ml,2200.00,,2026-10-06,2200.00,7790895648601
Carrefour,632633,Agua saborizada de naranja Levité cero 500 ml,2000.00,,2026-10-06,2000.00,7790315100207
Carrefour,736399,Agua saborizada de limón H2OH sin gas 500 ml,1850.00,,2026-10-06,1850.00,7791813402022
Carrefour,590070,Agua saborizada Aquarius pomelo rosado 600 ml,2100.00,,2026-10-06,2100.00,7790895009242
Carrefour,744850,Agua saborizada de pomelo rosado Levité sin gas pet 500 ml,2000.00,,2026-10-06,2000.00,7799155001385
Carrefour,748898,Agua mineral con gas Perrier botella de vidrio 330 ml,6399.00,,2026-10-06,6399.00,7613287922618
Carrefour,670571,Agua de rosas SriSri Tattva botella 100 cc.,11649.00,,2026-10-06,11649.00,8906038781848
Carrefour,590072,Agua saborizada Aquarius Uva 600 ml,2100.00,,2026-10-06,2100.00,7790895009259
Carrefour,590077,Agua saborizada Aquarius manzana 600 ml,2100.00,,2026-10-06,2100.00,7790895009211
Carrefour,748324,Agua desmineralizada Bulnez 950 ml,2890.00,,2026-10-06,2890.00,2618025000004
Carrefour,762940,Agua saborizada sin gas Levite sabor limonada pet 500 ml,2000.00,,2026-10-06,2000.00,7799155001682
Carrefour,716933,Agua micelar Dermaglós 6 en 1 400 cc.,25625.00,,2026-10-06,25625.00,7793742007439
Carrefour,767824,Agua saborizada sin gas H2OH de naranja pet 500 ml,1800.00,,2026-10-06,1800.00,7791813402886
Carrefour,739958,Agua saborizada sin gas Carrefour Classic sabor pomelo 600 cc.,1150.00,si,2026-10-06,1590.00,7791720037294
Carrefour,763159,Agua saborizada con gas Perrier Forever de pomelo 250 ml,5099.00,,2026-10-06,5099.00,8445291046931
Carrefour,686681,Agua Lavandina concentrada JC x 5 lts,16190.00,,2026-10-06,16190.00,7798005792374
Carrefour,739959,Agua saborizada sin gas Carrefour Classic 600 cc.,1150.00,si,2026-10-06,1590.00,7791720037300
Carrefour,739957,Agua saborizada sin gas Carrefour Classic de manzana 600 cc.,1150.00,si,2026-10-06,1590.00,7791720037287
Carrefour,684123,Agua micelar Cicatricure 200 ml.,17499.00,,2026-10-06,17499.00,7798140253945
Carrefour,737518,Galletitas clásicas Traviata x5 108 g,3345.00,,2026-10-06,3345.00,7790040144095
Carrefour,720564,Galletitas crackers Cerealitas clásicas 636 g.,5869.00,,2026-10-06,5869.00,7622201745905
Carrefour,726409,Soda Carrefour Classic sifón 2 lts,1990.00,,2026-10-06,1990.00,7791720029947
Carrefour,739531,Galletitas sandwich Traviata x3 324 grs,2195.00,,2026-10-06,2195.00,7790040144088
Carrefour,745252,Galletitas crackers Traviata + Kesitas 96 g,1035.00,,2026-10-06,1035.00,7790040143944
Carrefour,749666,Galletitas crackers Traviata Rex x3 288 grs,2875.00,,2026-10-06,2875.00,7790040143920
Carrefour,708531,Galletitas Criollitas crackers x5 499 grs,3389.00,,2026-10-06,3389.00,7790040139015
Carrefour,596768,Galletitas crackers Paseo 5 semillas 300 g.,2085.00,,2026-10-06,2085.00,7792180007315
Carrefour,720563,Galletitas crackers Cerealitas clásicas 212 g.,2169.00,,2026-10-06,2169.00,7622201736033
Carrefour,745251,Galletitas crackers Traviata + Rex original 96 g,949.00,,2026-10-06,949.00,7790040143937
Carrefour,459381,Galletitas original Criollitas 100 g. x 3 uni,1979.00,,2026-10-06,1979.00,7790040377806
Carrefour,666285,Galletitas crackers La Providencia 303 g.,1649.00,,2026-10-06,1649.00,7798141972371
Carrefour,613051,"Gaseosa Schweppes Zero Pomelo 2,25 lts",6000.00,,2026-10-06,6000.00,7790895010095
Carrefour,83434,Galletitas crackers Granix sandwich 3 u. x 200 g.,4589.00,,2026-10-06,4589.00,7790045001379
Carrefour,558716,Soda saldan sifón 2 lts,1900.00,,2026-10-06,1900.00,7791913000753
Carrefour,726330,Limpiador en Gel Cif con Lavandina/Cloro 513 grs,3669.00,,2026-10-06,3669.00,7791290793804
Carrefour,596670,Galletitas mini crackers Paseo 300 g.,1759.00,,2026-10-06,1759.00,7792180006448
Carrefour,695632,Galletitas Bagley cracker cereal salvado x3 507 grs,4639.00,,2026-10-06,4639.00,7790040136243
Carrefour,691477,Galletitas Hogareñas mix de cereales x3 555 grs,4639.00,,2026-10-06,4639.00,7790040136106
Carrefour,728710,"Soda Bulnez 2,25 lts",1550.00,,2026-10-06,1550.00,7791720031872
Carrefour,473984,Galletitas crackers Carrefour classic x3 330 grs,2090.00,,2026-10-06,2090.00,7798152224032
Carrefour,698539,Apósitos adhesivos Curitas tela transpiel resistente al agua 20 uni,2489.00,,2026-10-06,2489.00,7702003010781
Carrefour,383540,Enjuague bucal Colgate Plax Fresh mint 500 ml,7840.00,,2026-10-06,7840.00,7891024131183
Carrefour,441448,Galletitas crackers Criollitas más grandes x3 507 grs,3449.00,,2026-10-06,3449.00,7790040946200
Carrefour,720566,Galletitas de salvado Cerealitas 624 g.,6079.00,,2026-10-06,6079.00,7622201746032
Carrefour,691474,Galletitas Hogareñas 7 semillas x3 567 grs,4689.00,,2026-10-06,4689.00,7790040136076
Carrefour,697586,Galletitas cintas sabor cebolla Carrefour Classic 125 grs,1950.00,,2026-10-06,1950.00,7791720024454
Carrefour,616329,Galletitas crackers Carrefour classic mini 5 semillas 280 g.,1790.00,si,2026-10-06,2350.00,7791720003442
Carrefour,735713,"Soda Carrefour Classic 2,25 lts",1750.00,,2026-10-06,1750.00,7791720035238
Carrefour,666287,Galletitas crackers La Providencia 101 g.,590.00,,2026-10-06,590.00,7798141972364
Carrefour,473988,Galletitas crackers Carrefour classic salvado x3 360 grs,2490.00,,2026-10-06,2490.00,7798152224049
Carrefour,593647,Galletitas crackers Carrefour classic sésamo y lino 175 g.,1390.00,,2026-10-06,1390.00,7798159718817
Carrefour,601439,"Gaseosa Schweppes Zero Pomelo 1,5 lts",4850.00,,2026-10-06,4850.00,7790895010088
Carrefour,742513,Lavandina en Gel Vim Original 700 ml,3519.00,,2026-10-06,3519.00,7791290794955
Carrefour,653390,Galletitas crackers Granix salvado 720 g.,5600.00,,2026-10-06,5600.00,7790045826231
Carrefour,155935,"Gaseosa Schweppes Tónica 1,5 lts",4850.00,,2026-10-06,4850.00,7790895006715
Carrefour,596667,Galletitas crackers Paseo salvado 300 g.,2120.00,,2026-10-06,2120.00,7792180006455
Carrefour,530768,"Gaseosa cola Manaos 2,25 lts",2420.00,,2026-10-06,2420.00,7798113300010
Carrefour,700191,Galletitas Shiva crackers mediterráneas 100 g.,3870.00,,2026-10-06,3870.00,617308824117
Carrefour,728640,Apósitos adhesivos Curitas tela elástica ideal para heridas en articulaciones 8 uni,1319.00,,2026-10-06,1319.00,7702003010743
Carrefour,612996,Galletitas crackers Smams mix semillas 150 g. SIN TACC,3659.00,,2026-10-06,3659.00,7798181510229
Carrefour,538723,Enjuague bucal Colgate Plax Soft Mint 500 ml,7840.00,,2026-10-06,7840.00,7891024130957
Carrefour,530537,Galletitas crackers Criollitas 100 g.,779.00,,2026-10-06,779.00,7790040377707
Carrefour,136120,Galletitas crackers Granix 200 g.,1655.00,,2026-10-06,1655.00,7790045001133
Carrefour,653389,Galletitas crackers Granix salvado 240 g.,1929.00,,2026-10-06,1929.00,7790045826200
Carrefour,473786,Galletitas crackers Carrefour Classic sandwich x3 330 grs,2090.00,,2026-10-06,2090.00,7798152223417
Carrefour,700192,Galletitas Shiva crackers pimentón 100 g.,3410.00,,2026-10-06,3410.00,617308824087
Carrefour,695633,Galletitas Bagley cracker cereal salvado 169 g.,1569.00,,2026-10-06,1569.00,7790040136250
Carrefour,666281,Galletitas de salvado La Providencia 120 g.,760.00,,2026-10-06,760.00,7798141972470
Carrefour,691476,Galletitas Hogareñas mix de cereales 185 g.,1750.00,,2026-10-06,1750.00,7790040136090
Carrefour,769598,Desodorante antitranspirante femenino Nivea Fresh Coconut en aerosol 150 ml,4909.00,,2026-10-06,4909.00,4006000196084
Carrefour,578486,Desmaquillante bifásico de ojos Nivea Efecto Dual para piel sensible 125 ml,15449.00,,2026-10-06,15449.00,42277132
Carrefour,588610,Galletitas mini crackers de salvado Carrefour classic 300 gr.,1790.00,si,2026-10-06,2350.00,7798159717865
Carrefour,593643,Galletitas crackers light Carrefour classic 110 g.,849.00,,2026-10-06,849.00,7798159718787
Carrefour,155937,Gaseosa Schweppes Tónica 354 ml,2700.00,,2026-10-06,2700.00,7790895006821
Carrefour,691473,Galletitas Hogareñas 7 semillas 189 g.,1800.00,,2026-10-06,1800.00,7790040136069
Carrefour,441485,Galletitas crackers más grande Criollitas 169 g.,1309.00,,2026-10-06,1309.00,7790040946101
Carrefour,521985,Gel de limpieza Neutrogena deep clean grapefruit 150 grs,9999.00,,2026-10-06,9999.00,7891010972226
Carrefour,740284,Soda Carrefour Classic en botella 600 cc.,1590.00,,2026-10-06,1590.00,7791720037812
Carrefour,727546,Merluza al agua Marbella 340 g.,3360.00,,2026-10-06,3360.00,7792750001606
Carrefour,588609,Galletitas mini crackers Carrefour classic 300 g.,1790.00,si,2026-10-06,2350.00,7798159717858
Carrefour,675036,Galletitas salvado Hogareñas 200 g.,1550.00,,2026-10-06,1550.00,7790040132962
Carrefour,528681,Toallitas desmaquillantes Neutrogena Night Calming 25 uni,8929.00,,2026-10-06,8929.00,70501053553
Carrefour,714720,Toallitas Desmaquillantes Nivea MicellAir para pieles sensibles 25 uni,8245.00,,2026-10-06,8245.00,4005900985828
Carrefour,473788,Galletitas crackers Carrefour classic sandwich 110 g.,809.00,,2026-10-06,809.00,7798152223424
Carrefour,635219,Enjuague bucal Colgate Plax Fresh Mint 250 ml,5499.00,,2026-10-06,5499.00,7891024136409
Carrefour,642554,Exfoliante facial Neutrogena purified skin 100 g.,12459.00,,2026-10-06,12459.00,7891010245191
Carrefour,647227,Galletitas crackers Schär 210 g. sin TACC,10950.00,,2026-10-06,10950.00,8008698003503
Carrefour,698535,Apósitos adhesivos Curitas Manía resistente al agua 20 uni,3725.00,,2026-10-06,3725.00,7702003010798
Carrefour,688892,Gel limpiador facial micelar Nivea Rose Care para todo tipo de piel 150 ml,15809.00,,2026-10-06,15809.00,4005900773838
Carrefour,467368,Toallitas desmaquillantes Neutrogena blue line 25 uni,8929.00,,2026-10-06,8929.00,70501051054
Carrefour,337523,Barra de limpieza facial NEUTROGENA® DEEP CLEAN® 80 g.,4929.00,,2026-10-06,4929.00,7891010099725
Carrefour,683382,Apósitos surtidos Curitas transpiel resistentes al agua 40 uni,6269.00,,2026-10-06,6269.00,7501054550563
Carrefour,438522,Enduido plástico al Agua Carrefour,5644.00,,2026-10-06,5644.00,2616780000000
Carrefour,703143,Gaseosa Schweppes Zero Agua Tónica 354 ml,2700.00,,2026-10-06,2700.00,7790895647987
Carrefour,486735,Desmaquillante bifásico Neutrogena oil free 162 ml,14229.00,,2026-10-06,14229.00,70501050651
Carrefour,642556,Gel de limpieza facial Neutrogena purified skin 150 grs,12579.00,,2026-10-06,12579.00,7891010245214
Carrefour,747506,Gel limpiador facial Neutrogena ultra gentle 354 cc,26329.00,,2026-10-06,26329.00,70501872956
Carrefour,473784,Galletitas crackers Carrefour Classic mini sandwich 300 g.,2350.00,,2026-10-06,2350.00,7798152223400
Carrefour,601021,Galletitas saladas Aglu sabor queso 150 g.,2515.00,,2026-10-06,2515.00,7798128410063
Carrefour,473782,Galletitas Mini crackers Carrefour classic salvado 300 g.,1790.00,si,2026-10-06,2350.00,7798152223387
Carrefour,675264,Apósitos adhesivos Curitas Marvel para niños 20 uni,4659.00,,2026-10-06,4659.00,7501054550044
Carrefour,700469,Copa de agua Rigolleau,2500.00,,2026-10-06,2500.00,7791822688707
Carrefour,765809,Mascarilla facial Nivea Hidratante con Agua de Rosas y Ácido Hialurónico 1 uni,8589.00,,2026-10-06,8589.00,4006000151830
Carrefour,771217,Esencia agua de azahar Carrefour Classic 100 ml,1850.00,,2026-10-06,1850.00,7791720048184
Carrefour,653768,Pistola de agua PDQ96 (Modelos Surtidos),500.00,si,2026-10-06,2490.00,3614614316104
Carrefour,712767,Apósitos adhesivos Curitas Flexible XL resistente al agua 10 uni,8959.00,,2026-10-06,8959.00,4005900942791
Carrefour,1769079,Heladera Gafa 319L Top Freezer con Dispenser de Agua Plata HGW311P,878369.00,si,2026-10-06,1027332.00,7909569511374
Carrefour,682054,Copa agua Nadir barone 490 ml,4409.00,,2026-10-06,4409.00,7891155040866
Carrefour,784886,Galletitas mini crackers Paseo sabor jamón 250 grs,2249.70,,2026-10-06,2249.70,7792180146830
Carrefour,675263,Apósitos adhesivos Curitas Frozen II para niños 20 uni,4659.00,,2026-10-06,4659.00,7501054542896
Carrefour,784885,Galletitas mini crackers Paseo sabor cebolla 250 grs,2249.70,,2026-10-06,2249.70,7792180146823
Carrefour,769755,Juego de agua Stitch modelos surtidos,3900.00,,2026-10-06,3900.00,7450077123790
Carrefour,768341,Libro para colorear a jugar con agua magica (Modelos surtidos),11999.00,,2026-10-06,11999.00,9789878209715
Carrefour,701626,Maquina gasificadora de agua Sodastream TERRA negra,88899.00,si,2026-10-06,126999.00,7290113763784
Carrefour,630481,Exfoliante facial Neutrogena para acné proofing 100 g.,15559.00,,2026-10-06,15559.00,7891010976262
Carrefour,670807,Body splash ocean fresh Karina Ravolini 200 ml.,21900.00,,2026-10-06,21900.00,7798112022234
Carrefour,588709,Hoja lija al agua 80,884.00,,2026-10-06,884.00,7798123980127
Carrefour,766677,Apósitos adhesivos Curitas Aqua Protect para niños 20 uni,4659.00,,2026-10-06,4659.00,4006000107301
Carrefour,654267,Galletitas crackers Gullón 200 g. sin TACC,7800.00,,2026-10-06,7800.00,8410376045017
Carrefour,670805,Body splash tropical island Karina Ravolini 200 ml.,21900.00,,2026-10-06,21900.00,7798112022197
Carrefour,1659588,Filtro Purificador de Agua DVIGI AQUA,141122.00,si,2026-10-06,181217.00,7798178470574
Carrefour,747301,Copa agua brunello nadir 490 ml,4799.00,,2026-10-06,4799.00,7891155047131
Carrefour,760282,Juego de agua unicornio chico,3900.00,,2026-10-06,3900.00,7453077210903
Carrefour,690102,Pañales Huggies para agua M little swimmers x 11 uni,16709.00,,2026-10-06,16709.00,7896007551095
Carrefour,701624,Maquina Gasificadora de agua Sodastream TERRA blanco.,88899.00,si,2026-10-06,126999.00,7290113764019
Carrefour,1659582,Purificador de Agua Dvigi Compact de Red Elimina Cloro,105812.00,si,2026-10-06,160018.00,7798178470512
Carrefour,1770461,Termotanque Eléctrico Siam 100Lts Conexión De Agua Inferior Blanco TSI-TG100BM1,436999.00,si,2026-10-06,480699.00,07799111694217
Carrefour,1772436,"Lavarropas Inteligente Carga Frontal Electrolux 10,5kg Gris Inverter con Agua Caliente y Lavado Inteligente LFC11",975199.00,si,2026-10-06,1177777.00,7909569508176
Carrefour,1659634,Repuesto Filtro Purificador Agua Dvigi Aqua Sobre Mesada,74033.00,si,2026-10-06,87544.00,7798178470031
Carrefour,1659616,Purificador de Agua Dvigi Compact de Red Elimina Cloro,105812.00,si,2026-10-06,117917.00,7798178470529
Carrefour,1773495,Aspiradora Agua y Polvo Electrolux 1800W 20L con ThermoControl y Función Soplado GT20I Inox,178091.00,si,2026-10-06,203999.00,7909569524572
Carrefour,1766533,Vasos Copon Sin Pie Vino Agua Tragos Set X 4 Unid Importado,12196.80,si,2026-10-06,20328.00,8693357394087
Carrefour,780440,Dispenser de agua dino,6900.00,,2026-10-06,6900.00,7450077064628
Carrefour,769787,Juego de agua vehículos Modelos surtidos,3900.00,,2026-10-06,3900.00,7450077060408
Carrefour,700461,Vaso de agua Rigolleau,2399.00,,2026-10-06,2399.00,7791822621506
Carrefour,781483,Maquina gasificadora de agua Sodastream art white,111019.00,si,2026-10-06,158599.00,7290113764422
Carrefour,1766537,Vaso Vidrio Agua Tragos Set X 6 Unid Color Pasabahce,21643.20,si,2026-10-06,36072.00,8693357501447
Carrefour,781484,Maquina gasificadora de agua Sodastream e-duo,192499.00,si,2026-10-06,274999.00,7290116741901
Carrefour,1766638,Set x 4 Rociador Spray Pulverizador Lanza Agua Gatillo 550 Ml Plast,18316.80,si,2026-10-06,30528.00,7798125594605
Carrefour,1659567,Filtro Purificador de Agua DVIGI AQUA,141122.00,si,2026-10-06,181217.00,7798178470567
Carrefour,1751451,Alfombra de agua 121 Bebesit Marina Celeste,11320.00,si,2026-10-06,27658.00,7797481919213
Carrefour,1755151,Bebedero Fuente Para Beber Automático Gadnic PET09 Recirculación de Agua (Color Verde),32949.00,si,2026-10-06,42834.00,7427255316824
Carrefour,1766133,Pistola de Agua Automática Gadnic Luz Led Recargable 10 Metros,32546.00,si,2026-10-06,42310.00,7799219112613
Carrefour,1659579,Combo Purificador de Agua Anti Arsénico DVIGI AS PLUS + 2 Filtros Adicionales,345572.00,si,2026-10-06,400203.00,7798178470956
Carrefour,1659601,Filtro Purificador de Agua DVIGI AQUA + 1 Filtro Adicional,201372.00,si,2026-10-06,268761.00,7798178470734
Carrefour,679950,Pistola de agua Super saturator super chorro blanco,19000.00,si,2026-10-06,39990.00,48242722106
Carrefour,1744439,Lija al agua Doble A 220,1582.68,si,2026-10-06,2260.97,47794004001163
Carrefour,1759026,Irrigador Dental De Agua Nicefeel Inalámbrico,69999.00,si,2026-10-06,90999.00,6920674350918
Carrefour,780428,Juego de agua Spiderman,4900.00,,2026-10-06,4900.00,7751079248703
Carrefour,1761186,Set X 4 Vasos Vidrio Agua Tragos Pasabahce Space,13284.00,si,2026-10-06,22140.00,7798385072356
Carrefour,770162,Juego de agua 2 modelos modelos surtidos,7900.00,,2026-10-06,7900.00,4894779001087
Carrefour,780431,Juego de agua Avengers,3900.00,,2026-10-06,3900.00,7450077053769
Carrefour,1761183,Set X 3 Vasos Vidrio Agua Tragos Pasabahce Space,9963.00,si,2026-10-06,16605.00,7798385072387
Carrefour,1755109,Fuente De Agua Recirculante Gadnic PB2000 Para Perros Y Gatos Acero Inoxidable 1.6L,33799.00,si,2026-10-06,43939.00,650414812456
Carrefour,1767240,Bomba Presurizadora Bron By Gadnic Presión Automática Sensor De Flujo Agua Fría Y Caliente,77649.00,si,2026-10-06,100944.00,7799219110435
Carrefour,1772695,Bomba De Agua Periferica Midow 370w Elevadora Tanque 28l/min,39999.00,si,2026-10-06,54623.00,7798363395972
Carrefour,1761796,Dispenser de Agua Gadnic Aquara Classic 01 con Doble Canilla Fría Y Caliente,291499.00,si,2026-10-06,378949.00,7799219089335
Carrefour,1768529,Set x 4 Vasos Vidrio Tragos Agua Gaseosa Cerveza Pasabahce,15246.00,si,2026-10-06,25410.00,8693357637702
Carrefour,1763658,Bacha De Cocina Inteligente Con Purificador De Agua Gadnic Panel Digital 75x46x23cm Acero Inoxidable,240449.00,si,2026-10-06,312584.00,7799219096890
Carrefour,1766534,Vasos Color Copon Sin Pie Vino Agua Tragos Set X 3 Pasabahce,10821.60,si,2026-10-06,18036.00,8693357501447
Carrefour,1771172,Auriculares Casco Moto Moman RS-H4P Reducción Ruido Bluetooth Resistente Al Agua,47499.00,si,2026-10-06,61749.00,0725414377745
Carrefour,1773504,Heladera Gafa 348L No frostTop Freezer con Dispenser de Agua Plata HGNW340P,1076064.00,si,2026-10-06,1258554.00,7909569530832
Carrefour,1765483,Set X 6 Vaso Vidrio 270 cc Agua Tragos Pasabahce Linden,14594.40,si,2026-10-06,24324.00,8693357483163
Carrefour,1773496,Aspiradora Agua y Polvo Electrolux 1500W 12L con ThermoControl y Función Soplado GT12I Inox,131531.00,si,2026-10-06,150666.00,7909569524565
Carrefour,708939,Pañales para el agua Huggies G y XG little swimmers 10 uni,14599.00,,2026-10-06,14599.00,7896007552214
Carrefour,1766372,Juguete De Agua Rainy Raccoon´s musical Submarine Playgro,30449.00,si,2026-10-06,49999.00,9321104876294
Carrefour,1757142,Reloj de Cuarzo para Hombre Gadnic Morfeo Resistente al Agua con Fecha y Hora,59999.00,si,2026-10-06,77999.00,7427255318392
Carrefour,1774186,Heladera Gafa 257L No frostTop Freezer con Dispenser de Agua Plata HGNW255P,1002009.00,si,2026-10-06,1147777.00,7909569530665
Carrefour,1759168,PISTACHO MOOD Fragancia al agua para cuerpo y pelo,19200.00,,2026-10-06,19200.00,7798111212728
Carrefour,1754570,Botella Motivacional 2 Litros Negra Gadnic Degrade Botellón Agua,16999.00,si,2026-10-06,22099.00,7798427510907
Carrefour,1772161,Dispenser De Agua Gadnic Frio Calor Compacto Mesada,272449.00,si,2026-10-06,354184.00,7799219134783
Carrefour,1759156,Filtro de agua para Heladeras con Water Dispenser,35000.00,,2026-10-06,35000.00,7896584060669
Carrefour,1766635,Jarra de Cristal Agua Jugos 2400cc Nude,24613.20,si,2026-10-06,41022.00,8693357354708
Carrefour,1755105,Cuenco Elevado Mueble para Mascotas Gadnic PET09 Platitos de Agua y Comida,56101.00,si,2026-10-06,72931.00,7427255321019
Carrefour,1753999,Funda Notebook Dehuka 13 Neopreno Resistente Agua,11676.00,si,2026-10-06,12973.00,658738172218
Carrefour,1758049,Bolsa De Agua 2 Litros Gadnic Mochila,39599.00,si,2026-10-06,51479.00,7427251553285
Carrefour,1749224,Albalux Balance esmalte sintético al agua blanco brillante 1/2 Lt,25881.52,,2026-10-06,25881.52,7796374850251
Carrefour,1758455,Reloj Para Hombre Gadnic EOLO Resistente al Agua con Cronógrafo,45999.00,si,2026-10-06,59799.00,7427255320555
Carrefour,651774,Aspiradora de tacho Daewoo para agua y polvo DAVC90-15L,118900.00,si,2026-10-06,139650.00,7799034006135
Carrefour,1642883,Aspiradora Agua Y Polvo Electrolux GT30N 20 Lts,157139.00,si,2026-10-06,179999.00,7896347149242
Carrefour,1751452,Alfombra de agua 121 Bebesit Pulpo Celeste,11320.00,si,2026-10-06,27658.00,7797481919220
Carrefour,1754528,Cámara de Seguridad Gadnic Doble Lente 6MP FHD Resistente Al Agua,76849.00,si,2026-10-06,99904.00,7427254577745
Carrefour,752323,Aspiradora de tacho Electrolux agua y polvo 10l 12,124990.00,si,2026-10-06,151900.00,7896347149235
Carrefour,1659596,Purificador de Agua AS PLUS Oro con 2 Repuestos Extra DVIGI,345572.00,si,2026-10-06,400203.00,7798178470932
Carrefour,1774627,Aspiradora de Mano Daewoo DAVC100 12v Polvo y Agua,59999.00,,2026-10-06,59999.00,7799034048685
Carrefour,1763379,Vasos Reciclados set x 4 Vidrio Agua 440 cc Pasabahce,12573.00,si,2026-10-06,20955.00,8693357544987
Carrefour,1749221,Sellador fijador al agua alta performance 4 L,33342.75,si,2026-10-06,44457.00,7792833814147
Carrefour,1748863,Bolso Estanco Broksol 30 Lts Pvc Camuflado Resistente Agua,66499.00,,2026-10-06,66499.00,7796729705151
Carrefour,1751453,Alfombra de agua Bebesit 121 Delfín Celeste,11320.00,si,2026-10-06,27658.00,7797481919237
Carrefour,1766551,Base Para Sombrilla Rellenable Agua/Arena,94600.00,si,2026-10-06,172000.00,3267078974009
Carrefour,1758141,Botella Motivacional 2 Litros Azul Gadnic Degrade Botellón Agua,16999.00,si,2026-10-06,22099.00,7798427510907
Carrefour,1659607,Purificador de Agua AS PLUS Oro con 1 Repuesto Extra DVIGI,247640.00,si,2026-10-06,300152.00,7798178470925
Carrefour,1771139,Ventilador Con Agua Fría Humidificador Purificador Usb - 3 Velocidades -(Fan-Cool500-USB),21599.00,si,2026-10-06,25599.00,0000000079714
Carrefour,1772122,Aspiradora Dewalt 30l 750w Silenciosa Agua Polvo Industrial,342999.00,si,2026-10-06,492820.00,810941036552
Carrefour,1753138,Deposito Armario Caseta Cobertizo de jardín 1x2 Techo 1 agua DON ACERO,1376050.00,si,2026-10-06,1834733.00,0793969326457
Carrefour,1767928,Bañera Chiller Filtro de Agua Gadnic Ideal Crioterapia Baño Frio con Hielo,1739849.00,si,2026-10-06,2261804.00,7799219123367
Carrefour,1642869,Aspiradora Agua Y Polvo Electrolux AWD01 5Lts 1250W,135999.00,si,2026-10-06,151110.00,7896347160223
Carrefour,1747096,Esmalte Alba para azulejos al agua blanco brillante 900 ML,76184.64,,2026-10-06,76184.64,7796374088111
Carrefour,1744450,Lija al agua Doble A 400,1582.68,si,2026-10-06,2260.97,47794004001217
Carrefour,1767595,Armario Deposito Galpón de jardín Casi 2x1x2 Techo 1 agua Gris Don Acero,1747580.00,si,2026-10-06,2330107.00,0793969326495
Carrefour,1758187,Botella Motivacional 2 Litros Verde Gadnic Degrade Botellon Agua,16999.00,si,2026-10-06,22099.00,7798427510907
Carrefour,1755128,Cuenco Tazón de Agua Flotante Blanco Gadnic PETB12 Bebedero Antiderrame,24999.00,si,2026-10-06,32499.00,7427254573754
Carrefour,1773499,"Lavarropas Carga Frontal Electrolux 10,5kg Blanco Inverter con Agua Caliente y Lavado Inteligente LFB11",969999.00,si,2026-10-06,1111110.00,7909569508169
Carrefour,670802,Body Splash sweet red Karina Ravolini 200 ml.,21900.00,,2026-10-06,21900.00,7798165915231
Carrefour,1658026,"Kit De Distribución C/ Bomba De Agua Volkswagen Fox, Suran, Gol Trend, Voyage, Caddy, Polo | Seat Ibiza",110318.64,,2026-10-06,110318.64,
Carrefour,1767626,Set X 6 Vaso Vidrio Copa Agua Licuados Jugos 500 Ml Pasabahce,21643.20,si,2026-10-06,36072.00,1000038326409
Carrefour,1771382,Cámara de Acción GoPro LIT HERO 4K Resistente al Agua Linterna Deportiva Liviana,576499.00,si,2026-10-06,749449.00,810116384129
Carrefour,1659606,Combo Purificador de Agua Anti Arsénico DVIGI AS PLUS + 1 Filtro Adicional,247640.00,si,2026-10-06,300152.00,7798178470949
Carrefour,1642856,Aspiradora Agua Y Polvo Electrolux A10n1 1250w,142589.00,si,2026-10-06,163332.00,7896347149235
Carrefour,690103,Pañales Huggies para agua G little swimmers x 10 uni,16789.00,,2026-10-06,16789.00,7896007551088
Carrefour,754595,Marcador Filgo pintura al agua tnt brush surtido x 8 uni,25549.00,,2026-10-06,25549.00,7798100967844
Carrefour,1767719,Set x 6 Vasos Agua Jugo Decorados Colores Vidrio Pasabahce,17154.00,si,2026-10-06,28590.00,8693357606746
Carrefour,1744404,Lija al agua Doble A 150,1582.68,si,2026-10-06,2260.97,47794004001149
Carrefour,1744935,Lija al agua Doble A 1000,2460.65,si,2026-10-06,3515.21,7891792925199
Carrefour,1659392,Filtro Purificador de Agua DVIGI AQUA + 1 Filtro Adicional,201372.00,si,2026-10-06,268761.00,7798178470727
Carrefour,1768016,Armario Deposito Galpon de jardin Casi 2x2x2 Techo 1 agua Gris Don Acero,2441830.00,si,2026-10-06,3255773.00,0793969326501
Carrefour,1758493,Reloj Digital Para Niños Verde Gadnic Deportivo Resistente Al Agua,42898.00,si,2026-10-06,55767.00,0645760863443
Carrefour,1771123,Ventilador Con Agua Fría Humidificador Purificador Usb (Fan-Cool300-Usb),34999.00,si,2026-10-06,41599.00,0000000079716
Carrefour,1746581,Mochila Impermeable Urbana Con Carga Usb Antirrobo Resistente Al Agua Dehuka B05 Color Gris,28504.00,si,2026-10-06,31671.00,658738170559
Carrefour,738410,Autos speed track cambia color con el agua (Modelos Surtidos),9900.00,,2026-10-06,9900.00,3616479612742
Carrefour,345214,Copa agua lexington 355 cc pack x 6,22990.00,,2026-10-06,22990.00,7702147205470
Carrefour,1658058,"Kit De Distribución C/ Bomba De Agua Renault Clio, Kangoo, Logan, Megane, Sandero, Symbol",110041.47,,2026-10-06,110041.47,
Carrefour,1765628,Set X 4 Vaso Vidrio Copa Jugos Agua Licuado 500 Ml Pasabahce,19065.59,si,2026-10-06,31776.00,8693357403925
Carrefour,1745009,Fijador al agua Sellaplast 20 L,94520.15,si,2026-10-06,135028.79,7792952000209
Carrefour,1659603,Purificador Agua Dvigi Bajo Mesada Purecarbon Elimina Cloro,142900.00,si,2026-10-06,196975.00,7798178471502
Carrefour,1751916,Armario Deposito Galpón de jardín Casi 2x1x2 Techo 1 agua Verde Don Acero,1747580.00,si,2026-10-06,2330107.00,0736372065940
Carrefour,1754241,Deposito Armario caseta cobertizo de jardín 150x1 Techo 1 agua DON ACERO,1206400.00,si,2026-10-06,1608533.00,0793969326464
Carrefour,1758489,Reloj Gadnic Resistente Al Agua,17999.00,si,2026-10-06,23399.00,7427255320340
Carrefour,1755069,Cuenco Tazón de Agua Flotante Rosa Gadnic PETB12 Bebedero Antiderrame,24999.00,si,2026-10-06,32499.00,7427254573754
Carrefour,1754666,Bebedero Fuente Para Beber Automático Gadnic PET09 Recirculación de Agua (Color Blanco),32949.00,si,2026-10-06,42834.00,7427255316824
Carrefour,1755131,Fuente De Agua Recirculante Gadnic Para Perros Y Gatos Acero Inoxidable 2.4L,63989.00,si,2026-10-06,83186.00,650414279051
Carrefour,1769674,Bebedero Para Mascotas Gadnic Acero Inoxidable 304 Luz Led Agua Recirculante,82149.00,si,2026-10-06,106794.00,7799219129420
Carrefour,1773475,Sensor De Flujo de Agua Control Bomba Lusqtoff MPS-4 16 amp 10 Bar,61115.90,si,2026-10-06,71065.00,7798225224815
Carrefour,159230,Set x 6 copas agua bouquet 250 ml,14900.00,,2026-10-06,14900.00,7791822689834
Carrefour,1744280,Sellador fijador al agua Alba alta performance 10 L,99583.53,,2026-10-06,99583.53,7792833814062
Carrefour,1657633,"Kit De Distribución C/ Bomba De Agua Chevrolet Celta, Cobalt, Corsa II, Meriva, Onix, Prisma, Spin| Fiat Idea, Palio, Punto, Stilo, Strada",96567.23,,2026-10-06,96567.23,
Carrefour,1759169,INSTANT CRUSH Fragancia al agua para cuerpo y pelo,19200.00,,2026-10-06,19200.00,7798111212711
Carrefour,1748867,Bolso Estanco Broksol 20 Lts Pvc Camuflado Resistente Agua,54499.00,,2026-10-06,54499.00,7796729705144
Carrefour,1745023,Fijador al agua Sellaplast 4 L,24778.41,si,2026-10-06,35397.73,7792952000186
Carrefour,1744367,Fijador al agua Sellaplast 10 L,52056.83,si,2026-10-06,74366.90,7792952000193
Carrefour,1744519,Lija al agua Doble A 280,1582.68,si,2026-10-06,2260.97,47794004001187
Carrefour,1744902,Lija al agua Doble A 240,1582.68,si,2026-10-06,2260.97,47794004001170
Carrefour,1769993,Aspiradora Montana 1100w Para Agua Y Polvo 15 Lts (MON-161),120259.00,si,2026-10-06,168045.00,2611610110232
Carrefour,1767596,Armario Deposito Galpón de jardín Casi 2x1x2 Techo 1 agua Blanco Don Acero,1747580.00,si,2026-10-06,2330107.00,0793969326358
Carrefour,1758632,Organizador de Cosméticos y Joyería Gadnic Beaut-y A Prueba de Agua,31649.00,si,2026-10-06,41144.00,7427251179119
Carrefour,1755075,Bebedero Esférico Para Mascotas Gadnic PETB05 Dispensador De Agua,48999.00,si,2026-10-06,63699.00,7427252444124
Carrefour,1770035,Armario Infantil Glam Verde Agua Rosa Fucsia Rimax (RX-13989),273031.00,si,2026-10-06,349740.00,7705152139891
Carrefour,1742920,Presurizador y regulador de presión de agua CAP II Pluvius,73305.70,si,2026-10-06,86242.00,7798132390412
Carrefour,1773441,Filtro De Aire Regulador Manómetro Lusqtoff LG-07 Para Compresor Con Trampa de Agua,24445.50,si,2026-10-06,28425.00,7798225223573
Carrefour,1769389,Aspiradora Polvo/Agua Salkor Pro (601.App1001),79999.00,si,2026-10-06,90599.00,0000000073600
Carrefour,768610,Fuente de agua aura viva modelo D,59999.00,,2026-10-06,59999.00,7798180902131
Carrefour,1749237,Sellador fijador al agua alta performance 20 Lts,177826.27,,2026-10-06,177826.27,7792833813980
Carrefour,1746461,Albalux Balance esmalte sintetico al agua bermellon brillante 1/2 L,32351.90,,2026-10-06,32351.90,7796374010389
Carrefour,1744567,Esmalte sintetico al agua Albalux Balance gris brillante 1/2 L,21999.64,,2026-10-06,21999.64,7796374010594
Carrefour,1744264,Barniz al agua interior Cristalba brillante 4 L,189943.50,,2026-10-06,189943.50,7796374089170
Carrefour,1747073,Albalux Balance esmalte sintético al agua negro brillante 1 L,37528.91,,2026-10-06,37528.91,7796374850350
Carrefour,1745789,Impregnante Cetol para maderas al agua satinado cedro 1 lts,44464.27,,2026-10-06,44464.27,7798043625474
Carrefour,1759170,CANDY LOVE Fragancia al agua para cuerpo y pelo,19200.00,,2026-10-06,19200.00,7798111212704
Carrefour,1745791,Impregnante Cetol para maderas al agua satinado nogal 1 lts,44464.27,,2026-10-06,44464.27,7798043625535
Carrefour,1767627,Set X 4 Vaso Vidrio Copa Agua Licuados Jugos 500 Ml Pasabahce,14428.80,si,2026-10-06,24048.00,8693357482883
Carrefour,1744399,Sellaplast fijador al agua 1 L,9111.29,si,2026-10-06,13016.13,7792952000179
Carrefour,1744344,Lija Doble A al agua 180,1582.68,si,2026-10-06,2260.97,47794004001156
Carrefour,1769990,Aspiradora Montana 1200w 20 Lts Para Agua Y Polvo (MON-162),131545.00,si,2026-10-06,183817.00,2611620110239
Carrefour,1754240,Armario Deposito Galpon de jardin Casi 2x2x2 Techo 1 agua Negro Don Acero,2441830.00,si,2026-10-06,3255773.00,0793969326419
Carrefour,1767597,Armario Deposito Galpon de jardin Casi 2x2x2 Techo 1 agua Blanco Don Acero,2441830.00,si,2026-10-06,3255773.00,0793969326365
Carrefour,1771383,Pipa De Agua Gadnic Narguile Dos Mangueras Hookah Shisha (Rojo),16999.00,si,2026-10-06,22099.00,7427255316640
Carrefour,1763641,Depósito de Agua 350ml Para Aspiradora Robot Gadnic Z900 - ROB00080,21999.00,si,2026-10-06,28599.00,7427251552882
Carrefour,1755530,Deposito de agua para Aspiradora Robot Gadnic Z970 Repuesto 350ml,26999.00,si,2026-10-06,35099.00,7427251179812
Carrefour,1754557,Smartwatch Reloj Deportivo Gadnic Android Resistente Al Agua,35549.00,si,2026-10-06,46214.00,7427255321552
Carrefour,1758496,Reloj De Cuarzo Marrón Gadnic Elegante Resistente Al Agua,50541.00,si,2026-10-06,65703.00,645760863443
Carrefour,1771103,Ventilador Con Rociador De Agua Recargable Usb (Fan-Coolspray-Usb),21599.00,si,2026-10-06,25599.00,0000000079713
Carrefour,1776193,Inflable Flotador Intex Moto De Agua 117x77 Cm 21570/9,38419.00,si,2026-10-06,45199.00,16941057457540
Carrefour,1776196,Porta Conservadora Inflable Intex P/Agua 21562/0,116539.00,si,2026-10-06,137105.00,16941057458219
Carrefour,1776326,Gazebo Foco 3 X 3 X 2.50 M Sin Paredes Resistente Al Agua 16658/2,132849.00,si,2026-10-06,156293.00,7791073001461
Carrefour,1776185,Conservadora Colchoneta Inflable Intex P/Agua 22688/4,62069.00,si,2026-10-06,73022.00,16941057402328
Carrefour,1773451,"Motobomba Centrifuga Lusqtoff LMB-30 Para Agua 6,5hp 3 Pulgadas Riego",330033.59,si,2026-10-06,383760.00,7798225222279
Carrefour,1743819,Konan Mini Lubricador Y Filtro Aire Trampa Agua P/compr.,8115.00,si,2026-10-06,9391.60,7798363390311
Carrefour,1746582,Mochila Impermeable Urbana Con Carga Usb Antirrobo Resistente Al Agua Dehuka B05 Negra,30161.00,si,2026-10-06,33511.00,759382496207
Carrefour,769336,Lanzador de agua Stitch 37x5 cm (Modelos Surtidos),8890.00,,2026-10-06,8890.00,7453077241754
Carrefour,708637,Mochila de agua unicornio modelo 1 29x21x6 cm,11500.00,,2026-10-06,11500.00,7450077124001
Carrefour,768608,Fuente de agua aura viva modelo B,60000.00,,2026-10-06,60000.00,7798180902117
Carrefour,769335,Lanzador de agua Gabbys Dollhaouse 30x5 cm,8890.00,,2026-10-06,8890.00,7453077217094
Carrefour,1746717,Albalux Balance esmalte sintetico al agua azul marino brillante 1 L,44151.86,,2026-10-06,44151.86,7796374010457
Carrefour,1744901,Lijas al agua Norton automotriz p320,2221.52,,2026-10-06,2221.52,7895316489297
Carrefour,1744447,Esmalte sintetico al agua Albalux Balance azul marino brillante 4 L,152246.41,,2026-10-06,152246.41,7796374010464
Carrefour,1749208,Fondo universal al agua de alta performance 4 L,129802.93,,2026-10-06,129802.93,7796374851715
Carrefour,1747110,Albalux Balance esmalte sintético al agua verde noche brillante 1/2 L,25881.52,,2026-10-06,25881.52,7796374010549
Carrefour,1747106,Albalux Balance esmalte sintético al agua amarillo brillante 1 L,55188.96,,2026-10-06,55188.96,7796374010426
Carrefour,1658046,"Kit De Distribución C/ Bomba De Agua Fiat Fiorino, Idea, Palio, Siena, Strada, Uno",88788.09,,2026-10-06,88788.09,
Carrefour,1746204,Impregnante Cetol maderas al agua brillante nogal 4 lts,176166.49,,2026-10-06,176166.49,7798043625429
Carrefour,1658022,"Kit De Distribución C/ Bomba De Agua Citroen C3 | Peugeot 106, 206, 208",106685.79,,2026-10-06,106685.79,
Carrefour,1658055,Kit De Distribución C/ Bomba De Agua Renault Clio,169246.59,,2026-10-06,169246.59,
Carrefour,1658054,"Kit De Distribución C/ Bomba De Agua Renault Clio Ii, Fluence, Kangoo, Laguna, Logan, Megane, Sandero, Scenic, Symbol, Twingo | Nissan Tida",185789.12,,2026-10-06,185789.12,
Carrefour,1746362,Impregnante maderas al agua satinado caoba 1 l,44464.27,,2026-10-06,44464.27,7798043625511
Carrefour,1660127,Kit De Distribución C/ Bomba De Agua Renault Megane,137323.97,,2026-10-06,137323.97,
Carrefour,1747755,Impregnante maderas al agua brillante cristal 4 l,176166.49,,2026-10-06,176166.49,7798043625320
Carrefour,1746363,Impregnante maderas al agua brillante cedro 1 l,51087.94,,2026-10-06,51087.94,7798043625351
Carrefour,1744357,Lija al agua Doble A de 80,79133.94,si,2026-10-06,113048.49,47794004001118
Carrefour,1744345,Lija Doble A al agua 60,1582.68,si,2026-10-06,2260.97,47794004001101
Carrefour,1748120,Lija al agua Doble A 2500,3906.81,si,2026-10-06,5581.15,7891792925182
Carrefour,1769985,Aspiradora Montana Agua Y Polvo 30lts 1400w (MON-163),174306.00,si,2026-10-06,243570.00,2611630110236
Carrefour,1760256,Repuesto Genuino Deposito de agua de Aspiradora Robot Liectroux M7S,15799.00,si,2026-10-06,20539.00,7427251553469
Carrefour,1758449,Reloj Deportivo Azul Gadnic Digital Analógico Resistente Al Agua,19999.00,si,2026-10-06,25999.00,7427250808850
Carrefour,1755510,Repuesto Original Depósito de Agua Gadnic Aspiradora Robot ROB00102 600ml,25999.00,si,2026-10-06,33799.00,7427252445640
Carrefour,1757284,Temporizador de Agua Digital Gadnic RG3030 Controlador de Riego,73549.00,si,2026-10-06,95614.00,7427251182089
Carrefour,1756715,Bidet Para Inodoro Gadnic CleanSeat 100 Agua Fria 2 Boquillas,75599.00,si,2026-10-06,98279.00,7427255319801
Carrefour,1757609,Bidet de Mano Gadnic Duchador Agua Caliente y Fria,97499.00,si,2026-10-06,126749.00,7798427510174
Carrefour,1767254,Aparato Enfriado de Agua Chiller Gadnic Crioterapia Baños Frios,1184849.00,si,2026-10-06,1540304.00,7799219110121
Carrefour,1775870,Colchoneta Para Agua Intex Con Toldo 199x150 Cm 23813/5,578619.00,si,2026-10-06,680728.00,10078257308825
Carrefour,1660906,"Motobomba Agua Naftera 1 Pulgada 1,95 Hp Succion 52cc Konan",227002.00,si,2026-10-06,262733.71,07798363393411
Carrefour,708700,Mochila de agua avengers 42x33x6 cm,12300.00,,2026-10-06,12300.00,7453077221749
Carrefour,708693,Mochila de agua spiderman 42x33x6 cm,12300.00,,2026-10-06,12300.00,7453077209006
Carrefour,784746,Copa Nadir agua ravena 500 ml,4900.00,,2026-10-06,4900.00,7891155668039
Carrefour,774843,Copa agua Cristar lexington 355 ml,4099.00,,2026-10-06,4099.00,813293020675
Carrefour,708645,Lanzador de agua Display Box emoji 27 x5 cm,3390.00,,2026-10-06,3390.00,7450077126210
Carrefour,1744563,Albalux Balance esmalte sintetico al agua gris hielo brillante 1/2 L,25881.52,,2026-10-06,25881.52,7796374010624
Carrefour,1744283,Fondo universal Alba al agua de alta performance 1/2 L,22067.25,,2026-10-06,22067.25,7796374087749
Carrefour,1765248,Parlante Portátil JBL Flip 6 BT a Prueba de Agua Rojo,265499.00,,2026-10-06,265499.00,7799991019155
Carrefour,1749198,Albalux Balance esmalte sintetico al agua gris hielo brillante 1 L,44151.86,,2026-10-06,44151.86,7796374010631
Carrefour,1747104,Albalux Balance esmalte sintético al agua amarillo brillante 1/2 L,32351.90,,2026-10-06,32351.90,7796374010419
Carrefour,1747082,Albalux Balance esmalte sintético al agua marrón brillante 1 L,37528.89,,2026-10-06,37528.89,7796374010570
Carrefour,1746459,Albalux Balance esmalte sintetico al agua traful brillante 1/2 L,25881.52,,2026-10-06,25881.52,7796374010471
Carrefour,1746456,Albalux Balance esmalte sintetico al agua verde noche brillante 1 L,44151.86,,2026-10-06,44151.86,7796374010556
Carrefour,1746451,Albalux Balance esmalte sintetico al agua bermellon brillante 1 L,55188.96,,2026-10-06,55188.96,7796374010396
Carrefour,1744906,Lijas Norton al agua automotriz p180,2221.52,,2026-10-06,2221.52,7895316491092
Carrefour,1746462,Albalux Balance esmalte sintetico al agua traful brillante 1 L,44151.86,,2026-10-06,44151.86,7796374010488
Carrefour,1760233,Parlante Sony SRS‑XB100 Portátil BT Resistente al Agua Negro,141999.00,,2026-10-06,141999.00,4548736151537
Carrefour,1747732,Albalux Balance esmalte sintético al agua verde ingles brillante 1/2 L,25881.52,,2026-10-06,25881.52,7796374010501
Carrefour,1746460,Albalux Balance esmalte sintetico al agua azul marino brillante 1/2 L,25881.52,,2026-10-06,25881.52,7796374010440
Carrefour,1747117,"Esmalte Alba para azulejos al agua blanco brillante 3,6 L",262705.45,,2026-10-06,262705.45,7796374088128
Carrefour,1747102,Albalux Balance esmalte sintético al agua blanco brillante 20 L,685109.74,,2026-10-06,685109.74,7796374002148
Carrefour,1658049,Kit De Distribución C/ Bomba De Agua Volkswagen Amarok,356951.98,,2026-10-06,356951.98,
Carrefour,1748023,Impregnante maderas al agua brillante cristal 1 l,57802.38,,2026-10-06,57802.38,7798043625313
Carrefour,1660376,"Kit De Distribución C/ Bomba De Agua Citroen Berlingo, Xsara | Peugeot 206, 307, Partner",273434.99,,2026-10-06,273434.99,
Carrefour,1658053,"Kit De Distribución C/ Bomba De Agua Audi A3, A4 |Volkswagen Vento, Golf Iv",399188.70,,2026-10-06,399188.70,
Carrefour,1746735,Impregnante Cetol maderas al agua satinado cristal 4 l,153324.64,,2026-10-06,153324.64,7798043625443
Carrefour,1748310,Impregnante Cetol para maderas al agua satinado cedro 4 l,135514.19,,2026-10-06,135514.19,7798043625481
Carrefour,1748026,Impregnante maderas al agua brillante natural 1 l,51087.94,,2026-10-06,51087.94,7798043625337
Carrefour,1748025,Impregnante maderas al agua satinado nogal 4 l,153324.64,,2026-10-06,153324.64,7798043625542
Carrefour,1660694,"Kit De Distribución C/ Bomba De Agua Fiat Brava, Bravo, Palio, Siena",148070.88,,2026-10-06,148070.88,
Carrefour,1658056,Kit De Distribución C/ Bomba De Agua Citroen C3 | Ford Fiesta,207745.83,,2026-10-06,207745.83,
Carrefour,1658050,"Kit De Distribución C/ Bomba De Agua Citroen Berlingo, Xsara | Peugeot Partner",139715.82,,2026-10-06,139715.82,
Carrefour,1658048,"Kit De Distribución C/ Bomba De Agua Citroen Berlingo, C5, Xsara | Peugeot 206, 306, 307, 406, Expert, Partner",168011.42,,2026-10-06,168011.42,
Carrefour,1658025,"Kit De Distribución C/ Bomba De Agua Renault Logan, Megane, Sandero",197369.79,,2026-10-06,197369.79,
Carrefour,1658003,"Kit De Distribución C/ Bomba De Agua Renault Clio, Logan, Sandero, Symbol, Twingo",147195.10,,2026-10-06,147195.10,
Carrefour,1657634,"Kit De Distribución C/ Bomba De Agua Citroen Berlingo, C3, C4, Xsara, Xsara picasso| Peugeot 206, 208, 301, 307, 308",189068.05,,2026-10-06,189068.05,
Carrefour,1747753,Impregnante maderas al agua satinado caoba 4 l,153324.64,,2026-10-06,153324.64,7798043625528
Carrefour,1658062,"Kit De Distribución C/ Bomba De Agua Citroen C4, C5 | Peugeot 206, 207, 308",221899.78,,2026-10-06,221899.78,
Carrefour,1658052,Kit De Distribución C/ Bomba De Agua Chevrolet Aveo,186862.28,,2026-10-06,186862.28,
Carrefour,1658047,"Kit De Distribución C/ Bomba De Agua Ford Escort, Mondeo",365229.96,,2026-10-06,365229.96,
Carrefour,1747754,Impregnante maderas al agua brillante natural 4 l,176166.49,,2026-10-06,176166.49,7798043625344
Carrefour,614506,Cerveza negra Quilmes Stout 473 ml,2692.00,,2026-10-06,2692.00,7792798001316
Carrefour,728911,Cerveza light Michelob Ultra 473 ml,3135.00,,2026-10-06,3135.00,7792798014019
Carrefour,632672,Cerveza rubia Andes Origen 473 ml,3418.00,,2026-10-06,3418.00,7792798999866
Carrefour,743093,Cerveza blanca sin alcohol Corona 0.0% 330 ml,3600.00,,2026-10-06,3600.00,7792798014873
Carrefour,665462,Cerveza blanca Quilmes sin alcohol 473 ml,2146.15,,2026-10-06,2146.15,7792798009107
Carrefour,686930,Cerveza blanca Stella Artois 473 ml,4163.00,,2026-10-06,4163.00,7792798010615
Carrefour,652327,Cerveza rubia Corona 330 ml,4700.00,,2026-10-06,4700.00,7792798003709
Carrefour,772400,Cerveza Lager República Artesanal en lata 473 ml,1360.00,,2026-10-06,1360.00,7791720048894
Carrefour,685361,Cerveza blanca Stella Artois 975 ml,7054.00,,2026-10-06,7054.00,7792798010561
Carrefour,772398,Cerveza Amber República Artesanal en lata 473 ml,1360.00,,2026-10-06,1360.00,7791720048863
Carrefour,767995,Cerveza blanca Quilmes Bajo cero en lata 473 ml,1200.00,si,2026-10-06,1673.00,7792798015290
Carrefour,772399,Cerveza Honey República Artesanal en lata 473 ml,1360.00,,2026-10-06,1360.00,7791720048887
Carrefour,575968,Cerveza rubia Budweiser 473 ml,2974.00,,2026-10-06,2974.00,7793147118822
Carrefour,652326,Cerveza rubia Corona 710 ml,7290.00,,2026-10-06,7290.00,7792798003716
Carrefour,745640,Cerveza blanca Quilmes 1890 retornable 1 lt,3895.00,,2026-10-06,3895.00,7792798013937
Carrefour,628820,Cerveza rubia Patagonia 24.7 Ipa Sauco 473 ml,5130.00,,2026-10-06,5130.00,7792798001972
Carrefour,649642,Cerveza Mecklenburger Pilsener 500 ml,1790.00,,2026-10-06,1790.00,4015042107866
Carrefour,724929,Cerveza blanca Stella Artois 0.0 473 ml,3400.00,,2026-10-06,3400.00,7792798013487
Carrefour,328962,Cerveza rubia Brahma 473 ml,2833.00,,2026-10-06,2833.00,7792798005888
Carrefour,649641,Cerveza rubia Mecklenburger Pilsener 330 ml,1290.00,,2026-10-06,1290.00,4015042111085
Carrefour,778733,Cerveza Pure Gold Stella Artois en lata 473 ml,4279.00,,2026-10-06,4279.00,7792798015474
Carrefour,636029,Cerveza roja Patagonia Amber Lager 473 ml,5130.00,,2026-10-06,5130.00,7792798001965
Carrefour,643191,Cerveza roja Patagonia Amber Lager 730 ml,7296.00,,2026-10-06,7296.00,7792798002351
Carrefour,758177,Cerveza blanca Brahma en lata 710 ml,4057.00,,2026-10-06,4057.00,7792798015061
Carrefour,297166,Cerveza rubia Brahma 354 ml,1919.00,,2026-10-06,1919.00,7792798005871
Carrefour,685627,Cerveza Vera Ipa Patagonia 730 ml,7296.00,,2026-10-06,7296.00,7792798010882
Carrefour,643880,Cerveza rubia Andes Origen Ipa 473 ml,3635.00,,2026-10-06,3635.00,7792798002726
Carrefour,720309,Cerveza blanca Quilmes Ipa 473 ml,2692.00,,2026-10-06,2692.00,7792798013388
Carrefour,582180,Cerveza rubia Heineken 473 ml,4030.00,,2026-10-06,4030.00,7793147009199
Carrefour,772473,Cerveza sin alcohol 0.0 Corona en lata 473 ml,3600.00,,2026-10-06,3600.00,7792798015344
Carrefour,505974,Cerveza negra Quilmes Stout 1 lt,4649.00,,2026-10-06,4649.00,7792798007400
Carrefour,640595,Cerveza Andes Ipa retornable 1 lt,6076.00,,2026-10-06,6076.00,7792798002757
Carrefour,726764,Cerveza blanca Stella Artois 710 ml,6173.00,,2026-10-06,6173.00,7792798013975
Carrefour,752720,Cerveza blanca Andes Origen Oro 473 ml,3418.00,,2026-10-06,3418.00,7792798014934
Carrefour,743765,Cerveza blanca Stella Artois 330 ml,4218.00,,2026-10-06,4218.00,7792798010578
Carrefour,750500,Cerveza rubia Apolo 1 lt,2090.00,,2026-10-06,2090.00,7791720040010
Carrefour,726956,Cerveza rubia Andes Origen 710 ml,4787.00,,2026-10-06,4787.00,7792798014156
Carrefour,761057,Cerveza sin alcohol Heineken en lata 473 ml,3375.00,,2026-10-06,3375.00,7793147574093
Carrefour,631090,Cerveza rubia Andes Origen 1 lt,5735.00,,2026-10-06,5735.00,7792798002115
Carrefour,777773,Cerveza Pure Gold Stella Artois en porrón 330 ml,4331.00,,2026-10-06,4331.00,7891991304870
Carrefour,550274,Cerveza rubia Budweiser 1 lt,5091.00,,2026-10-06,5091.00,7793147001056
Carrefour,687193,Cerveza Guinnes Extra Stout 473 ml,4300.00,,2026-10-06,4300.00,7798339251509
Carrefour,775396,Cerveza light Michelob Ultra porrón 275 ml,2989.00,,2026-10-06,2989.00,7840050009737
Carrefour,691087,Cerveza negra Stella Artois Noire 473 ml,4163.00,,2026-10-06,4163.00,7792798010639
Carrefour,668801,Cerveza Pampa Brewing Ipa 473 ml,3300.00,,2026-10-06,3300.00,7798339251127
Carrefour,505983,Cerveza rubia clásica Quilmes 1 lt,4649.00,,2026-10-06,4649.00,7792798007387
Carrefour,752719,Cerveza blanca Qulmes 710 ml,3832.00,,2026-10-06,3832.00,7792798014835
Carrefour,637240,Cerveza roja Andes 473 ml,3635.00,,2026-10-06,3635.00,7792798992317
Carrefour,783679,Cerveza ipa República Artesanal en lata 473 ml,1360.00,,2026-10-06,1360.00,7791720048870
Carrefour,6346,Cerveza rubia Quilmes 473 ml,2692.00,,2026-10-06,2692.00,7792798012923
Carrefour,723616,Cerveza blanca Budweiser 710 ml,4283.00,,2026-10-06,4283.00,7792798013357
Carrefour,506884,Cerveza rubia Brahma 1 lt,4870.00,,2026-10-06,4870.00,7792798007493
Carrefour,767831,Cerveza sin alcohol Imperial Golden 0% en lata 473 ml,2285.00,,2026-10-06,2285.00,7793147574130
Carrefour,731402,Cerveza blanca Amstel Lager pura malta 473 ml,2725.00,,2026-10-06,2725.00,7793147573546
Carrefour,176451,Cerveza rubia Schneider 473 ml,2615.00,,2026-10-06,2615.00,7793147118860
Carrefour,751585,Cerveza Patagonia Lager del Sur 730 ml,7296.00,,2026-10-06,7296.00,7792798015023
Carrefour,770740,Cerveza blanca Schneider Limón Remix en lata 473 ml,2725.00,,2026-10-06,2725.00,7793147574222
Carrefour,723116,Cerveza Quilmes Ipa retornable 1 lt,4649.00,,2026-10-06,4649.00,7792798013678
Carrefour,668797,Cerveza Pampa Brewing Amber Ale 473 ml,3000.00,,2026-10-06,3000.00,7798339251134
Carrefour,731862,Cerveza rubia Quilmes Bajo cero Retornable 1 lt,3895.00,,2026-10-06,3895.00,7792798013999
Carrefour,758057,Cerveza blanca liviana Isenbeck lata 473 ml,2125.00,,2026-10-06,2125.00,7793147573515
Carrefour,534635,Cerveza rubia Heineken retornable 1 lt,6865.00,,2026-10-06,6865.00,7793147000899
Carrefour,668799,Cerveza Pampa Golden Ale 473 ml,3000.00,,2026-10-06,3000.00,7798339251141
Carrefour,680718,Cerveza Pampa Brewing Honey 473 ml,3000.00,,2026-10-06,3000.00,7798339251370
Carrefour,582751,Cerveza rubia clásica Quilmes 340 ml,1696.00,,2026-10-06,1696.00,7792798011087
Carrefour,637241,Cerveza negra Andes 473 ml,3635.00,,2026-10-06,3635.00,7792798002320
Carrefour,655377,Cerveza rubia Imperial Golden 473 ml,3105.00,,2026-10-06,3105.00,7793147571689
Carrefour,729215,Cerveza blanca Miller Genuine Draft 473 ml,3485.00,,2026-10-06,3485.00,7793147573386
Carrefour,639588,Cerveza Imperial Ipa 473 ml,3295.00,,2026-10-06,3295.00,7793147570743
Carrefour,751581,Cerveza blanca Patagonia Lager del Sur 473 ml,5130.00,,2026-10-06,5130.00,7792798015009
Carrefour,652328,Cerveza rubia Heineken 710 ml,5995.00,,2026-10-06,5995.00,7793147571283
Carrefour,593979,Cerveza rubia Brahma 340 ml,1808.00,,2026-10-06,1808.00,7792798000395
Carrefour,771724,Cerveza rubio oro Andes Origen botella retornable 1 lt,5735.00,,2026-10-06,5735.00,7792798014972
Carrefour,702435,Cerveza roja Imperial 473 ml,3295.00,,2026-10-06,3295.00,7793147572723
Carrefour,575972,Cerveza rubia Imperial 473 ml,3105.00,,2026-10-06,3105.00,7793147000752
Carrefour,778697,Cerveza Lager Estrella Galicia en lata 473 ml,3800.00,,2026-10-06,3800.00,7898953990157
Carrefour,645392,Cerveza rubia Warsteiner 473 ml,3485.00,,2026-10-06,3485.00,7793147570927
Carrefour,779013,Cerveza sin alcohol 0.0% Estrella Galicia en lata 330 ml,3400.00,,2026-10-06,3400.00,8412598007767
Carrefour,646250,Cerveza rubia Rabieta Ipa 473 ml,4300.00,,2026-10-06,4300.00,7798339250137
Carrefour,281371,Cerveza rubia Heineken 330 ml,4195.00,,2026-10-06,4195.00,7793147009137
Carrefour,650275,Cerveza rubia Imperial Apa 473 ml,3295.00,,2026-10-06,3295.00,7793147571160
Carrefour,778762,Cerveza Lager Pampa Brewing en lata 473 ml,3000.00,,2026-10-06,3000.00,7798339253466
Carrefour,645387,Cerveza blanca Golsch 473 ml,3925.00,,2026-10-06,3925.00,7793147570866
Carrefour,696992,Cerveza rubia Imperial Golden 710 ml,4470.00,,2026-10-06,4470.00,7793147572624
Carrefour,540154,Cerveza negra Imperial Cream Stout 1 lt,5670.00,,2026-10-06,5670.00,7793147000998
Carrefour,646258,Cerveza roja Rabieta Honey 473 ml,3900.00,,2026-10-06,3900.00,7798339250182
Carrefour,646254,Cerveza roja Rabieta Irish Ale 473 ml,3900.00,,2026-10-06,3900.00,7798339250151
Carrefour,725432,Cerveza blanca Amstel Lager 710 ml,3925.00,,2026-10-06,3925.00,7793147572853
Carrefour,779014,Cerveza sin gluten Estrella Galicia en lata 330 ml,3400.00,,2026-10-06,3400.00,8412598008801
Carrefour,662420,Cerveza rubia miller 710 ml,5175.00,,2026-10-06,5175.00,7793147571382
Carrefour,785442,Cerveza blanca Schneider Pomelo Remix lata 473 ml,2725.00,,2026-10-06,2725.00,7793147574352
Carrefour,672343,Cerveza Rabieta Helles Munich 473 ml,3900.00,,2026-10-06,3900.00,7798339250212
Carrefour,658252,Cerveza rubia Antares Caravana Ipa 473 ml,4509.00,,2026-10-06,4509.00,7798091030268
Carrefour,637211,Cerveza rubia Schneider 710 ml,3815.00,,2026-10-06,3815.00,7793147570606
Carrefour,777445,Cerveza artesanal Ipa Antares XPA 473 ml,4515.00,,2026-10-06,4515.00,7798091030602
Carrefour,741634,Cerveza rubia lager Imperial en botella retornable 1 lt.,5230.00,,2026-10-06,5230.00,7793147573737
Carrefour,684386,Cerveza artesanal Antares Scotch 473 ml,4509.00,,2026-10-06,4509.00,7798091030343
Carrefour,713428,Cerveza blanca Antares Playa Grande 473 ml,4509.00,,2026-10-06,4509.00,7798091030350
Carrefour,540477,Cerveza rubia Schneider 1 lt,4580.00,,2026-10-06,4580.00,7793147001025
Carrefour,684384,Cerveza artesanal Antares Honey 473 ml,4509.00,,2026-10-06,4509.00,7798091030299
Carrefour,769315,Cerveza lager Salta Cautiva Fresh en lata 473 ml,3105.00,,2026-10-06,3105.00,7793147574185
Carrefour,759763,Cerveza blanca Imperia Golden porrón 330 ml,3485.00,,2026-10-06,3485.00,7793147574109
Carrefour,645394,Cerveza rubia Warsteiner retornable 1 lt,6320.00,,2026-10-06,6320.00,7793147570989
Carrefour,690157,Cerveza blanca Stella Artois 710 ml,6328.00,,2026-10-06,6328.00,7792798010721
Carrefour,620379,Cerveza rubia Miller 1 lt,6320.00,,2026-10-06,6320.00,7793147570088
Carrefour,682996,Cerveza blanca Salta Cautiva 473 ml,3105.00,,2026-10-06,3105.00,7793147572327
Carrefour,736408,Cerveza blanca Miller edición limitada 330 ml,3815.00,,2026-10-06,3815.00,7793147573492
Carrefour,684385,Cerveza artesanal Antares Kolsch 473 ml,4509.00,,2026-10-06,4509.00,7798091030329
Carrefour,709079,Cerveza Grolsch Ipa 473 ml,4140.00,,2026-10-06,4140.00,7793147572846
Carrefour,786210,Cerveza Brahma Pomelo lata 473 ml,2833.00,,2026-10-06,2833.00,7792798015146
Carrefour,786209,Cerveza Brahma Limón lata 473 ml,2833.00,,2026-10-06,2833.00,7792798015122
Carrefour,459100,Cerveza blanca Cusqueña 330 ml,4200.00,,2026-10-06,4200.00,7753749275767
Carrefour,786207,Cerveza rubia 1890 Quilmes lata 710 ml,3600.00,,2026-10-06,3600.00,7792798015511
Carrefour,682994,Cerveza blanca Salta Cautiva retornable 1 lt,5400.00,,2026-10-06,5400.00,7793147572334
Carrefour,665186,Cerveza negra Weidmann Pilsener 500 ml,6900.00,,2026-10-06,6900.00,8725000183646
Carrefour,500502,Cerveza rubia Oranjeboom original en lata 500 ml,6379.00,,2026-10-06,6379.00,8725000174958
Carrefour,786211,Cerveza Flying Fish Limón lata 473 ml,3188.00,,2026-10-06,3188.00,7792798015580
Carrefour,786213,Cerveza Flying Fish Limón porrón 340 ml,3188.00,,2026-10-06,3188.00,7792798015597
Carrefour,665187,Cerveza rubia Monastere Blond 500 ml,8119.00,,2026-10-06,8119.00,8718104917767
Carrefour,746846,Vaso Rigolleau cerveza media pinta 320 ml,2900.00,,2026-10-06,2900.00,7791822688295
Carrefour,638854,Copa cerveza Nadir Dublin 400 cc,4669.00,,2026-10-06,4669.00,7891155042600
Carrefour,359926,Copa balón noruega cerveza granel 420 cc,3500.00,,2026-10-06,3500.00,7791822688714
Carrefour,656539,Vaso cerveza bruselas 560 cc,3500.00,,2026-10-06,3500.00,7791822688219
Carrefour,390644,Vaso cerveza amsterdam 325 cc,2500.00,,2026-10-06,2500.00,7791822688721
Carrefour,767224,Vaso cerveza Nadir Taberna 340 ml,7990.00,,2026-10-06,7990.00,7891155033899
Carrefour,784741,Vaso cerveza Nadir Stout 285 ml,3900.00,,2026-10-06,3900.00,7891155046936
Carrefour,1769275,Set 6 Copas Cerveza Nadir Windsor 330ml Vidrio,64434.30,si,2026-10-06,92049.00,7891155008224
Carrefour,767225,Vaso cerveza Nadir Bristol 340 ml,6900.00,,2026-10-06,6900.00,7891155008675
Carrefour,784742,Copa cerveza Nadir florida 300 ml,3400.00,,2026-10-06,3400.00,7891155003908
Carrefour,784744,Vaso cerveza Nadir munich 530 ml,4900.00,,2026-10-06,4900.00,7891155013150
Carrefour,784743,Vaso Nadir joinville cerveza 300 ml,4200.00,,2026-10-06,4200.00,7891155034490
Carrefour,1758216,Kit de Vino Gadnic Sacacorchos Eléctrico Decantador Bomba de Vacío,53374.00,si,2026-10-06,69386.00,7427251960076
Carrefour,1760301,Kit de 5 Piezas Abridor de Vino Gadnic Sacacorchos Tapa Dosificador,15799.00,si,2026-10-06,20539.00,7427255318811
Carrefour,1758215,Set para Vino Gadnic V8094 Sacacorchos Automático Vertedor Cortador,22149.00,si,2026-10-06,28793.99,7427251552875
Carrefour,1758255,Aireador Oxigenador Gadnic Decantador Para Vino Botella,7999.00,si,2026-10-06,10399.00,656272446451
Carrefour,1758278,Kit de Regalo Sacacorcho Gadnic Para Vino,43299.00,si,2026-10-06,56289.00,650414007647
Carrefour,1758543,Decanter Aireador Oxigenador Vinos Gadnic Decantador Profesional,25699.00,si,2026-10-06,33409.00,0650414661894
Carrefour,1758244,Aireador De Vinos Gadnic G-Wine Oxigenador,7999.00,si,2026-10-06,10399.00,0650414058083
Carrefour,1758269,Bomba de Vacío y Tapón para Vino Gadnic,7099.00,si,2026-10-06,9229.00,7427252442700
Carrefour,1758242,Aireador Oxigenador De Vino Gadnic Descanter Eléctrico,31099.00,si,2026-10-06,40429.00,7427250808874
Carrefour,1764149,Sacacorchos Automático Gadnic V-10,44999.00,si,2026-10-06,58499.00,645760583563
Carrefour,743983,Vino tinto Malbec La Fusta 750 ml,3395.00,,2026-10-06,3395.00,7790984003557
Carrefour,241967,Vino tinto Malbec Finca Las Moras 750 ml,5239.00,,2026-10-06,5239.00,7790240128598
Carrefour,571021,"Vino tinto Borgona Viñas de Balbo 1,125 lts",3699.00,,2026-10-06,3699.00,7791843008294
Carrefour,743997,Vino blanco dulce tardío La Fusta 750 ml,3395.00,,2026-10-06,3395.00,7790984003588
Carrefour,411436,Vino tinto Malbec Alma Mora 750 ml,7729.00,,2026-10-06,7729.00,7790240042108
Carrefour,721778,Vino tinto Malbec Benjamín 750 ml,6299.00,,2026-10-06,6299.00,7790070760579
Carrefour,718554,Vino tinto Malbec Portillo 750 ml,6990.00,,2026-10-06,6990.00,7798074864675
Carrefour,356130,Vino tinto Malbec Elementos 750 ml,6958.47,,2026-10-06,6958.47,7790189021028
Carrefour,740442,Vino blanco dulce Estancia Mendoza chenin chardonnay 750 cc.,4099.00,,2026-10-06,4099.00,7790314080203
Carrefour,530221,Vino tinto Malbec Red Blend Nicasia 750 ml,13275.00,,2026-10-06,13275.00,7794450000149
Carrefour,385832,Vino tinto Malbec Fond de Cave 750 ml,10905.00,,2026-10-06,10905.00,7790240041460
Carrefour,730738,Vino tinto Malbec Cordero con piel de Lobo 750 ml,6600.00,,2026-10-06,6600.00,7798353194653
Carrefour,725349,Vino blanco dulce natural Emilia 750 ml,8999.00,,2026-10-06,8999.00,7790070760777
Carrefour,690112,Vino tinto Termidor 2021 1 lt,2250.00,,2026-10-06,2250.00,7791540053351
Carrefour,740445,Vino tinto malbec Estancia Mendoza en botella 750 cc.,4099.00,,2026-10-06,4099.00,7790314080159
Carrefour,743990,Vino tinto Cabernet Sauvignon La Fusta 750 ml,3395.00,,2026-10-06,3395.00,7790984003564
Carrefour,576025,"Vino tinto Malbec Nampe 1,125 lts",5019.00,,2026-10-06,5019.00,7791843009116
Carrefour,571018,"Vino blanco Chabis Viñas de Balbo 1,125 lts",3699.00,,2026-10-06,3699.00,7791843008317
Carrefour,740438,Vino blanco dulce blend Canciller V en botella 750 cc.,3409.00,,2026-10-06,3409.00,7790314080111
Carrefour,690113,Vino blanco Termidor 2021 1 l.,2259.00,,2026-10-06,2259.00,7791540053368
Carrefour,309136,Vino tinto Malbec Saint Felicien 750 ml,16945.00,,2026-10-06,16945.00,7794450088581
Carrefour,530228,Vino tinto Cabernet Franc Nicasia 750 ml,13275.00,,2026-10-06,13275.00,7794450000156
Carrefour,740439,Vino tinto blend III Canciller en botella 1125 cc.,4169.00,,2026-10-06,4169.00,7790314080142
Carrefour,760958,Vino blanco dulce Blend Canciller en botella 1.125 ml,4169.00,,2026-10-06,4169.00,7790314080463
Carrefour,586188,Vino blanco dulce Finca las Moras 750 ml,5239.00,,2026-10-06,5239.00,7791540047909
Carrefour,176194,Vino tinto Malbec Fond de Cave reserva 750 ml,14245.00,,2026-10-06,14245.00,7790240128673
Carrefour,729941,Vino blanco dulce natural Dilema 750 ml,5299.00,,2026-10-06,5299.00,7790314079726
Carrefour,720310,Vino tinto Malbec Nieto Senetiner 750 ml,11399.00,,2026-10-06,11399.00,7790070760821
Carrefour,703543,Vino blanco dulce Zumuva tetra 1 lt,2149.00,,2026-10-06,2149.00,7790314004384
Carrefour,535468,Vino tinto Malbec Los Árboles 750 ml,6299.00,,2026-10-06,6299.00,7791250000935
Carrefour,481534,Vino tinto Malbec Selección Álamos 750 ml,10939.00,,2026-10-06,10939.00,7794450000781
Carrefour,721783,Vino blanco Dulce natural Benjamín 750 ml,6699.00,,2026-10-06,6699.00,7790070760623
Carrefour,722940,Vino tinto Clásico Viñas de Alvear 1.125 lts,3899.00,,2026-10-06,3899.00,7791670027482
Carrefour,721784,Vino blanco Chardonnay Benjamín 750 ml,6699.00,,2026-10-06,6699.00,7790070760555
Carrefour,298245,Vino tinto Malbec Don David 750 ml,11229.00,,2026-10-06,11229.00,7790189001129
Carrefour,715301,Vino tinto Malbec Conejo Verde en botella 750 ml,5959.00,,2026-10-06,5959.00,7791843020746
Carrefour,586179,Vino tinto Malbec Dadá 750 ml,7739.00,,2026-10-06,7739.00,7791540047862
Carrefour,617393,Vino tinto Chocolate Dadá 750 ml,7739.00,,2026-10-06,7739.00,7791540049590
Carrefour,730274,Vino tinto Dulce Santa Julia 750 ml,8745.00,,2026-10-06,8745.00,7791728248265
Carrefour,723749,Vino tinto Malbec Salentein 750 ml,15700.00,,2026-10-06,15700.00,7798074865313
Carrefour,767848,Vino tinto Malbec El Cazador en botella 750 ml,6415.00,,2026-10-06,6415.00,7790762754107
Carrefour,718640,Vino tinto Malbec Frutos Rojos Prófugo 750 ml,5499.00,,2026-10-06,5499.00,7798162670713
Carrefour,367503,Vino tinto Cabernet Malbec D.V.Catena 750 ml,23000.00,,2026-10-06,23000.00,7794450090492
Carrefour,576030,Vino tinto Malbec Los Haroldos Estate 750 ml,5999.00,,2026-10-06,5999.00,7791843009130
Carrefour,383622,Vino tinto Malbec Los Horoldos Reserva 750 ml,8079.00,,2026-10-06,8079.00,7791843005002
Carrefour,719782,Vino tinto Syrah Malbec Callia 750 ml,6000.00,,2026-10-06,6000.00,7798108834117
Carrefour,748281,Vino tinto Cabernet Sauvignon Cordero con piel de Lobo 750 ml,6600.00,,2026-10-06,6600.00,7798353194660
Carrefour,718211,Vino rosado Cosecha Tardía 750 ml,6950.00,,2026-10-06,6950.00,7792319972248
Carrefour,687368,Vino tinto Malbec Fabre Montmayou 750 ml,17499.00,,2026-10-06,17499.00,7798000213515
Carrefour,723741,Vino tinto Malbec Killka 750 ml,10100.00,,2026-10-06,10100.00,7798074865191
Carrefour,56434,Vino blanco Sauvignon Blanc Alaris 750 ml,5779.00,,2026-10-06,5779.00,7790240017069
Carrefour,729939,Vino tinto Velvet Dulce Dilema 750 ml,5299.00,,2026-10-06,5299.00,7790314079719
Carrefour,241966,Vino tinto Cabernet Sauvignon Finca Las Moras 750 ml,5239.00,,2026-10-06,5239.00,7790240128574
Carrefour,56422,Vino tinto Cabernet Sauvignon Fond de Cave 750 ml,10905.00,,2026-10-06,10905.00,7790240002010
Carrefour,723737,Vino tinto Syrah Malbec Callia Esperado 750 ml,6800.00,,2026-10-06,6800.00,7798108834377
Carrefour,716856,Vino tinto Malbec Aime 750 ml,6199.00,,2026-10-06,6199.00,7790070760500
Carrefour,704720,Vino tinto Malbec La Linda en botella 750 ml,10849.00,,2026-10-06,10849.00,7791203003341
Carrefour,538607,Vino tinto Malbec San Telmo 750 ml,4869.00,,2026-10-06,4869.00,7791250000997
Carrefour,670536,Vino tinto Malbec Cafayate 750 ml,5879.00,,2026-10-06,5879.00,7790093521782
Carrefour,672139,Vino tinto Malbec Reserva Álamos 750 ml,12929.00,,2026-10-06,12929.00,7794450091338
Carrefour,286446,Vino blanco Cosecha Tardía 500 ml,8259.00,,2026-10-06,8259.00,7791728001686
Carrefour,579166,Vino tinto Malbec Navarro Correas colección privada 750 ml,10680.00,,2026-10-06,10680.00,7791250001673
Carrefour,740436,Vino tinto blend III Canciller en botella 750 cc.,3350.00,,2026-10-06,3350.00,7790314079924
Carrefour,719776,Vino blanco Chardonnay Callia 750 ml,6000.00,,2026-10-06,6000.00,7798108834018
Carrefour,411429,Vino tinto Cabernet Sauvignon Alma Mora 750 ml,7729.00,,2026-10-06,7729.00,7790240042085
Carrefour,696812,Vino tinto Malbec Las Perdices 750 ml,11739.00,,2026-10-06,11739.00,7798123970098
Carrefour,779221,Vino tinto sin alcohol Nieto Senetiner Pinot Noir 750 ml,14689.00,,2026-10-06,14689.00,7790070106919
Carrefour,719774,Vino tinto Malbec Callia 750 ml,6000.00,,2026-10-06,6000.00,7798108833950
Carrefour,718556,Vino tinto Cabernet Sauvignon Portillo 750ml,6990.00,,2026-10-06,6990.00,7798074864798
Carrefour,576019,Vino tinto Malbec Nampe 750 ml,4629.00,,2026-10-06,4629.00,7791843008911
Carrefour,672144,Vino tinto Malbec El Enemigo 750 ml,31499.00,,2026-10-06,31499.00,7794450000972
Carrefour,722943,Vino tinto Tempranillo Benjamín Nieto Senetiner 750 ml,6700.00,,2026-10-06,6700.00,7790070760593
Carrefour,585531,Vino tinto Vin Up 1 lt,1700.00,,2026-10-06,1700.00,7790154000829
Carrefour,576026,"Vino tinto Cabernet Sauvignon Nampe 1,125 lts",5019.00,,2026-10-06,5019.00,7791843009093
Carrefour,720506,Vino tinto Malbec Don Valentín 750 ml,4919.00,,2026-10-06,4919.00,7790703205064
Carrefour,718557,Vino rosado Malbec Portillo 750 ml,6990.00,,2026-10-06,6990.00,7798074864811
Carrefour,535929,Vino tinto Cabernet Sauvignon Los Árboles 750 ml,6299.00,,2026-10-06,6299.00,7791250000942
Carrefour,725348,Vino blanco Sauvignon blanc Benjamín 750 ml,6700.00,,2026-10-06,6700.00,7790070760661
Carrefour,718567,Vino tinto Dulce Callia Tadío 750 ml,5900.00,,2026-10-06,5900.00,7798108834193
Carrefour,729943,Vino rosado dulce Dilema Sweet Rose en botella 750 ml,5299.00,,2026-10-06,5299.00,7790314079733
Carrefour,723491,Vino tinto Malbec Santa Julia 750 ml,6639.00,,2026-10-06,6639.00,7791728247114
Carrefour,760841,Vino tinto Malbec Cuatro Monos Locos en botella 750 ml,5999.00,,2026-10-06,5999.00,7798162671314
Carrefour,756363,Vino tinto Malbec Los Intocables Double Oak 750 ml,12765.00,,2026-10-06,12765.00,7791540999789
Carrefour,709992,Vino tinto Red Blend Los Árboles 750 ml,6309.00,,2026-10-06,6309.00,7791250003257
Carrefour,718209,Vino tinto Cosecha Tardía 750 ml,6800.00,,2026-10-06,6800.00,7792319972231
Carrefour,623471,Vino tinto Cabernet Sauvignon Alma Mora 750 ml,10100.00,,2026-10-06,10100.00,7791540048500
Carrefour,715302,Vino blanco Blanc de Blancs Conejo Verde 750 ml,5965.00,,2026-10-06,5965.00,7791843020753
Carrefour,746253,Vino tinto Malbec Oveja Black 750 ml,5499.00,,2026-10-06,5499.00,7798162671673
Carrefour,539375,Vino tinto Malbec Bonarda Dadá N°1 750 ml,7739.00,,2026-10-06,7739.00,7791540044502
Carrefour,718565,Vino blanco dulce Callia 750 ml,5900.00,,2026-10-06,5900.00,7798108834155
Carrefour,534629,Vino blanco Zumuva común 1 lt,2149.00,,2026-10-06,2149.00,7790314004353
Carrefour,672142,Vino tinto Cabernet Franc El Enemigo 750 ml,34500.00,,2026-10-06,34500.00,7794450003645
Carrefour,327490,Vino tinto Malbec Suter 750 ml,4729.00,,2026-10-06,4729.00,7790704167637
Carrefour,763967,Vino tinto sin alcohol San Humberto 750 ml,4595.00,,2026-10-06,4595.00,7790945008317
Carrefour,718641,Vino tinto Cabernet Sauvignon Prófugo 750 ml,5499.00,,2026-10-06,5499.00,7798162670706
Carrefour,351684,Vino tinto Malbec Novecento 750 ml,5350.00,,2026-10-06,5350.00,7790717152002
Carrefour,640983,Vino tinto Resero tetra 1 lt,2439.00,,2026-10-06,2439.00,7790314057014
Carrefour,744463,Vino tinto Red Blend Elementos 750 ml,6959.00,,2026-10-06,6959.00,7790189743456
Carrefour,715371,Vino tinto Pinot Noir Dv Catena 750 ml,26400.00,,2026-10-06,26400.00,7794450001696
Carrefour,760546,Vino tinto Grand Blend Nicasia en botella 750 ml,19109.00,,2026-10-06,19109.00,7794450948694
Carrefour,725071,Vino tinto Cabernet Franc Sexy Fish 750 ml,6060.00,,2026-10-06,6060.00,7792319972750
Carrefour,734104,Vino tinto clásico Toro en botella 1 lt,3549.00,,2026-10-06,3549.00,7790314079849
Carrefour,383620,Vino tinto Cabernet Sauvignon Los Haroldos Reserva 750 ml,8079.00,,2026-10-06,8079.00,7791843004982
Carrefour,722939,"Vino blanco clásico Viñas de Alvear 1,125 lts",3709.00,,2026-10-06,3709.00,7791670027505
Carrefour,723739,Vino tinto Cabernet Killka 750 ml,10100.00,,2026-10-06,10100.00,7798074865139
Carrefour,542426,Vino blanco Torrentés dulce Elementos 750 ml,6950.00,,2026-10-06,6950.00,7798136300387
Carrefour,775509,Vino tinto Gran Vinas de Balbo en botella 1125 ml,4370.00,,2026-10-06,4370.00,7791843028001
Carrefour,761107,Vino tinto clásico Galan en botella 1.125 lts,3645.00,,2026-10-06,3645.00,7794400009185
Carrefour,740443,Vino tinto merlot malbec Estancia Mendoza en botella 750 cc.,4099.00,,2026-10-06,4099.00,7790314080197
Carrefour,611891,Vino tinto Malbec La Celia Reserva 750 ml,10199.00,,2026-10-06,10199.00,7798141877058
Carrefour,356129,Vino tinto Cabernet Sauvignon Elementos 750 ml,6959.00,,2026-10-06,6959.00,7790189021011
Carrefour,709481,Vino blanco Toro 750 ml,2899.00,,2026-10-06,2899.00,7790314003233
Carrefour,781108,Vino tinto de verano Dadá en lata 355 ml,3100.00,,2026-10-06,3100.00,7791540000690
Carrefour,729931,Vino tinto Malbec Dilema 750 ml,5299.00,,2026-10-06,5299.00,7790314079672
Carrefour,723734,Vino tinto Cabernet Callia Esperado 750 ml,6800.00,,2026-10-06,6800.00,7798108834292
Carrefour,151277,Vino tinto Cabernet Malbec Rutini 750 ml,19699.00,,2026-10-06,19699.00,7790577001663
Carrefour,503370,Vino fino de sangre Luigi Bosca 750 ml,24099.00,,2026-10-06,24099.00,7791203000104
Carrefour,672009,Vino tinto dulce Toro brick 1 lt,2729.00,,2026-10-06,2729.00,7790314054099
Carrefour,640978,"Vino tinto Toro Viejo 1,125 lts",3989.00,,2026-10-06,3989.00,7790314005305
Carrefour,594617,Vino tinto Blend Los Haroldos Estate 750 ml,5999.00,,2026-10-06,5999.00,7791843010587
Carrefour,566932,Vino blanco Resero brick 1 lt,2150.00,,2026-10-06,2150.00,7790314057021
Carrefour,538608,Vino tinto Cabernet Sauvignon San Telmo 750 ml,4869.00,,2026-10-06,4869.00,7791250001017
Carrefour,768784,Vino blanco sauvignon blanc Finca Natalina auténtico 750 ml,4929.00,,2026-10-06,4929.00,7797942007077
Carrefour,744462,Vino tinto Red Blend Finca Las Moras 750 ml,5240.00,,2026-10-06,5240.00,7791540999031
Carrefour,744465,Vino tinto Red Blend Reserva Trapiche 750 ml,12000.00,,2026-10-06,12000.00,7790240940916
Carrefour,709984,Vino tinto Malbec Trapiche Origen 750 ml,8139.00,,2026-10-06,8139.00,7790240098969
Carrefour,740172,Vino blanco dulce fresco Colón Select en botella 750 cc.,6750.00,,2026-10-06,6750.00,7790168904502
Carrefour,575491,Vino rosado dulce Alaris 750 ml,5319.00,,2026-10-06,5319.00,7790240095289
Carrefour,731663,Vino tinto Pico de Oro brick 1 lt,2390.00,,2026-10-06,2390.00,7790984005162
Carrefour,718559,Vino tinto Tempranillo Portillo 750 ml,6990.00,,2026-10-06,6990.00,7798074864859
Carrefour,763966,Vino blanco sin alcohol San Humberto 750 ml,4595.00,,2026-10-06,4595.00,7790945008324
Carrefour,552031,Vino tinto Malbec Zuccardi Serie A 750 ml,16930.00,,2026-10-06,16930.00,7791728021301
Carrefour,720339,Vino tinto Malbec Marques del Sur 750 ml,3929.00,,2026-10-06,3929.00,7790984004516
Carrefour,687372,Vino tinto Merlot Fabre Montmayou 750 ml,17500.00,,2026-10-06,17500.00,7798000213546
Carrefour,740432,Vino tinto malbec Pato Criollo en botella 750 cc.,3679.00,,2026-10-06,3679.00,7790314079108
Carrefour,356132,Vino tinto Syrah Elementos 750 ml,6950.00,,2026-10-06,6950.00,7790189021035
Carrefour,721782,Vino tinto Cabernet Sauvignon Nieto Senetiner 750 ml,11399.00,,2026-10-06,11399.00,7790070760814
Carrefour,241835,Vino tinto Cabernet Sauvignon Trumpeter 750 ml,10949.00,,2026-10-06,10949.00,7790577002141
Carrefour,672146,Vino tinto Cabernet Franc Saint Felicien 750 ml,16945.00,,2026-10-06,16945.00,7794450002679
Carrefour,720328,Vino blanco Viñas y Parrales tetra 1 lt,2419.00,,2026-10-06,2419.00,7790984004752
Carrefour,385831,Vino tinto Cabernet Sauvignon Fond de Cave Reserva 750 ml,14245.00,,2026-10-06,14245.00,7790240041446
Carrefour,534622,Vino tinto Zumuva brick 1 lt,2489.00,,2026-10-06,2489.00,7790314004346
Carrefour,399833,Vino tinto cabernet sauvignon Familia Gascón 750 cc.,7550.00,,2026-10-06,7550.00,7790415127814
Carrefour,481535,Vino blanco Chardonnay Alamos selección de viñedos 750 ml,10939.00,,2026-10-06,10939.00,7794450000804
Carrefour,775536,Vino tinto Malbec Esploratore DV Catena 750 ml,32410.00,,2026-10-06,32410.00,7794450947741
Carrefour,763968,Vino rosado sin alcohol San Humberto 750 ml,4595.00,,2026-10-06,4595.00,7790945008331
Carrefour,779220,Vino rose sin alcohol Nieto Senetiner 750 ml,11900.00,,2026-10-06,11900.00,7790070106292
Carrefour,128063,Vino tinto Cabernet Sauvignon Alaris 750 ml,5769.00,,2026-10-06,5769.00,7790240107500
Carrefour,623472,Vino tinto Blend Alma Mora Reserva 750 ml,10100.00,,2026-10-06,10100.00,7791540049767
Carrefour,539370,Vino tinto Cabernet Sauvignon Trapiche reserva 750 ml,12119.00,,2026-10-06,12119.00,7790240094466
Carrefour,367499,Vino tinto Malbc D.V. Catena 750 ml,31550.00,,2026-10-06,31550.00,7794450090096
Carrefour,553139,Vino Tinto Malbec Salentein Numina 750 ml,22939.00,,2026-10-06,22939.00,7798074869311
Carrefour,536266,Vino tinto Merlot Dadá 750 ml,7739.00,,2026-10-06,7739.00,7791540044519
Carrefour,747485,Vino tinto clásico Resero 700 ml,2539.00,,2026-10-06,2539.00,7790314079122
Carrefour,615123,Vino tinto Cabernet Sauvignon Los Intocables Black 750 ml,12765.00,,2026-10-06,12765.00,7791540049354
Carrefour,536267,Vino tinto Syrah Cabernet Dadá 750 ml,7739.00,,2026-10-06,7739.00,7791540044526
Carrefour,184241,Vino tinto Malbec Luigi Bosca 750 ml,32750.00,,2026-10-06,32750.00,7791203000142
Carrefour,720311,Vino tinto Malbec Nieto Senetiner 750 ml,14799.00,,2026-10-06,14799.00,7790070760876
Carrefour,746254,Vino tinto Cabernet Sauvignon Oveja Black 750 ml,5499.00,,2026-10-06,5499.00,7798162671789
Carrefour,748279,Vino rosado Cordero con Piel de Lobo 750 ml,6999.00,,2026-10-06,6999.00,7798353194677
Carrefour,730293,Vino tinto Cabernet Franc Santa Julia 750 ml,6639.00,,2026-10-06,6639.00,7791728247787
Carrefour,552029,Vino tinto Malbec Alambrado 750 ml,10739.00,,2026-10-06,10739.00,7791728002690
Carrefour,572198,Vino tinto Malbec Don David Reserva 750 ml,15029.00,,2026-10-06,15029.00,7790189042023
Carrefour,722045,Vino tinto Malbec Septima Emblema 750 ml,9930.00,,2026-10-06,9930.00,7798078238113
Carrefour,606053,Vino tosado Torrontés Elementos 750 ml,6950.00,,2026-10-06,6950.00,7790189042597
Carrefour,720312,Vino tinto Malbec Don Nicanor 750 ml,19999.00,,2026-10-06,19999.00,7790070760920
Carrefour,481546,Vino tinto Cabernet Sauvignon Álamos Selección de Viñedos 750 ml,10939.00,,2026-10-06,10939.00,7794450000798
Carrefour,530230,Vino blanco Blend de blanc Nicasia 750 ml,13275.00,,2026-10-06,13275.00,7794450000163
Carrefour,725072,Vino blanco Blanc de Blancs Sexy Fish 750 ml,6060.00,,2026-10-06,6060.00,7792319972743
Carrefour,696656,Vino tinto Malbec Casillero del Diablo 750 ml,9500.00,,2026-10-06,9500.00,7798039599390
Carrefour,555178,Vino tinto Blend Alma Mora 750 ml,7729.00,,2026-10-06,7729.00,7791540045721
Carrefour,761794,Vino tinto Cabernet Franc Trumpeter en botella 750 ml,10950.00,,2026-10-06,10950.00,7790577044837
Carrefour,696811,Vino blanco Chardonnay Viognier Las Perdices partridge 750 ml,8045.00,,2026-10-06,8045.00,7798123971552
Carrefour,579171,Vino titno Cabernet Sauvignon Navarro Correas colección privada 750 ml,10680.00,,2026-10-06,10680.00,7791250001680
Carrefour,411443,Vino tinto Syrah Alma Mora 750 ml,7729.00,,2026-10-06,7729.00,7790240042092
Carrefour,771568,Vino blanco dulce Alma Mora bajo alcohol 750 ml,7735.00,,2026-10-06,7735.00,7791540000164
Carrefour,746252,Vino tinto Cabernet Franc Mr. Franc Prófugo 750 ml,7250.00,,2026-10-06,7250.00,7798162670874
Carrefour,586182,Vino tinto Cabernet Sauvignon Dadá 750 ml,7739.00,,2026-10-06,7739.00,7791540047855
Carrefour,734592,Vino Rosé Conejo Verde botella de aluminio 500 ml,6735.00,,2026-10-06,6735.00,7791843023754
Carrefour,691080,Vino tinto Malbec Nave Robino 750 ml,6629.00,,2026-10-06,6629.00,7790717153900
Carrefour,628289,Vino tinto fino Malbec El Bautismo 750 ml,6319.00,,2026-10-06,6319.00,7791540049910
Carrefour,286442,Vino tinto Malbec Zuccardi Q 750 ml,26495.00,,2026-10-06,26495.00,7791728001075
Carrefour,753959,Vino rosado Callia Criolla 750 ml,6000.00,,2026-10-06,6000.00,7798108834445
Carrefour,768778,Vino tinto Malbec Finca Natalina auténtico 750 ml,4929.00,,2026-10-06,4929.00,7797942007046
Carrefour,746258,Vino tinto Blend Malbec Bonarda Oveja Black 750 ml,5250.00,,2026-10-06,5250.00,7798162670409
Carrefour,576028,Vino tinto Cabernet Sauvignon Los Haroldos Estate 750 ml,5999.00,,2026-10-06,5999.00,7791843009154
Carrefour,158468,Vino tinto Merlot Alaris 750 ml,5769.00,,2026-10-06,5769.00,7790240025415
Carrefour,722898,Vino tinto Merlot Norton Barrel Select 750 ml,7805.00,,2026-10-06,7805.00,7792319971869
Carrefour,722955,Vino blanco Chardonnay Nieto Senetiner 750 ml,11399.00,,2026-10-06,11399.00,7790070760807
Carrefour,719952,Vino rosado Malbec Rosé Luna 750 ml,6630.00,,2026-10-06,6630.00,7798113557278
Carrefour,539374,Vino rosado Syrah Alma Mora 750 ml,7735.00,,2026-10-06,7735.00,7791540044557
Carrefour,722044,Vino tinto Red Blend La Linda 750 ml,10849.00,,2026-10-06,10849.00,7791203003358
Carrefour,726182,Vino Rosé de Syrah Callia 750 ml,6000.00,,2026-10-06,6000.00,7798108833691
Carrefour,60914,Vino tinto Cabernet Sauvignon Don David 750 ml,11229.00,,2026-10-06,11229.00,7790189000177
Carrefour,718566,Vino Rosado Callia Tardío 750 ml,5900.00,,2026-10-06,5900.00,7798108834179
Carrefour,586170,Vino tinto Cabernet Sauvignon Cosecha Elegido Nortón 750 ml,5145.00,,2026-10-06,5145.00,7792319003171
Carrefour,623470,Vino tinto Malbec Alma Mora Reserva 750 ml,10100.00,,2026-10-06,10100.00,7791540044106
Carrefour,768792,Vino tinto Syrah Putruele en botella 750 ml,6749.00,,2026-10-06,6749.00,7797942007275
Carrefour,740296,Vino tinto cabernet franc Sombrero en botella 750 cc.,12640.00,,2026-10-06,12640.00,742832932592
Carrefour,620971,Vino tinto Malbec puro Trapiche 750 ml,13539.00,,2026-10-06,13539.00,7790240096767
Carrefour,776553,Vino tinto Rhone Rouge Maison Chapoutier 2024 750 ml,25990.00,,2026-10-06,25990.00,3391184110058
Carrefour,761684,Vino tinto Red Blend Malbec Merlot Criminal 750 ml,7999.00,,2026-10-06,7999.00,7798287390756
Carrefour,356134,Vino tinto Tannat Elementos 750 ml,6950.00,,2026-10-06,6950.00,7790189021042
Carrefour,719949,Vino tinto Malbec Luna 750 ml,6630.00,,2026-10-06,6630.00,7798113557230
Carrefour,747487,Vino blanco dulce Resero 1 lt,3489.00,,2026-10-06,3489.00,7790314080500
Carrefour,696819,Vino tinto Cabernet Sauvignon Reserva Las Perdices 750 ml,17600.00,,2026-10-06,17600.00,7798123970388
Carrefour,776554,Vino blanco Maison Chapoutier Cotes Du Rhone Blanc 750 ml,25990.00,,2026-10-06,25990.00,3391184120057
Carrefour,542252,Vino tinto Malbec Fond de Cave Gran Reserva 750 ml,27489.00,,2026-10-06,27489.00,7790240042481
Carrefour,596032,Vino tinto Malbec Trumpeter Reserve 750 ml,14200.00,,2026-10-06,14200.00,7790577041553
Carrefour,779541,Vino rosado Los Árboles en botella 750 ml,6579.00,,2026-10-06,6579.00,7791250802003
Carrefour,661533,Vino blanco dulce Simona State 750 ml,5680.00,,2026-10-06,5680.00,7790314063954
Carrefour,744469,Vino tinto Merlot Alma Mora 750 ml,7735.00,,2026-10-06,7735.00,7791540999000
Carrefour,720464,Vino tinto Malbec La Posta Paulucci 750 ml,18300.00,,2026-10-06,18300.00,7794450093509
Carrefour,670539,Vino tinto Cabernet Cafayate 750 ml,5879.00,,2026-10-06,5879.00,7790093521775
Carrefour,718563,Vino tinto Syrah Portillo 750 ml,6990.00,,2026-10-06,6990.00,7798074864897
Carrefour,729780,Vino tinto orgánico Malbec Tilia 750 ml,11739.00,,2026-10-06,11739.00,7794450947550
Carrefour,744464,Vino tinto Red Bland Alaris en botella 750 ml,5769.00,,2026-10-06,5769.00,7790240940947
Carrefour,768713,Vino tinto Bonarda Nieto Senetiner Patrimonial 750 ml,15300.00,,2026-10-06,15300.00,7790070760906
Carrefour,750334,Vino blanco Sauvignon blanc Latitud 33° 750 ml,7470.00,,2026-10-06,7470.00,7790975204116
Carrefour,696813,Vino tino Cabernet Sauvignon Las Perdices 750 ml,11739.00,,2026-10-06,11739.00,7798123970111
Carrefour,724999,Vino tinto Cabernet Franc Famiglia Bianchi 750 ml,10325.00,,2026-10-06,10325.00,7790703205972
Carrefour,504458,Vino blanco Blend Amalaya 750 ml,11189.00,,2026-10-06,11189.00,7798104769093
Carrefour,16926,Vino tinto Merlot Marcus 750 ml,7519.00,,2026-10-06,7519.00,7790805012010
Carrefour,729963,Vino tinto Malbec Atardeceres en los Andes 750 ml,4899.00,,2026-10-06,4899.00,7790314055232
Carrefour,704722,Vino blanco Chardonnay Finca la Linda 750 ml,10849.00,,2026-10-06,10849.00,7791203003365
Carrefour,719787,Vino tinto Syrah Cabernet Callia 750 ml,6000.00,,2026-10-06,6000.00,7798108834131
Carrefour,678467,Vino blanco dulce tardío Cafayate 750 ml,5879.00,,2026-10-06,5879.00,7790093521805
Carrefour,721554,Vino tinto Malbec clasic San Humberto 750 ml,4595.00,,2026-10-06,4595.00,7790945006771
Carrefour,715701,Vino blanco Chardonnay Dv Catena 750 ml,29250.00,,2026-10-06,29250.00,7794450090553
Carrefour,709480,Vino tinto Syrah Malbec Alta Magnolia 750 ml,8289.00,,2026-10-06,8289.00,7790314077647
Carrefour,513196,Vino tinto Merlot Trumpeter 750 ml,10949.00,,2026-10-06,10949.00,7790577002172
Carrefour,370409,Vino tinto Malbec Del fin del Mundo Reserva 750 ml,15100.00,,2026-10-06,15100.00,7798099590085
Carrefour,748598,Vino blanco Chardonnay Latitud 33 en botella 750 ml,7470.00,,2026-10-06,7470.00,7790975204123
Carrefour,719557,Vino tinto Malbes Pascual Toso 750 ml,8500.00,,2026-10-06,8500.00,7791670026928
Carrefour,761510,Vino blanco dulce Finjamos Demencia en botella 750 ml,6199.00,,2026-10-06,6199.00,7798422330340
Carrefour,115333,Vino tinto Cabernet Merlot Saint Felicien 750 ml,16945.00,,2026-10-06,16945.00,7794450024046
Carrefour,352474,Vino tinto Cabernet Sauvignon Novecento 750 ml,5350.00,,2026-10-06,5350.00,7790717152019
Carrefour,576021,Vino tinto Cabernet Sauvignon Nampe 750 ml,4629.00,,2026-10-06,4629.00,7791843008935
Carrefour,760963,Vino tinto Naranjo de Criolla en botella 750 ml,5655.00,,2026-10-06,5655.00,7790314080470
Carrefour,286447,Vino tinto Malbec Malamado 750 ml,23500.00,,2026-10-06,23500.00,7791728002478
Carrefour,717705,Vino tinto Malbec Ruca Malen Cap II 750 ml,19200.00,,2026-10-06,19200.00,7790070651044
Carrefour,761683,Vino tinto Red Blend Malbec Cabernet Sauvignon Criminal 750 ml,7999.00,,2026-10-06,7999.00,7798287390749
Carrefour,761511,Vino tinto Blend corte de tintas Finjamos Demencia 750 ml,6199.00,,2026-10-06,6199.00,7798422330296
Carrefour,726811,Vino rosado Malbec Rosé Signun 750 ml,5760.00,,2026-10-06,5760.00,7791670027871
Carrefour,761113,Vino blanco Chardonay Galan en botella 1.125 lts,4730.00,,2026-10-06,4730.00,7794400009253
Carrefour,760960,Vino blanco Naranjo de Criolla en botella 750 ml,5655.00,,2026-10-06,5655.00,7790314080487
Carrefour,747195,Vino rosado dulce Malbec Partridge 750 ml,8045.00,,2026-10-06,8045.00,7798123975734
Carrefour,128938,Vino blanco Chardonnay Terrazas de los Andes reserva 750 ml,19319.00,,2026-10-06,19319.00,7790975001500
Carrefour,709975,Vino tinto Cabernet Franc Q Zuccardi 750 ml,26495.00,,2026-10-06,26495.00,7791728235999
Carrefour,594615,Vino tinto Bonarda Los Haroldos 750 ml,5999.00,,2026-10-06,5999.00,7791843008447
Carrefour,324697,Vino tinto Malbec Marcus 750 ml,7519.00,,2026-10-06,7519.00,7790805012027
Carrefour,779219,Vino blanco sin salcohol Nieto Senetiner Chardonnay 750 ml,14000.00,,2026-10-06,14000.00,7790070104847
Carrefour,661532,Vino rosado dulce Simona State 750 ml,5680.00,,2026-10-06,5680.00,7790314063978
Carrefour,687366,Vino tinto Malbec Petit Verdot H.J Fabre 750 ml,14259.00,,2026-10-06,14259.00,7798000210545
Carrefour,709978,Vino blanco Sauvignon blanc Alambrado 750 ml,10739.00,,2026-10-06,10739.00,7791728006407
Carrefour,771115,Vino tinto clásico No Tan Santos en botella 1.125 lts,3899.00,,2026-10-06,3899.00,7798051302244
Carrefour,118902,Vino tinto Malbec Rutitni 750 ml,36999.00,,2026-10-06,36999.00,7790577001151
Carrefour,724058,Vino tinto Malbec Norton D.O.C. 750 ml,11745.00,,2026-10-06,11745.00,7792319972675
Carrefour,738741,Vino tinto malbec gran reserva Callejon del crimen 750 cc.,22500.00,,2026-10-06,22500.00,7798287390022
Carrefour,571005,Vino tinto 12 uvas San Felipe 750 ml,6199.00,,2026-10-06,6199.00,7790577001571
Carrefour,718642,Vino blanco Chenin dulce Prófugo 750 ml,5899.00,,2026-10-06,5899.00,7798162670881
Carrefour,607865,Vino tinto Malbec Trapiche Medalla 750 ml,22669.00,,2026-10-06,22669.00,7790240092011
Carrefour,746256,Vino blanco Chenin dulce Obeja Black 750 ml,5899.00,,2026-10-06,5899.00,7798162677576
Carrefour,690115,Vino tinto Blend Los Intocables 750 ml,12765.00,,2026-10-06,12765.00,7791540054037
Carrefour,504548,Vino tinto Cabernet Sauvignon Fond de Cave Gran Reserva 750 ml,27489.00,,2026-10-06,27489.00,7790240042467
Carrefour,513245,Vino tinto Navarro Correas Reserva 750 ml,13525.00,,2026-10-06,13525.00,7790649000112
Carrefour,740306,Vino tinto malbec Gran Sombrero en botella 750 cc.,21925.00,,2026-10-06,21925.00,742832994637
Carrefour,687370,Vino blanco Chardonnay Fabre Montmayou 750 ml,17500.00,,2026-10-06,17500.00,7798000213553
Carrefour,775508,Vino blanco dulce Vinas de Balbo en botella 1125 ml,4370.00,,2026-10-06,4370.00,7791843027981
Carrefour,404431,Vino tinto Malbec Uxmal 750 ml,8085.00,,2026-10-06,8085.00,7794450090713
Carrefour,754960,Vino tinto Gran Corte Conclave en botella 750 ml,18200.00,,2026-10-06,18200.00,7798058680543
Carrefour,779545,Vino tinto Dadá Sweet Red bajo alcohol en botella 750 ml,7445.00,,2026-10-06,7445.00,7791540000898
Carrefour,763467,Vino blanco dulce Muñeco Rebelde en botella 750 ml,4725.00,,2026-10-06,4725.00,7790984005988
Carrefour,646028,Vino tinto orgánico Malbec Famiglia Bianchi 750 ml,11199.00,,2026-10-06,11199.00,7790703000553
Carrefour,710760,Vino tinto Malbec La Posta Pizzela 750 ml,18300.00,,2026-10-06,18300.00,7794450093516
Carrefour,596038,Vino tinto Malbec Encuentro 750 ml,16499.00,,2026-10-06,16499.00,7790577006101
Carrefour,740292,Vino tinto malbec Sombrero en botella 750 cc.,12640.00,,2026-10-06,12640.00,742832932523
Carrefour,709988,Vino tinto Cabernet Sauvignon Trapiche Origen 750 ml,8139.00,,2026-10-06,8139.00,7790240098976
Carrefour,723750,Vino tinto Merlot Salentein 750 ml,15700.00,,2026-10-06,15700.00,7798074865368
Carrefour,719941,Vino tinto Cabernet Franc Finca La Anita 750 ml,20650.00,,2026-10-06,20650.00,7798113557148
Carrefour,681436,Vino tinto Malbec Colón Selecto 750 ml,5900.00,,2026-10-06,5900.00,7790168903925
Carrefour,696831,Vino tinto Malbec Las Perdices bib 3 lts,38100.00,,2026-10-06,38100.00,7798123970616
Carrefour,286452,Vino tinto Malbec Trivento Golden Reserve 750 ml,22299.00,,2026-10-06,22299.00,7798039590625
Carrefour,696829,Vino espumante wetty Las Perdices botella 750 cc.,12705.00,,2026-10-06,12705.00,7798123970449
Carrefour,696658,Vino tinto Red Blend Casellero del Diablo 750 ml,9499.00,,2026-10-06,9499.00,7798039599420
Carrefour,683331,Vino tinto Malbec Luigi Bosca 750 ml,28500.00,,2026-10-06,28500.00,7791203002436
Carrefour,128940,Vino tinto Malbec Reserva Terrazas de los Andes 750 ml,19319.00,,2026-10-06,19319.00,7790975001487
Carrefour,687364,Vino tinto Malbec Cabernet Franc H.J Fabre 750 ml,14259.00,,2026-10-06,14259.00,7798000210521
Carrefour,721560,Vino blanco Moscato Giallo Nina tardío 750 ml,11029.00,,2026-10-06,11029.00,7790945006726
Carrefour,534227,Vino tinto Malbec Terrazas de los Andes 375 ml,10565.00,,2026-10-06,10565.00,7790975001944
Carrefour,687369,Vino tinto Cabernet Sauvignon Fabre Montmayou 750 ml,17499.00,,2026-10-06,17499.00,7798000213522
Carrefour,753182,Vino tinto Malbec signature Pascual Toso 750 ml,15049.00,,2026-10-06,15049.00,7791670028090
Carrefour,781332,Vino tinto Malbec Pato Criollo botella 750 ml,4799.00,,2026-10-06,4799.00,7790314080128
Carrefour,748597,Vino tinto Cabernet Sauvignon Latitud 33 en botella 750 ml,7470.00,,2026-10-06,7470.00,7790975204215
Carrefour,608715,Vino rosado Rosé Familia Gascón 750 ml,7550.00,,2026-10-06,7550.00,7790415128033
Carrefour,752444,Vino tinto orgánico Malbec Il Caprone en botella 750 ml,7190.00,,2026-10-06,7190.00,7790703206245
Carrefour,694705,Vino tinto cabernet Argento franc estate reserva 750 cc.,10400.00,,2026-10-06,10400.00,7798130462425
Carrefour,696818,Vino rosado Malbec Las Perdices 750 ml,12675.00,,2026-10-06,12675.00,7798123971606
Carrefour,729779,Vino tinto orgánico Cabernet Sauvignon Tilia 750 ml,11735.00,,2026-10-06,11735.00,7794450947536
Carrefour,725783,Vino blanco Chardonnay Las Perdices reserva 750 ml,17640.00,,2026-10-06,17640.00,7798123970685
Carrefour,761111,Vino tinto Malbec Galan en botella 1.125 lts,4730.00,,2026-10-06,4730.00,7794400009222
Carrefour,474856,Vino tinto Cabernet Sauvignon Cafayate 750 ml,9825.00,,2026-10-06,9825.00,7790093095238
Carrefour,765339,Vino rosado orgánico Artesano de Argento 750 ml,8050.00,,2026-10-06,8050.00,7798130463187
Carrefour,729951,Vino tinto Malbec Buenos Aires 750 ml,5405.00,,2026-10-06,5405.00,7790314055867
Carrefour,776555,Vino frutado Pays Doc Maison Chapoutier 2024 750 ml,14990.00,,2026-10-06,14990.00,3391189310057
Carrefour,526156,Vino tinto Malbec Trivento 750 ml,9499.00,,2026-10-06,9499.00,7798039590342
Carrefour,502827,Vino blanco Chardonnay Angélica Zapata alta 750 ml,50900.00,,2026-10-06,50900.00,7794450008268
Carrefour,710755,Vino tinto Malbec Cabernet Luca Beso de Dante 750 ml,59850.00,,2026-10-06,59850.00,7794450092090
Carrefour,748289,Vino tinto Cabernet Sauvignon Perro Callejero 750 ml,10299.00,,2026-10-06,10299.00,7798353195384
Carrefour,591282,Vino blanco dulce natural Familia Gascon 750 ml,7550.00,,2026-10-06,7550.00,7790415000469
Carrefour,513186,Vino tinto Cabernet Syrah Rutini 750 ml,19699.00,,2026-10-06,19699.00,7790577039987
Carrefour,683329,Vino tinto Cabernet Franc Luigi Bosca 750 ml,31000.00,,2026-10-06,31000.00,7791203002290
Carrefour,726815,Vino tinto Cabernet Sauvignon Reserva San Humberto 750 ml,6315.00,,2026-10-06,6315.00,7790945006856
Carrefour,692816,"Vino tinto Malbec Vasco Viejo 1,125 lts",7350.00,,2026-10-06,7350.00,7790336050208
Carrefour,779544,Vino blanco Dadá Sweet White bajo alcohol 750 ml,7445.00,,2026-10-06,7445.00,7791540000867
Carrefour,760959,Vino tinto orgánico Cabernet Finca Magnolia 750 ml,6299.00,,2026-10-06,6299.00,7790314078101
Carrefour,152763,Vino blanco Chardonnay Altos del Plata 750 ml,10840.00,,2026-10-06,10840.00,7790975017037
Carrefour,683332,Vino blanco white Blend Luigi Bosca 750 ml,25000.00,,2026-10-06,25000.00,7791203002443
Carrefour,760162,Vino Tinto Cabernet Sauvignon Salentein Numina 750 ml,21900.00,,2026-10-06,21900.00,7798074865641
Carrefour,611893,Vino tinto Malbec Cabernet Franc La Celia 750 ml,10199.00,,2026-10-06,10199.00,7798141877089
Carrefour,740447,Vino tinto malbec reserv Estancia Mendoza 750 cc.,7900.00,,2026-10-06,7900.00,7790314079962
Carrefour,115334,Vino tinto Cabernet Sauvignon Saint Felicien 750 ml,16945.00,,2026-10-06,16945.00,7794450024015
Carrefour,410943,Vino tinto Malbec Graffigna Genuine Collection 750 ml,10199.00,,2026-10-06,10199.00,7790168075684
Carrefour,760818,Vino tinto Cabernet Sauvignon La Mascota 750 ml,23345.00,,2026-10-06,23345.00,7790762050117
Carrefour,724997,Vino tinto Cabernet Sauvignon Famiglia Bianchi 750 ml,10325.00,,2026-10-06,10325.00,7790703205491
Carrefour,763618,Vino blanco Chardonnay Valle de Pedernal Pyros 750 ml,14300.00,,2026-10-06,14300.00,7798108833356
Carrefour,753713,Vino tinto Blend Reserva Trivento Maximum 750 ml,9500.00,,2026-10-06,9500.00,7798039599246
Carrefour,656615,Vino tinto Malbec Blend de Extremo El Esteco 750 ml,18539.00,,2026-10-06,18539.00,7790189043495
Carrefour,252688,Vino tinto Malbec La Celia 750 ml,13899.00,,2026-10-06,13899.00,7798081660437
Carrefour,661550,Vino tinto Malbec Los Helechos 750 ml,19120.00,,2026-10-06,19120.00,7790314006357
Carrefour,691059,Vino tinto Bonarda Sirah Toro Viejo bib 3 lts,11355.00,,2026-10-06,11355.00,7790314005893
Carrefour,760817,Vino tinto Malbec La Mascota 750 ml,19845.00,,2026-10-06,19845.00,7790762050124
Carrefour,726822,Vino tinto Petit Verdot Nina Gold 750 ml,10019.00,,2026-10-06,10019.00,7790945007068
Carrefour,777402,Vino tinto fino Red Blend Don David 750 ml,11229.00,,2026-10-06,11229.00,7790189743692
Carrefour,747486,Vino tinto clásico Resero 1 lt,3489.00,,2026-10-06,3489.00,7790314061080
Carrefour,730278,Vino tinto Blend Reserva Santa Julia 750 ml,9909.00,,2026-10-06,9909.00,7791728247725
Carrefour,779542,Vino blanco dulce Los Árboles en botella 750 ml,6579.00,,2026-10-06,6579.00,7791250801983
Carrefour,691057,Vino tinto Blend Canciller I bib 3 lts,12330.00,,2026-10-06,12330.00,7790314007842
Carrefour,782417,Vino tinto Petit Verdot Via Flavia 750 ml,41150.00,,2026-10-06,41150.00,7798058680529
Carrefour,286443,Vino tinto Cabernet Sauvignon Zuccardi Q 750 ml,26495.00,,2026-10-06,26495.00,7791728001082
Carrefour,728480,Vino tinto Cabernet Sauvignon Roble Cafayate 750 ml,8125.00,,2026-10-06,8125.00,7790093993169
Carrefour,740303,Vino tinto cabernet franc Gran Sombrero en botella 750 cc.,21925.00,,2026-10-06,21925.00,742832932516
Carrefour,615114,Vino tinto Malbec Toro Centenario 750 ml,3599.00,,2026-10-06,3599.00,7790314005947
Carrefour,502840,Vino tinto Cabernet Alta Angelica Zapata 750 ml,40999.00,,2026-10-06,40999.00,7794450008282
Carrefour,149837,Vino tinto Cabernet Sauvignon Intimo 750 ml,13735.00,,2026-10-06,13735.00,7790805131162
Carrefour,681431,Vino tinto Malbec Reserva Los Helechos 750 ml,14760.00,,2026-10-06,14760.00,7790314072314
Carrefour,717024,Vino tinto Bonarda El Enemigo 750 ml,34500.00,,2026-10-06,34500.00,7794450002822
Carrefour,598550,Vino tinto Malbec San Felipe Roble 750 ml,6700.00,,2026-10-06,6700.00,7790577002424
Carrefour,726825,Vino tinto Gran Malbec Nina 750 ml,17285.00,,2026-10-06,17285.00,7790945007228
Carrefour,730275,Vino tinto Tempranillo Reserva Santa Julia 750 ml,9909.00,,2026-10-06,9909.00,7791728247695
Carrefour,696657,Vino tinto Cabernet Casillero del Diablo 750 ml,9499.00,,2026-10-06,9499.00,7798039599406
Carrefour,609764,Vino tinto Malbec Tannat Reserva Don David 750 ml,15029.00,,2026-10-06,15029.00,7790189042788
Carrefour,735840,Vino tinto Malbec Finca La Anita 750 ml,11300.00,,2026-10-06,11300.00,7798113557339
Carrefour,740310,Vino tinto malbec Zorro Salvaje de Uco en botella 750 cc.,7075.00,,2026-10-06,7075.00,742832994613
Carrefour,723738,Vino blanco Esperado viognier torrontés dulce 750 ml,6800.00,,2026-10-06,6800.00,7798108834315
Carrefour,766552,Vino tinto Gran Vin Fabre Montmayou 750 ml,77500.00,,2026-10-06,77500.00,7798000211108
Carrefour,571001,Vino tinto clásico San Felipe 750 ml,6199.00,,2026-10-06,6199.00,7790577000024
Carrefour,726823,Vino tinto Blend Aminga 750 ml,31460.00,,2026-10-06,31460.00,7790945007198
Carrefour,289087,Vino tinto Cabernet Malbec Uxmal 750 ml,8085.00,,2026-10-06,8085.00,7794450088468
Carrefour,741654,Vino tinto malbec magnum Portillo 1.5 lts.,13990.00,,2026-10-06,13990.00,7798074864712
Carrefour,710761,Vino tinto Red Blend La Posta 750 ml,17100.00,,2026-10-06,17100.00,7794450093530
Carrefour,740290,Vino blanco savignon blanc Sombrero en botella 750 cc.,12640.00,,2026-10-06,12640.00,742832490238
Carrefour,740451,Vino tinto syrah cabernet Dralion en botella 750 cc.,4740.00,,2026-10-06,4740.00,7790314079191
Carrefour,765338,Vino rosado orgánico Artesano de Argento 750 ml,10412.87,,2026-10-06,10412.87,7798130465785
Carrefour,769821,Vino tinto Chianti Sensi en botella 750 ml,19990.00,,2026-10-06,19990.00,8002477075217
Carrefour,729303,Vino tinto Cabernet Reserva Norton 750 ml,10515.00,,2026-10-06,10515.00,7792319972798
Carrefour,513185,Vino tinto Cabernet Merlot Rutini 750 ml,19699.00,,2026-10-06,19699.00,7790577039949
Carrefour,698437,Vino tinto Blend Fonde De Cave 750 ml,27489.00,,2026-10-06,27489.00,7790240094732
Carrefour,730499,Vino tinto Malbec CABJ Bianchi Xeneizes 750 ml,11899.00,,2026-10-06,11899.00,7790703204623
Carrefour,720508,Vino tinto Malbec Los Primos 750 ml,5445.00,,2026-10-06,5445.00,7790703205132
Carrefour,761793,Vino tinto Cabernet Franc Rutini Colección en botella 750 ml,30800.00,,2026-10-06,30800.00,7790577008075
Carrefour,717724,Vino tinto Cabernet Ruca Malen Cap II 750 ml,20299.00,,2026-10-06,20299.00,7790070651082
Carrefour,764472,Vino tinto Cabernet Sauvignon El Bautismo 750 ml,6289.00,,2026-10-06,6289.00,7790704870223
Carrefour,751734,Vino tinto Malbec San Humberto en botella 750 ml,5189.00,,2026-10-06,5189.00,7790945007501
Carrefour,726168,Vino tinto Malbec Conclave Nocturno 750 ml,13750.00,,2026-10-06,13750.00,7798058680420
Carrefour,605552,Vino tinto Cabernet Franc Humberto Canale Estate 750 ml,17500.00,,2026-10-06,17500.00,7790805000376
Carrefour,572200,Vino tinto Cabernet Sauvignon Don David reserva 750 ml,15029.00,,2026-10-06,15029.00,7790189042030
Carrefour,721552,Vino tinto Cabernet Sauvignon Clásico San Huberto 750 ml,4595.00,,2026-10-06,4595.00,7790945006757
Carrefour,720469,Vino tinto Malbec Casa de Herrero 750 ml,15540.00,,2026-10-06,15540.00,7798359120175
Carrefour,762899,Vino tinto Blend Famiglia Bianchi Corte 22 750 ml,21300.00,,2026-10-06,21300.00,7790703206498
Carrefour,687363,Vino tinto Malbec Rose Terrazas de los Andes 750 ml,19319.00,,2026-10-06,19319.00,7790975196770
Carrefour,725490,Vino tinto Malbec Cepa Tradicional 750 ml,9300.00,,2026-10-06,9300.00,7790577000055
Carrefour,763402,Vino tinto Malbec corte Bianchi IV Generación 750 ml,57435.00,,2026-10-06,57435.00,7790703206535
Carrefour,700208,Vino tinto Malbec Fair For Life 750 ml,7329.00,,2026-10-06,7329.00,7791540054266
Carrefour,607867,Vino blanco Chardonnay Trapiche Medalla 750 ml,22669.00,,2026-10-06,22669.00,7790240096804
Carrefour,778039,Vino tinto Cabernet Sauvignon Zuccardi serie A en botella 750 ml,16930.00,,2026-10-06,16930.00,7791728004298
Carrefour,778435,Vino tinto Merlot Conclave Nocturno en botella 750 ml,15800.00,,2026-10-06,15800.00,7798058680819
Carrefour,762749,Vino tinto orgánico Malbec La Posta La Libertad 750 ml,20200.00,,2026-10-06,20200.00,7794450947918
Carrefour,698646,Vino tinto Malbec Frontera 750 ml,5145.00,,2026-10-06,5145.00,7798039599666
Carrefour,710763,Vino tinto Cabernet Franc Casa de Hierro 750 ml,15540.00,,2026-10-06,15540.00,7798359120328
Carrefour,763616,Vino tinto Syrah Valle de Pedernal Pyros 750 ml,14300.00,,2026-10-06,14300.00,7798108833080
Carrefour,726813,Vino tinto Malbec Sade 750 ml,5900.00,,2026-10-06,5900.00,7790945006832
Carrefour,716015,Vino tinto Los pasos red blend 750 cc.,5085.00,,2026-10-06,5085.00,7798078238045
Carrefour,715403,Vino tinto Cabernet Sauvignon Dv Catena piramide 750 ml,45550.00,,2026-10-06,45550.00,7794450004291
Carrefour,660430,Vino tinto Del fin del Mundo 750 ml,21200.00,,2026-10-06,21200.00,7798099598296
Carrefour,717018,vino tinto Bonarda Saint Felicen en botella 750 ml,31850.00,,2026-10-06,31850.00,7794450940384
Carrefour,650269,Vino tinto Malbec Tierra del Fuego Reserva 750 ml,12000.00,,2026-10-06,12000.00,7794450943002
Carrefour,750333,Vino rosado Malbec Rosé Latitud 33° 750 ml,7470.00,,2026-10-06,7470.00,7790975204130
Carrefour,715368,Vino tinto Blend Nicolas Catena en botella 750 ml,102849.00,,2026-10-06,102849.00,7794450008305
Carrefour,723875,Vino tinto Cabernet Franc Cuchillo de Palo 750 ml,18795.00,,2026-10-06,18795.00,7798359120120
Carrefour,514408,Vino tinto Cabernet Reserva Navarro Correas 750 ml,13525.00,,2026-10-06,13525.00,7790649000136
Carrefour,577921,Vino fino blanco Sauvignon Blanc Estate 750 ml,5999.00,,2026-10-06,5999.00,7791843009192
Carrefour,703578,Vino fino blanco Viognier Flores Blancas 750 ml,11079.00,,2026-10-06,11079.00,7791728238037
Carrefour,761551,Vino tinto Cabernet Sauvignon Piatelli reserva cafayate 750 ml,17250.00,,2026-10-06,17250.00,7798124010212
Carrefour,729957,Vino blanco dulce Bueno Aires 750 ml,5405.00,,2026-10-06,5405.00,7790314079405
Carrefour,721558,Vino blanco dule San Huberto natural 750 ml,5059.00,,2026-10-06,5059.00,7790945006863
Carrefour,367497,Vino tinto Cabernet Sauvignon D.V.Catena 750 ml,37750.00,,2026-10-06,37750.00,7794450090102
Carrefour,571003,Vino blanco clásico San Felipe 750 ml,6199.00,,2026-10-06,6199.00,7790577000017
Carrefour,740173,Vino tinto cabernet sauvignon La Celia en botella 750 cc.,10199.00,,2026-10-06,10199.00,7798141877027
Carrefour,668822,Vino Rosé Reserva La Celia 750 ml,10199.00,,2026-10-06,10199.00,7798081661533
Carrefour,757252,Vino tinto Malbec Viogner Hermanos Tormenta 750 ml,8410.00,,2026-10-06,8410.00,7791843025949
Carrefour,740312,Vino tinto cabernet sauvignon Zorro Salvaje de Uco en botella 750 cc.,7075.00,,2026-10-06,7075.00,742832994620
Carrefour,579176,Vino tinto Malbec Syrah Navarro Correas 750 ml,10680.00,,2026-10-06,10680.00,7791250001697
Carrefour,728327,Vino Tinto Cabernet Sauvignon Puramun 750 ml,15300.00,,2026-10-06,15300.00,7798287070078
Carrefour,719940,Vino tinto Gran Corte Finca La Anita 750 ml,29800.00,,2026-10-06,29800.00,7798113557131
Carrefour,768787,Vino tinto Cabernet Sauvignon Wampa en botella 750 ml,5465.00,,2026-10-06,5465.00,7797942006940
Carrefour,757251,Vino tinto Malbec Sauvignon Blanc Hermanos Tormenta 750 ml,8410.00,,2026-10-06,8410.00,7791843025987
Carrefour,764123,Vino tinto Malbec orgánico Nina en botella 750 ml,27460.00,,2026-10-06,27460.00,7790945008027
Carrefour,716016,Vino blanco Chardonnay Semillón Los Pasos 750 ml,5659.00,,2026-10-06,5659.00,7798078238052
Carrefour,726819,Vino tinto Blend Nina Gold 750 ml,10019.00,,2026-10-06,10019.00,7790945007013
Carrefour,730292,Vino tinto Red Blend Santa Julia 750 ml,6639.00,,2026-10-06,6639.00,7791728247794
Carrefour,726810,Vino tinto Malbec Signun 750 ml,5760.00,,2026-10-06,5760.00,7791670027857
Carrefour,719558,Vino blanco Chardonnay Pascual Toso 750 ml,8949.00,,2026-10-06,8949.00,7791670026935
Carrefour,752445,Vino tinto cabernet sauvignon Il Caprone en botella 750 ml,7189.00,,2026-10-06,7189.00,7790703206269
Carrefour,720480,Vino tinto Araucana malbec 750 cc.,62000.00,,2026-10-06,62000.00,7798359120014
Carrefour,700831,Vino tinto Cabernet Sauvignon Reserva Callejón del Crimen 750 ml,15900.00,,2026-10-06,15900.00,7798287390077
Carrefour,726831,Vino tinto Malbec Ugarteche 750 ml,6079.00,,2026-10-06,6079.00,7790945007426
Carrefour,596028,Vino blanco Chardonnay San Felipe 750 ml,5499.00,,2026-10-06,5499.00,7790577039598
Carrefour,723731,Vino tinto Blend Contracara 750 ml,8450.00,,2026-10-06,8450.00,7798108834230
Carrefour,760961,Vino blanco Naranjo de Criolla en botella 750 ml,5655.00,,2026-10-06,5655.00,7790314080494
Carrefour,752443,Vino tinto Malbec Il Caprone en botella 750 ml,7190.00,,2026-10-06,7190.00,7790703206221
Carrefour,502834,Vino tinto Malbec Alta Angelica Zapata 750 ml,44729.00,,2026-10-06,44729.00,7794450008275
Carrefour,715407,Vino tinto Cabernet Sauvignon Dv Catena alamira 750 ml,45550.00,,2026-10-06,45550.00,7794450940483
Carrefour,573155,Vino tinto fino Malbec Don 750 ml,83000.00,,2026-10-06,83000.00,7790415000636
Carrefour,730500,Vino tinto Malbec CABJ Bianchi Republica de la Boca 750 ml,22969.00,,2026-10-06,22969.00,7790703204647
Carrefour,699914,Vino tinto Malbec Reserva Las Perdices en lata 750 ml,36400.00,,2026-10-06,36400.00,7798123972580
Carrefour,738743,Vino tinto cabernet sauvignon Callejon del crimen 750 cc.,22500.00,,2026-10-06,22500.00,7798287390053
Carrefour,656614,Vino tinto Cabernet Blend de ext El Esteco 750 ml,18539.00,,2026-10-06,18539.00,7790189043501
Carrefour,731661,Vino blanco dulce Pico de oro birck 1 lt,2390.00,,2026-10-06,2390.00,7790984005025
Carrefour,720482,Vino tinto Cabernet Sauvignon Malbec Caro 750 ml,182000.00,,2026-10-06,182000.00,7798121461000
Carrefour,720470,Vino tinto Malbec Nico by Luca 750 ml,133100.00,,2026-10-06,133100.00,7794450092083
Carrefour,751051,Vino blanco Sauvignon Blanc Norton Libre en botella 750 ml,10389.00,,2026-10-06,10389.00,7792319972651
Carrefour,650268,Vino rosado Tierra del Fuego 750 ml,7400.00,,2026-10-06,7400.00,7794450942982
Carrefour,753184,Vino tinto Cabernet Sauvignon signature Pascual Toso 750 ml,14605.00,,2026-10-06,14605.00,7791670028106
Carrefour,411438,Vino tinto Merlot Humberto Canale Estate 750 ml,17500.00,,2026-10-06,17500.00,7790805120067
Carrefour,694703,Vino blanco Chardonnay Pacheco Pereda 750 ml,8379.00,,2026-10-06,8379.00,7798130464368
Carrefour,530899,Vino blanco Pico de Oro 1 lt,2390.00,,2026-10-06,2390.00,7790984000037
Carrefour,761570,Vino blanco blend de blancas Novecento en botella 750 ml,4759.00,,2026-10-06,4759.00,7790717153771
Carrefour,398712,Vino tinto Malbec Intimo 750 ml,13735.00,,2026-10-06,13735.00,7790805131216
Carrefour,730496,Vino tinto Malbec CARP Bianchi La Maquina 750 ml,11899.00,,2026-10-06,11899.00,7790703206009
Carrefour,719943,Vino tinto Cabernet Sauvignon Finca La Anita 750 ml,19300.00,,2026-10-06,19300.00,7798113557216
Carrefour,650267,Vino tinto Malbec Tierra de Fuego 750 ml,7400.00,,2026-10-06,7400.00,7794450942920
Carrefour,761550,Vino tinto Cabernet Sauvignon Piatelli reserva mendoza 750 ml,17299.00,,2026-10-06,17299.00,7798124010144
Carrefour,607866,Vino tinto Cabernet Sauvignon Trapiche 750 ml,22669.00,,2026-10-06,22669.00,7790240096941
Carrefour,720463,Vino tinto Bonarda La Posta Armando 750 ml,18300.00,,2026-10-06,18300.00,7794450093523
Carrefour,761686,Vino tinto Cabernet Franc Gran Reserva Callejón del Crimen 750 ml,22500.00,,2026-10-06,22500.00,7798287390633
Carrefour,526158,Vino tinto Cabernet Trivento 750 ml,9499.00,,2026-10-06,9499.00,7798039591660
Carrefour,710764,Vino tinto Malbec Ojo de buen Cubero 750 ml,14250.00,,2026-10-06,14250.00,7798359120205
Carrefour,720476,Vino tinto Cabernet Sauvignon Altaland 750 ml,16150.00,,2026-10-06,16150.00,7794450004499
Carrefour,740448,Vino tinto cabernet sauvignon Estancia Mendoza 750 cc.,7900.00,,2026-10-06,7900.00,7790314079979
Carrefour,411432,Vino tinto Malbec Humberto Canale Estate 750 ml,17500.00,,2026-10-06,17500.00,7790805120043
Carrefour,721553,Vino tinto Cabernet Sauvignon Clásico San Humberto 1.5 lts,9990.00,,2026-10-06,9990.00,7790945006764
Carrefour,770911,Vino tinto Cabernet Sauvignon Estate Humberto Canale 750 ml,17500.00,,2026-10-06,17500.00,7790805130219
Carrefour,769205,Vino tinto Malbec Lunta en botella 750 ml,22000.00,,2026-10-06,22000.00,7798125635919
Carrefour,761685,Vino tinto Cabernet Franc Callejón del Crimen 750 ml,15900.00,,2026-10-06,15900.00,7798287390428
Carrefour,128943,Vino tinto Cabernet Sauvignon Terrazas de los Andes 750 ml,19319.00,,2026-10-06,19319.00,7790975001494
Carrefour,700210,Vino tinto Cabernet Sauvignon Finca Las Moras 750 ml,7300.00,,2026-10-06,7300.00,7791540054280
Carrefour,730279,Vino tinto Tempranillo Santa Julia 750 ml,6639.00,,2026-10-06,6639.00,7791728247749
Carrefour,740449,Vino tinto cabernet franc reserv Estancia Mendoza 750 cc.,7900.00,,2026-10-06,7900.00,7790314079986
Carrefour,716014,Vino tinto Malbec Los Pasos 750 ml,5085.00,,2026-10-06,5085.00,7798078238021
Carrefour,740300,Vino tinto cabernet sauvignon Gran Sombrero en botella 750 cc.,21925.00,,2026-10-06,21925.00,742832932509
Carrefour,710762,Vino tinto Malbec Cuchillo de Palo 750 ml,18795.00,,2026-10-06,18795.00,7798359120106
Carrefour,152765,Vino tinto Cabernet Sauvignon Altos del Plata 750 ml,10840.00,,2026-10-06,10840.00,7790975017020
Carrefour,760815,Vino tinto Malbec Calcarei Perfiles en botella 750 ml,20329.00,,2026-10-06,20329.00,7790240096965
Carrefour,725000,Vino blanco Viognier Famiglia Bianchi 750 ml,10325.00,,2026-10-06,10325.00,7790703205538
Carrefour,719471,Vino blanco Chardonnay Tensión 750 ml,11109.00,,2026-10-06,11109.00,7791728234565
Carrefour,771411,Vino tinto Malbec Infame en botella 750 ml,6300.00,,2026-10-06,6300.00,7790945008430
Carrefour,715410,Vino tinto Cabernet Sauvignon Dv Catena turungato 750 ml,41535.00,,2026-10-06,41535.00,7794450940490
Carrefour,761512,Vino tinto Blend Casillero del Diablo en botella 750 ml,15050.00,,2026-10-06,15050.00,7798422330357
Carrefour,504533,Vino tinto La Celia malbec heritage 750 cc.,50899.00,,2026-10-06,50899.00,7798141871469
Carrefour,650270,Vino tinto Cabernet Reserva Tierra del Fuego 750 ml,12000.00,,2026-10-06,12000.00,7794450943026
Carrefour,717834,Vino tinto Cabernet Cadus Appellation 750 ml,39499.00,,2026-10-06,39499.00,7790070760449
Carrefour,769615,Vino tinto Cabernet Sauvignon Reserva Las Huertas 750 ml,42500.00,,2026-10-06,42500.00,7804360000495
Carrefour,728340,Vino tinto Cabernet Sauvignon Pacheco Pereda 750 ml,5900.00,,2026-10-06,5900.00,7798130466249
Carrefour,730276,Vino tinto Ryrah Reserva Santa Julia 750 ml,9909.00,,2026-10-06,9909.00,7791728247718
Carrefour,721749,Vino tinto Malbec Old Vineyard Humberto Canale 750 ml,31500.00,,2026-10-06,31500.00,7790805150514
Carrefour,703579,Vino fino tinto Malbec Santa Julia 750 ml,11219.00,,2026-10-06,11219.00,7791728010275
Carrefour,778437,Vino tinto Malbec La Rural en botella 750 ml,9500.00,,2026-10-06,9500.00,7790577049788
Carrefour,740187,Vino tinto malbec CABJ 1905 Bianchi en botella 750 cc.,36935.00,,2026-10-06,36935.00,7790703204654
Carrefour,730497,Vino tinto Malbec CARP Bianchi Banda del Alma 750 ml,22969.00,,2026-10-06,22969.00,7790703206023
Carrefour,730498,Vino tinto Malbec CARP Bianchi Grato Nombre 750 ml,36935.00,,2026-10-06,36935.00,7790703206047
Carrefour,719470,Vino tinto Malbec Tensión La Ribera 750 ml,11109.00,,2026-10-06,11109.00,7791728234527
Carrefour,778341,Vino tinto 10 Goat Syrah 750 ml,169000.00,,2026-10-06,169000.00,7640186251723
Carrefour,726830,Vino blanco dulce Ugarteche 750 ml,6079.00,,2026-10-06,6079.00,7790945007402
Carrefour,152766,Vino tinto Malbec Altos del Plata 750 ml,10840.00,,2026-10-06,10840.00,7790975017013
Carrefour,778086,Vino tinto orgánico Malbec Essentia en botella 750 ml,11300.00,,2026-10-06,11300.00,7798074865894
Carrefour,762745,Vino tinto Merlot Ribera del Cuarzo 750 ml,43500.00,,2026-10-06,43500.00,7798359120526
Carrefour,721747,Vino tinto Malbec Gran Reserva Humberto Canale 750 ml,45000.00,,2026-10-06,45000.00,7790805142007
Carrefour,721746,Vino tinto Merlot Reserva Humberto Canale 750 ml,45000.00,,2026-10-06,45000.00,7790805141000
Carrefour,286441,Vino tinto Tempranillo Zuccardi Q 750 ml,26495.00,,2026-10-06,26495.00,7791728000962
Carrefour,666366,Vino rosado Puro Rosé 750 ml,11499.00,,2026-10-06,11499.00,7790240098167
Carrefour,698645,Vino tinto Cabernet Sauvignon Frontera 750 ml,5145.00,,2026-10-06,5145.00,7798039599673
Carrefour,758092,Vino tinto grsan blend Bien al Sur botella 750 ml,29640.00,,2026-10-06,29640.00,7798078237451
Carrefour,735841,Vino tinto Cabernet Sauvignon Finca La Anita 750 ml,11300.00,,2026-10-06,11300.00,7798113557322
Carrefour,778340,Vino tinto 10 Goat Primitivo 750 ml,169000.00,,2026-10-06,169000.00,7640186251754
Carrefour,725491,Vino tinto Malbec Malbec Cepa Tradicional 750 ml,9900.00,,2026-10-06,9900.00,7790577046848
Carrefour,745747,Vino tinto Cabernet Sauvignon Cafayate Terroir de Altura 750 ml,15139.00,,2026-10-06,15139.00,7790093527760
Carrefour,700209,Vino tinto Cabernet Sauvignon Fair For Life 750 ml,7335.00,,2026-10-06,7335.00,7791540054273
Carrefour,666369,Vino tinto Cabernet Sauvignon Puro 750 ml,12079.00,,2026-10-06,12079.00,7790240098174
Carrefour,748283,Vino blanco Blend Mosquita Muerta 750 ml,23200.00,,2026-10-06,23200.00,7798353194790
Carrefour,692427,Vino blanco Chardonnay Escorihuela Gascon uke mapu 750 ml,37000.00,,2026-10-06,37000.00,7790415001053
Carrefour,663890,Vino tinto Cabernet Franc Reserva Terraza de los Andes 750 ml,18150.00,,2026-10-06,18150.00,7790975195674
Carrefour,775532,Vino tinto Malbec Tikal Natural en botella 750 ml,46350.00,,2026-10-06,46350.00,7798126081814
Carrefour,769618,Vino blanco Sauvignon Blanc Las Huertas en botella 750 ml,31500.00,,2026-10-06,31500.00,7804360211099
Carrefour,769616,Vino tinto Cabernet Sauvignon Las Huertas en botella 750 ml,31500.00,,2026-10-06,31500.00,7804360111085
Carrefour,760816,Vino tinto Cabernet Sauvignon Grava Perfiles en botella 750 ml,20329.00,,2026-10-06,20329.00,7790240096958
Carrefour,740308,Vino blanco chardonnay Sombrero en botella 750 cc.,21925.00,,2026-10-06,21925.00,742832134040
Carrefour,751050,Vino tinto Cabernet Sauvignon Libre en botella 750 ml,9669.00,,2026-10-06,9669.00,7792319972446
Carrefour,762750,Vino blanco orgánico Chenin La Posta La Libertad 750 ml,20200.00,,2026-10-06,20200.00,7794450947963
Carrefour,752446,Vino tinto Rosé Caprone II 750 ml,7189.00,,2026-10-06,7189.00,7790703206283
Carrefour,701194,Vino blanco Chardonnay Albarado 750 ml,10739.00,,2026-10-06,10739.00,7791728004366
Carrefour,395150,Vino tinto Cabernet Sauvignon Pedriel 750 ml,17539.00,,2026-10-06,17539.00,7792319676283
Carrefour,735843,Vino blanco Chardonnay Finca la Anita 750 ml,11300.00,,2026-10-06,11300.00,7798113557353
Carrefour,585530,Bebida alcoholica base de vino blanco Vin Up 1 lt,1700.00,,2026-10-06,1700.00,7790154000836
Carrefour,698915,Jerez El Abuelo 750 cc.,5950.00,,2026-10-06,5950.00,7790119010535
Carrefour,747303,Copa vino brunello nadir 390 ml,4699.00,,2026-10-06,4699.00,7891155047148
Carrefour,682058,Copa vino Nadir barone 385 ml,4409.00,,2026-10-06,4409.00,7891155040958
Carrefour,654566,Bolsa para vino kraft 14x08x40 cm.,899.00,,2026-10-06,899.00,7798322300139
Carrefour,542243,Pisco Mistral especial 750 cc,23400.00,,2026-10-06,23400.00,7802175001065
Carrefour,653826,Copa de vino Luminarc 470 cc,10749.00,,2026-10-06,10749.00,883314776577
Carrefour,653825,Copa de vino Luminarc 580 cc,12699.00,,2026-10-06,12699.00,883314776560
Carrefour,350868,Estuche vino Malbec Salentein 750 ml,18520.00,,2026-10-06,18520.00,7798074869328
Carrefour,1762598,Cava De Vinos Ziyen Capacidad 6 Botellas Refrigeración Iluminación Interior LED,149499.00,si,2026-10-06,194349.00,7799219090539
Carrefour,1760244,Cava De Vino Coolfroz Gadnic WCTE0008 8 Botellas Termoelectrica Display Led,218449.00,si,2026-10-06,283984.00,0650414541790
Carrefour,1767060,Set x 4 Copa Vaso Vino Tragos Vidrio 340 CC Pasabahce,16718.39,si,2026-10-06,27864.00,8693357535923
Carrefour,731508,Copa de vino 4 vap cristal bohemia 36 cl,39990.00,si,2026-10-06,49990.00,3700324280979
Carrefour,594635,Estuche vino tinto Malbec Escorihuela Gascón 750 ml,23500.00,,2026-10-06,23500.00,7790415000834
Carrefour,1768201,Set x 12 Copa Vaso Vino Tragos Vidrio 340 CC Pasabahce,50155.20,si,2026-10-06,83592.00,7798385076125
Carrefour,1642820,Cava De Vino Electrolux Erw125xamb 12 Botellas,311359.00,si,2026-10-06,432443.00,007861106366130
Carrefour,1765383,Beer Cooler BGH 60L Display Digital Negro BMB60A25,589999.00,si,2026-10-06,829999.00,7796885065298
Carrefour,1760240,Cava De Vino Coolfroz WCTE0018 18 Botellas Termoelectrica Display Led,293649.00,si,2026-10-06,381744.00,0650414673538
Carrefour,1759889,Aparador Comoda Mueble Vinos Recibidor MDF MDP Mix Match,435435.00,si,2026-10-06,791700.00,7899537902634
Carrefour,751730,Pack vino tinto Malbec + Cabernet Sauvignon San Humberto estuche 750 ml,12960.00,,2026-10-06,12960.00,7790945003114
Carrefour,1767133,Set x 2 Copas Copon Vino Gin Tonic Tragos Vidrio Pasabahce,11412.00,si,2026-10-06,19020.00,8693357333161
Carrefour,699911,Estuche vino Las Perdices espumante cheer 750 cc. x 3 uni,52000.00,,2026-10-06,52000.00,7798123973334
Carrefour,1771430,Set x 6 Copas Copon Vino Tragos Vidrio Ivory 490 cc Pasabahce,29746.80,si,2026-10-06,49578.00,8693357612624
Carrefour,1765504,Copa Vino Tragos Vidrio Set X 2 Unid Pasabahce Amber,9504.00,si,2026-10-06,15840.00,7798385070444
Carrefour,1764134,Kit Sacacorcho Electrico Gadnic + Aireador De Vinos,48799.00,si,2026-10-06,63439.00,650414220190
Carrefour,1766926,Cava De Vinos Vondom Para 12 Botellas Con Estantes De Madera,300018.60,si,2026-10-06,333354.00,7798175210012
Carrefour,774199,Decantador vino Carrefour Home 1.20 lts,24990.00,si,2026-10-06,29990.00,3617702664682
Carrefour,1761185,Set X 4 Copas Copon Vaso De Vino Vidrio Pasabahce Allegra,31752.00,si,2026-10-06,52920.00,7798385072370
Carrefour,699916,Estuche vino tinto Las Perdices + copa Malbec 750 ml,50945.00,,2026-10-06,50945.00,7798123972849
Carrefour,1774648,Copón Copa Vino Cristal Nude 6 Unid Terroir 590 Cc Stemware,63459.00,si,2026-10-06,105765.00,8693357339699
Carrefour,1655755,Cava Termoeléctrica De Vinos Philco Phcav028n 28 Botellas,364999.00,si,2026-10-06,401499.00,07799111035430
Carrefour,1765503,Set X 6 Copa Copon Vaso Vino Vidrio Pasabahce Allegra,47628.00,si,2026-10-06,79380.00,869335275397
Carrefour,731510,Copa de vino 4 vap cristal bohemia 48 cl,39990.00,si,2026-10-06,49990.00,3700324280986
Carrefour,1647589,Cava de Vinos Whirlpool para 12 Botellas Negra,389999.00,si,2026-10-06,419999.00,WZC12ABDIM
Carrefour,1774302,Set x 6 Copas Copon con pie Vino Tragos Cristal 440 ml Pasabahce Resistente Brillo Sidera,50544.00,si,2026-10-06,84240.00,8693357642300
Carrefour,1774301,Set x 6 Copas Copon con pie Vino Tragos Cristal 615 ml Pasabahce Resistente Brillo Sidera,54360.00,si,2026-10-06,90600.00,8693357642348
Carrefour,1773550,"Set de Vino 3 piezas Sacacorcho, Antigoteo y Cortacápsulas Aston",11430.00,si,2026-10-06,19050.00,7798385075524
Carrefour,1770315,Cava de Vino Termoeléctrica 18 Botellas RANSER WC-7000 MENDOZA 11 °C a 18 °C Negro,274299.00,si,2026-10-06,421998.46,8435436106163
Carrefour,1769272,Kit Decanter + 2 Copas Brunello Set Vino Nadir Vidrio,59674.99,si,2026-10-06,85250.00,7891155056881
Carrefour,1642814,Cava De Vino Electrolux Erw085xamb 8 Botellas,265039.00,si,2026-10-06,368110.00,0007861106366123
Carrefour,1655773,Cava Eléctrica Philco 94PHCAV052N 52 Botellas,583999.00,si,2026-10-06,642399.00,07799111035447
Carrefour,1771370,Heladera Whirlpool Retro Vino 80 / 76 Lts,569999.00,si,2026-10-06,599999.00,7891129607323
Carrefour,1759870,Mueble Bar Bodega Vinos Vajillero MDP MDF de 15mm Mix Match,310035.00,si,2026-10-06,563700.00,7899537902207
Carrefour,1658884,Cava De Vinos Vondom 18st Para 18 Botellas Linea Acero,310827.00,si,2026-10-06,457099.00,7798175210388
Carrefour,1762339,Cava De Vinos Vondom Para 18 Botellas Con Estantes De Madera,355183.00,si,2026-10-06,449599.00,7798175210029
Carrefour,699917,Estuche vino tinto Las Perdices + copa Malbec 750 ml,24000.00,,2026-10-06,24000.00,7798123972559
Carrefour,1770344,Cava de Vino Termoeléctrica 12 Botellas RANSER WC-1412 MAINZ 35Lts 5°C a 18°C Negro,264999.00,si,2026-10-06,407690.76,8435436106408
Carrefour,1768176,Set De 6 Copas De Vino Effect 490ml Transparente Blackly,76125.00,si,2026-10-06,108750.00,7899001031381
Carrefour,1655756,Cava eléctrica Philco PREDICTA PHCAV042N Compresión 42 Botellas,1888999.00,si,2026-10-06,2077899.00,07799111035454
Carrefour,776198,Estuche vino tinto Malbec Nina Gold 750 ml,13525.00,,2026-10-06,13525.00,7790945008386
Carrefour,1767604,Cava de vino para 12 botellas Negro Drean CVDR12CN0,269999.00,si,2026-10-06,415998.70,7502271272726
Carrefour,1764128,Cava De Vino Coolfroz WCTE0018 18 Botellas + Sacacorchos Automático Gadnic,326849.00,si,2026-10-06,424904.00,7427251180900
Carrefour,1771431,Set x4 Copas Copon Vino Tragos Vidrio Ivory 490 cc Pasabahce,18984.59,si,2026-10-06,31641.00,8693357637689
Carrefour,1767603,Cava de vino para 8 botellas Negro Drean CVDR08CN0,239999.00,si,2026-10-06,389998.70,7502271272719
Carrefour,1770314,Cava de Vino Termoeléctrica 8 Botellas RANSER WC-1408 BOURDEAUX 25Lts 5°C y 18°C Negro,219999.00,si,2026-10-06,338460.00,8413880225135
Carrefour,1770378,Cava de Vino Termoeléctrica 28 Botellas Philco PHCAV028N Negro,384999.00,si,2026-10-06,592306.15,7799111035430
Carrefour,1650526,Cava de Vino Electrolux 34 botellas ERWV34W5MAB,877655.00,si,2026-10-06,1005332.00,7909569426050
Carrefour,1762389,Cava Wifi Winefroz Luxury Edition Para 119 Botellas,4354449.00,si,2026-10-06,4948238.00,7798175212306
Carrefour,1769588,Cava De Vinos Vondom T18 18 Botellas Estantes De Madera,364159.80,si,2026-10-06,404622.00,7798175210029
Carrefour,1769586,Cava De Vinos Vondom T8 8 Botellas Estantes De Madera,258636.60,si,2026-10-06,287374.00,7798175211323
Carrefour,784747,Copa Nadir vino ravena 385 ml,4299.00,,2026-10-06,4299.00,7891155667964
Carrefour,1769585,Cava De Vino Electrolux Erw085xamb 8 Botellas 23l,301052.70,si,2026-10-06,334503.00,7861106366123
Carrefour,1770292,Cava de Vino Termoeléctrica 28 Botellas RANSER WC-1428 VERONA 11°C a 18°C Negro,406599.00,si,2026-10-06,625536.92,8435436105975
Carrefour,1762336,Cava De Vinos Vondom Para 8 Botellas Con Estantes De Madera,259283.00,si,2026-10-06,316199.00,7798175211323
Carrefour,1763936,Cava De Vino Vondom T12-ESTM 12 Botellas Estantes de Madera,274899.00,,2026-10-06,274899.00,7798175210012
Carrefour,701627,Cilindro CO2 Sodastream rosa,50399.00,,2026-10-06,50399.00,8719128118734
Carrefour,640405,Cilindro co2 Sodastream celeste,50399.00,,2026-10-06,50399.00,7290002793311
Carrefour,1758743,Maquina Para Hacer Soda Sodastream E Duo Negra Con Cilindro,274999.00,,2026-10-06,274999.00,7290116741901
Carrefour,1751842,Máquina Para Hacer Soda Art White Blanca Sodastream Color Bl,158599.00,,2026-10-06,158599.00,7290113764422
Carrefour,753888,Jabon líquido Ace clásico Doypack 3 lts,12829.00,,2026-10-06,12829.00,7790990002988
Carrefour,448284,Jabon de tocador dulces sueños Johnson's Baby 80 g.,1769.00,,2026-10-06,1769.00,7891010781668
Carrefour,753886,Jabon líquido Ace clásico Doypack 800 ml,3890.00,,2026-10-06,3890.00,7790990002964
Carrefour,711869,Jabon líquido para ropa Carrefour expert doypack 1.5 lts,4790.00,,2026-10-06,4790.00,7791720027622
Carrefour,689644,Jabon líquido Estilo Spa aloe y té verde 300 cc.,3795.00,,2026-10-06,3795.00,7798096053019
Carrefour,702171,Jabonera caballete (Modelos Surtidos),7900.00,,2026-10-06,7900.00,7790733007492
Carrefour,1649243,Jabonera rejilla accesorio de baño FV Grand Hotel CHICA,79062.75,si,2026-10-06,93015.00,P747
Carrefour,1648911,Jabonera de pared accesorio de baño FV Ciprés,39860.75,si,2026-10-06,46895.00,P19
Carrefour,1648774,Jabonera de pared accesorio de baño FV Epuyén NEGRO 0168/L2,62887.25,si,2026-10-06,73985.00,P881
Carrefour,1649820,Jabonera rejilla accesorio de baño FV Grand Hotel GRANDE,94282.00,si,2026-10-06,110920.00,P466
Carrefour,1648586,Jabonera de pared accesorio de baño FV Libby,53078.25,si,2026-10-06,62445.00,P523
Carrefour,1649255,Jabonera de pared accesorio de baño FV Temple,196311.75,si,2026-10-06,230955.00,P759
Carrefour,695713,Jabón Liquido para Diluir Skip Bio-Enzimas 500 ml,14255.00,,2026-10-06,14255.00,7791290792838
Carrefour,695707,Jabón Liquido Skip Bio-Enzimas Doypack 3 lts,16755.00,,2026-10-06,16755.00,7791290792791
Carrefour,695747,Jabón Líquido Concentrado para Diluir Ala Matic Máxima Remoción 500 ml,12050.00,,2026-10-06,12050.00,7791290792043
Carrefour,730760,Jabón Liquido Para manos Suave Coco y Karite 220 ml,1855.00,,2026-10-06,1855.00,7791293049403
Carrefour,762873,Jabón Líquido Concentrado Skip para Ciclo Corto Limpieza Activa Doypack 800 ml,11289.00,,2026-10-06,11289.00,7791290796430
Carrefour,749496,Jabón concentrado Ariel Platinum Botella 500 ml,12850.00,,2026-10-06,12850.00,7790990002834
Carrefour,745773,Jabón líquido para ropa Ariel Platinum Doypack 3 lts,15940.00,,2026-10-06,15940.00,7790990003220
Carrefour,719422,Jabón Liquido para manos Dove Nutrición Profunda Refill 220 ml,4319.00,,2026-10-06,4319.00,7791293046136
Carrefour,730415,Jabón Líquido Concentrado para Diluir Ala con Bicarbonato 500 ml,12050.00,,2026-10-06,12050.00,7791290795495
Carrefour,710183,Jabón De Tocador Palmolive Naturals Frambuesa Y Mora x3 90 grs,3739.00,,2026-10-06,3739.00,7509546683393
Carrefour,730414,Jabón Líquido Concentrado para Diluir Skip Power Delux 500 ml,14255.00,,2026-10-06,14255.00,7791290795518
Carrefour,726400,Jabón Liquido Para manos Suave Jazmín y Almendras 220 ml,1855.00,,2026-10-06,1855.00,7791293049441
Carrefour,695715,Jabón Liquido Skip Bio-Enzimas Doypack 800 ml,4745.00,,2026-10-06,4745.00,7791290792814
Carrefour,758213,Jabón concentrado Ace clásico botella 500 ml,10159.00,,2026-10-06,10159.00,7790990002858
Carrefour,740521,Jabón líquido Lux orquidea negra repuesto 220 cc,3089.00,,2026-10-06,3089.00,7791293048819
Carrefour,744122,Jabón en Barra Rexona Cotton Fresh Multipack x3 120 grs,4339.00,,2026-10-06,4339.00,7791293050935
Carrefour,763615,Zorro Evolution Diluible Fragancia Duradera 500 ml,10440.00,,2026-10-06,10440.00,7790990003909
Carrefour,758018,Jabón de tocador Palmolive Naturals toque nutritivo 125 grs,1559.00,,2026-10-06,1559.00,7509546697567
Carrefour,731040,Detergente baja espuma Carrefour Expert dp 3 lts,7990.00,,2026-10-06,7990.00,7791720031858
Carrefour,709352,"Jabón en polvo Skip Bio-Enzimas Baja espuma 2,5 Kg",14085.00,,2026-10-06,14085.00,7791290793545
Carrefour,740507,Jabón de tocador Lux rosas francesas x3 120 g.,4638.46,,2026-10-06,4638.46,7791293050836
Carrefour,740523,Jabón líquido Lux rosas francesas repuesto 220 cc,3089.00,,2026-10-06,3089.00,7791293048826
Carrefour,778331,Jabón en polvo Ala Bicarbonato 800 grs,3319.00,,2026-10-06,3319.00,7791290796829
Carrefour,744130,Jabón de tocador Dove piel sensible x3 90 g.,7655.00,,2026-10-06,7655.00,7891150095700
Carrefour,745771,Jabón líquido para ropa Ariel Platinum Doypack 800 ml,4510.00,,2026-10-06,4510.00,7790990003190
Carrefour,619920,Jabón líquido para ropa Woolite bebé en máquina repuesto 900 ml.,7740.00,,2026-10-06,7740.00,7791130003643
Carrefour,745297,Jabón de tocador cremoso Carrefour Soft x3 90 g.,1590.00,si,2026-10-06,1890.00,7791720032879
Carrefour,695746,Jabón Líquido Ala Matic Remoción 3 lts,14239.00,,2026-10-06,14239.00,7791290792036
Carrefour,635167,Jabón líquido Algabo coco y vainilla repuesto 300 cc.,2150.00,,2026-10-06,2150.00,7791274000737
Carrefour,730831,Jabón líquido Carrefour Soft de mora y lirios dp 300 cc.,1890.00,,2026-10-06,1890.00,7791720029442
Carrefour,730413,Jabón Líquido Concentrado para Diluir Skip Oxi Power 500 ml,14255.00,,2026-10-06,14255.00,7791290795501
Carrefour,764132,Jabón Líquido Concentrado para Diluir Granby Baja Espuma Limón 500 ml,8775.00,,2026-10-06,8775.00,7791290796478
Carrefour,397713,Jabón de Tocador Dove Exfoliante 90 grs,2739.00,,2026-10-06,2739.00,7898422746827
Carrefour,744239,Detergente ropa oscura Woolite baja espuma dp 900 cc.,7740.00,,2026-10-06,7740.00,7791130963411
Carrefour,778332,Jabón en polvo Ala Bicarbonato 3 kg,11519.00,,2026-10-06,11519.00,7791290796836
Carrefour,740519,Jabón líquido Lux jazmin repuesto 220 cc,3089.00,,2026-10-06,3089.00,7791293048802
Carrefour,762874,Jabón Líquido Concentrado Skip para Ciclo Corto Cuidado Activo Doypack 800 ml,11289.00,,2026-10-06,11289.00,7791290796447
Carrefour,741292,Jabón líquido para ropa Ariel limpieza profunda pouch 3 lts.,16100.00,,2026-10-06,16100.00,7790990002827
Carrefour,695744,Jabón Liquido Ala Matic Máxima Remoción 800 ml,4029.00,,2026-10-06,4029.00,7791290792012
Carrefour,717729,Jabón tocador St tropez glicerina frutal x3 90 g.,3080.00,,2026-10-06,3080.00,7794218106519
Carrefour,730410,Jabón humectante Nivea Creme Care para todo tipo de piel x3 125 grs,5609.00,,2026-10-06,5609.00,4006000050188
Carrefour,775541,Jabón de tocador Bulnez marina x3 75 grs,1390.00,,2026-10-06,1390.00,7791720048993
Carrefour,577003,Jabón de tocador Carrefour Soft lirios blancos 3 x 125 grs,2890.00,,2026-10-06,2890.00,7798159715991
Carrefour,778342,Jabón en polvo Ala Matic con bicarbonato dual 400 grs,1749.00,,2026-10-06,1749.00,7791290796812
Carrefour,762550,Jabón Líquido Concentrado Skip para Ciclo Corto Limpieza Activa Botella 800 ml,13279.00,,2026-10-06,13279.00,7791290796409
Carrefour,547861,Jabón líquido Algabo green tea repuesto 300 cc.,2150.00,,2026-10-06,2150.00,7791274196041
Carrefour,547859,Jabón líquido Algabo citrus splash repuesto 300 ml,2150.00,,2026-10-06,2150.00,7791274196010
Carrefour,696757,Jabón líquido para ropa Multimax para diluir concentrado (rinde 800 ml.) 200 ml.,1709.00,,2026-10-06,1709.00,7798184586351
Carrefour,695739,Jabón en Polvo Ala Matic Máxima Remoción 3 kg,13555.00,,2026-10-06,13555.00,7791290792104
Carrefour,775545,Jabón de tocador Bulnez rosas x3 75 grs,1390.00,,2026-10-06,1390.00,7791720049006
Carrefour,730833,Jabón líquido Carrefour Soft de té verde y limón dp 300 cc.,1890.00,,2026-10-06,1890.00,7791720029428
Carrefour,743447,Jabón líquido para ropa Bulnez dp 800 ml.,1998.00,,2026-10-06,1998.00,7791720035535
Carrefour,744121,Jabón en Barra Rexona Bamboo Multipack x3 120 grs,4339.00,,2026-10-06,4339.00,7791293050928
Carrefour,764226,Plusbelle jabón de tocador Flores Rosas x3 120 grs,3940.00,,2026-10-06,3940.00,7790990004104
Carrefour,416065,Jabón de glicerina Véritas sin perfume x3 120 g,4730.00,,2026-10-06,4730.00,7791520077247
Carrefour,730761,Jabón Liquido Para manos Suave Flor Naranja y Miel 220 ml,1855.00,,2026-10-06,1855.00,7791293049410
Carrefour,697512,Jabón líquido Ecovita baja espuma repuesto 800 ml,2600.00,,2026-10-06,2600.00,7798124362229
Carrefour,744120,Jabón en Barra Rexona Sensible Multipack x3 120 grs,4339.00,,2026-10-06,4339.00,7791293050911
Carrefour,709351,Jabón en polvo Skip Bio-Enzimas Baja espuma 600 grs,4345.00,,2026-10-06,4345.00,7791290793446
Carrefour,741717,Jabón liquido Palmolive Naturals Camelia doypack 200 ml,2729.00,,2026-10-06,2729.00,7891024032886
Carrefour,695748,Jabón Liquido Ala Matic Toque Vivere Máxima Remoción 3 lts,14239.00,,2026-10-06,14239.00,7791290792173
Carrefour,727462,Jabón líquido para ropa Carrefour Expert en botella 3 lts.,10650.00,,2026-10-06,10650.00,7791720031827
Carrefour,741290,Jabón líquido para ropa Ariel Delicados Doypack 800 ml,4500.00,,2026-10-06,4500.00,7790990002810
Carrefour,719423,Jabón Liquido para manos Dove Antibacterial Cuida & Protege 220 ml Refill,4900.00,,2026-10-06,4900.00,7791293046150
Carrefour,740529,Jabón en Barra Rexona Copa del Mundo de la FIFA 2026 Multipack x3 120 grs,4339.00,,2026-10-06,4339.00,7791293050942
Carrefour,695740,Jabón en Polvo Ala Matic Mañana de Sol Máxima Remoción 800 grs,3875.00,,2026-10-06,3875.00,7791290792142
Carrefour,697585,Jabón líquido para ropa Carrefour dp 800 cc.,2690.00,,2026-10-06,2690.00,7791720023549
Carrefour,725774,Jabón Liquido Ala Camellito Ropa Delicada Doypack 450 ml,3799.00,,2026-10-06,3799.00,7791290795259
Carrefour,544321,Jabón líquido para ropa Querubín doy pack 3 lts,11789.00,,2026-10-06,11789.00,7791905003366
Carrefour,744237,Detergente extra blanco Woolite baja aspuma 450 cc.,4100.00,,2026-10-06,4100.00,7791130963435
Carrefour,763614,Zorro Líquido Bicarbonato 800 ml,3500.00,,2026-10-06,3500.00,7790990003817
Carrefour,719256,Jabón Liquido para manos Dove Cuidado Reconfortante 220 ml Refill,4319.00,,2026-10-06,4319.00,7791293046143
Carrefour,717728,Jabón tocador St tropez hidratación int x3 125 g.,3080.00,,2026-10-06,3080.00,7794218106564
Carrefour,777508,Jabón De Tocador Palmolive Naturals Toque Nutritivo x4 85 grs,3679.00,,2026-10-06,3679.00,7509546703107
Carrefour,619283,Jabón líquido Dove coco 250 cc.,6369.00,,2026-10-06,6369.00,7891150029309
Carrefour,695734,Jabón en Polvo Ala Lavado a Mano Máxima Remoción 800 grs,3909.00,,2026-10-06,3909.00,7791290792050
Carrefour,744238,Detergente ropa fina Woolite para maquina dp 900 ml,7740.00,,2026-10-06,7740.00,7791130963428
Carrefour,740515,Jabón de tocador Lux orquidea negra 120 g.,1659.00,,2026-10-06,1659.00,7791293050867
Carrefour,696800,Jabón líquido para ropa Multimax con suavizante para diluir concentrado (rinde 800 ml.) 200 ml.,1919.00,,2026-10-06,1919.00,7798184585019
Carrefour,637096,Jabón líquido Algabo flower milk repuesto 300 cc.,2150.00,,2026-10-06,2150.00,7791274000492
Carrefour,745301,Jabón de tocador rosa Carrefour Soft x3 125 g.,2890.00,,2026-10-06,2890.00,7791720032909
Carrefour,695741,Jabón en Polvo Ala Matic Mañana de Sol Máxima Remoción 3 kg,13555.00,,2026-10-06,13555.00,7791290792159
Carrefour,759429,Jabón para lavar la ropa para diluir Eco Planet 135 ml,1550.00,,2026-10-06,1550.00,7791720040379
Carrefour,744129,Jabón Líquido Dove Piel Sensible 250 ml,6369.00,,2026-10-06,6369.00,7891150095694
Carrefour,666239,Jabón en barra Dove Antibacterial Cuida & Protege 90 grs,2739.00,,2026-10-06,2739.00,7891150075382
Carrefour,716885,Jabón líquido para ropa Carrefour Expert para diluir en botella 500 ml,8750.00,,2026-10-06,8750.00,7791720028445
Carrefour,745298,Jabón de tocador rosas Carrefour Soft x3 90 g.,1590.00,si,2026-10-06,2090.00,7791720032893
Carrefour,730837,Jabón líquido Carrefour Soft de durazno dp 300 cc.,1890.00,,2026-10-06,1890.00,7791720029459
Carrefour,764227,Plusbelle jabón de tocador Jazmín x3 120 grs,3940.00,,2026-10-06,3940.00,7790990004128
Carrefour,740217,Detergente para ropa oscura Woolite baja espuma dp 450 ml,4100.00,,2026-10-06,4100.00,7791130963497
Carrefour,691400,Jabón Liquido Rexona Antibacterial Fresh 220 ml Recarga Económica,4030.00,,2026-10-06,4030.00,7791293041858
Carrefour,570349,Jabón líquido para ropa Woolite bebé en máquina repuesto 450 ml.,4259.00,,2026-10-06,4259.00,7791130001649
Carrefour,445595,Jabón líquido Algabo floral rain repuesto 300 cc.,2150.00,,2026-10-06,2150.00,7791274196003
Carrefour,703596,Jabón líquido para ropa Ecovita intense doypack 3 lts,9709.00,,2026-10-06,9709.00,7798124362342
Carrefour,762344,Jabón Líquido Concentrado para Diluir Ala Blancos más blancos Baja Espuma 500 ml,12050.00,,2026-10-06,12050.00,7791290796485
Carrefour,416209,Jabón de glicerina néctar de frutas Véritas 120 g. x 3 uni,4699.00,,2026-10-06,4699.00,7791520077261
Carrefour,740513,Jabón de tocador Lux lirio azul 120 g.,1660.00,,2026-10-06,1660.00,7791293050850
Carrefour,763613,Zorro Líquido Bicarbonato 3 lts,11540.00,,2026-10-06,11540.00,7790990003831
Carrefour,673211,Jabón en barra original Espadol Dettol x3 80 g.,5435.00,,2026-10-06,5435.00,7798339190112
Carrefour,735784,Abrillantador para máquinas lavavajilla Triple Acción Sun 500 ml,14975.00,,2026-10-06,14975.00,7791290791954
Carrefour,730835,Jabón líquido Carrefour Soft pomelo dp 300 ml,1890.00,,2026-10-06,1890.00,7791720029435
Carrefour,723645,Zorro Líquido Clásico 3 lts,11539.00,,2026-10-06,11539.00,7790990002186
Carrefour,646955,Jabón líquido para ropa Netic 3 l.,6580.00,,2026-10-06,6580.00,7791905003878
Carrefour,607591,Jabón Liquido Corporal Baby Dove Humectación Enriquecida Refill 180 ml,4429.00,,2026-10-06,4429.00,7891150035874
Carrefour,577002,Jabón de tocador Carrefour Soft joven y natural 90 grs x 3 uni,2090.00,,2026-10-06,2090.00,7798159716011
Carrefour,762551,Jabón Líquido Concentrado Skip para Ciclo Corto Cuidado Activo Botella 800 ml,13279.00,,2026-10-06,13279.00,7791290796416
Carrefour,762552,Jabón Líquido Concentrado Skip para Ciclo Corto Frescura Activa Botella 800 ml,13279.00,,2026-10-06,13279.00,7791290796423
Carrefour,695735,Jabón en polvo Ala lavado a mano máxima blancura 400 grs,2055.00,,2026-10-06,2055.00,7791290792067
Carrefour,599319,Jabón de tocador St Tropez brisa primaveral x 3 uni,3080.00,,2026-10-06,3080.00,7794218000176
Carrefour,681905,Esponja manoplin Bijou vegetal x 1 uni,2990.00,,2026-10-06,2990.00,7793260000332
Carrefour,367550,Jabón líquido para ropa Querubín premium 800 ml.,3430.00,,2026-10-06,3430.00,7791905001393
Carrefour,677643,Jabón tocador antibacterial Carrefour Soft 90 g. x 3 uni,4150.00,,2026-10-06,4150.00,7791720024195
Carrefour,725772,Jabón Liquido Ala Camellito Baja Espuma para Ropa Delicada Doypack 450 ml,3799.00,,2026-10-06,3799.00,7791290795280
Carrefour,775543,Jabón de tocador Bulnez original x3 75 grs,1390.00,,2026-10-06,1390.00,7791720049051
Carrefour,720304,Zorro Polvo AE Clásico 400 grs,1620.00,,2026-10-06,1620.00,7790990002223
Carrefour,744123,Jabón en Barra Rexona Nutritive Orchid Multipack x3 120 grs,4339.00,,2026-10-06,4339.00,7791293050959
Carrefour,719442,Jabón en Barra Rexona Aloe Multipack x3 90 grs,4780.00,,2026-10-06,4780.00,7791293046907
Carrefour,703595,Jabón líquido para ropa Ecovita intense doypack 800 cc.,3029.00,,2026-10-06,3029.00,7798124362359
Carrefour,546311,Jabón líquido para manos Palmolive Naturals coco 221 ml,4580.00,,2026-10-06,4580.00,7509546053776
Carrefour,723643,Zorro Líquido Clásico 800 ml,3490.00,,2026-10-06,3490.00,7790990002162
Carrefour,740075,Jabón en polvo Limzul fragancia larga 800 g.,2400.00,,2026-10-06,2400.00,7790990001349
Carrefour,775542,Jabón de tocador Bulnez marina 75 grs,499.00,,2026-10-06,499.00,7791720048986
Carrefour,758752,Jabón líquido para diluir Multimax con bicarbonato 200 ml,2149.00,,2026-10-06,2149.00,7798184582315
Carrefour,780528,Jabón en barra quitamancha Carrefour Expert 75 grs,1590.00,,2026-10-06,1590.00,7791720050255
Carrefour,731879,Jabón de tocador St tropez de glicerina frutos rojos 90 g.,1050.00,,2026-10-06,1050.00,7794218106908
Carrefour,710184,Jabón de tocador Palmolive Naturals charcoal x3 90 grs,3739.00,,2026-10-06,3739.00,7509546683386
Carrefour,744236,Detergente clásico Woolite baja espuma dp 450 cc.,4100.00,,2026-10-06,4100.00,7791130963503
Carrefour,695742,Jabón en polvo Ala matic mañana de sol máxima blancura 400 grs,2055.00,,2026-10-06,2055.00,7791290792166
Carrefour,775546,Jabón de tocador Bulnez rosas 75 grs,499.00,,2026-10-06,499.00,7791720049020
Carrefour,742846,Jabón antibac jazmin Carrefour Soft dp 250 cc.,2450.00,,2026-10-06,2450.00,7791720029244
Carrefour,775540,Jabón de tocador Bulnez citrico 75 grs,490.00,,2026-10-06,490.00,7791720049037
Carrefour,673206,Jabón antibacterial original Espadol 80 g.,1230.00,si,2026-10-06,2050.00,7798339190051
Carrefour,738469,Jabón de tocador Protex Aloe 125 grs,1985.00,,2026-10-06,1985.00,7509546692609
Carrefour,744235,Detergente ropa fina Woolite lavado a mano seda dp 450 cc.,4100.00,,2026-10-06,4100.00,7791130963459
Carrefour,744126,Jabón en Barra Rexona Cotton Fresh 120 grs,1559.00,,2026-10-06,1559.00,7791293050980
Carrefour,745300,Jabón de tocador blanco Carrefour Soft x3 125 g.,2890.00,,2026-10-06,2890.00,7791720032886
Carrefour,695737,Jabón en Polvo Ala Matic Máxima Remoción 800 grs,3909.00,,2026-10-06,3909.00,7791290792081
Carrefour,727461,Jabón líquido para ropa Carrefour Expert en botella 1.5 lts.,4190.00,si,2026-10-06,5790.00,7791720031810
Carrefour,707252,Campos verdes jabón de tocador aromaterapia 120 grs,1029.00,,2026-10-06,1029.00,7790990000991
Carrefour,731038,Detergente baja espuma Carrefour Expert dp 800 ml,2690.00,,2026-10-06,2690.00,7791720031865
Carrefour,738470,Jabón de tocador Protex Avena + Prebiótico 125 grs,1985.00,,2026-10-06,1985.00,7509546692616
Carrefour,719459,Jabón de tocador Rexona glicerina frutos rojos x3 90 g.,5035.00,,2026-10-06,5035.00,7791293049212
Carrefour,495466,Esponja de baño 1 u.,3690.00,,2026-10-06,3690.00,7797196657431
Carrefour,673214,Jabón en barra active deo Espadol Dettol x3 80 g.,5200.00,,2026-10-06,5200.00,7798339190143
Carrefour,599318,Jabón de tocador Saint Tropez flores 3 u. x 125 g.,3080.00,,2026-10-06,3080.00,7794218000190
Carrefour,761150,Zorro Polvo BE Bicarbonato 3 kg,10510.00,,2026-10-06,10510.00,7790990003855
Carrefour,695738,Jabón en polvo Ala matic máxima blancura 400 grs,2055.00,,2026-10-06,2055.00,7791290792098
Carrefour,599317,Jabón de tocador Saint Tropez brillo y luz 3 u. x 125 g.,3080.00,,2026-10-06,3080.00,7794218000152
Carrefour,716843,Jabón íntimo Nivea Delicate comfort para todo tipo de piel 250 ml.,8159.00,,2026-10-06,8159.00,4005808538553
Carrefour,607595,Jabón Líquido Corporal Baby Dove Humectación Enriquecida 200 ml,6319.00,,2026-10-06,6319.00,7891150025981
Carrefour,761149,Zorro Polvo BE Bicarbonato 800 grs,3319.00,,2026-10-06,3319.00,7790990003848
Carrefour,719444,Jabón de tocador Rexona antibacterial fresh x3 90 g.,4780.00,,2026-10-06,4780.00,7791293046914
Carrefour,658498,Jabón humectante Nivea avena para todo tipo de piel x3 125 g.,5609.00,,2026-10-06,5609.00,4005900683830
Carrefour,716886,Jabón líquido para ropa Carrefour Expert para diluir en botella 500 ml + bidón 3 lts.,10490.00,,2026-10-06,10490.00,7791720028452
Carrefour,759582,Detergente en polvo Ace clásico baja espuma 400 grs,2029.00,,2026-10-06,2029.00,7790990002919
Carrefour,643825,Jabón líquido para ropa Netic 800 g.,1999.00,,2026-10-06,1999.00,7791905003861
Carrefour,753768,Jabón espuma antibacterial Carrefour Soft de sandia y pomelo 250 ml,2850.00,,2026-10-06,2850.00,7791720040980
Carrefour,760100,Jabón de tocador Palmolive kids 85 grs,1750.00,,2026-10-06,1750.00,7891024042229
Carrefour,730004,Jabón líquido Algabo ecopack citrus splash 900 cc.,5759.00,,2026-10-06,5759.00,7791274199516
Carrefour,730010,Jabón líquido Algabo ecopack green tea 900 cc.,5759.00,,2026-10-06,5759.00,7791274199523
Carrefour,764223,Plusbelle jabón de tocador Lavanda 120 grs,1480.00,,2026-10-06,1480.00,7790990004135
Carrefour,744125,Jabón en Barra Rexona Bamboo 120 grs,1559.00,,2026-10-06,1559.00,7791293050973
Carrefour,701396,Jabón líquido Espadol antibacterial repuesto 220 cc.,4550.00,,2026-10-06,4550.00,7798339190310
Carrefour,719443,Jabón en barra Rexona original multipack 3x 90 grs,4780.00,,2026-10-06,4780.00,7791293046891
Carrefour,753769,Jabón espuma antibacterial Carrefour Soft de durazno 250 ml,1790.00,si,2026-10-06,2850.00,7791720040966
Carrefour,742848,Jabón antibac aloe Carrefour Soft dp 250 cc.,2450.00,,2026-10-06,2450.00,7791720029251
Carrefour,740530,Jabón en barra Rexona Copa del Mundo de la FIFA 2026 120 grs,1559.00,,2026-10-06,1559.00,7791293050997
Carrefour,731039,Detergente baja espuma Carrefour Expert dp 1.5 lts,4790.00,,2026-10-06,4790.00,7791720031841
Carrefour,766709,Jabón líquido Johson Baby con glicerina 180 ml,3669.00,,2026-10-06,3669.00,7891010257392
Carrefour,681511,Jabón líquido íntimo Dermovagisil odor block 355 cc.,14999.00,,2026-10-06,14999.00,7798092840507
Carrefour,784291,Jabón líquido para ropa fina bebé Ala Camellito dp 450 ml,3798.48,,2026-10-06,3798.48,7791290796867
Carrefour,720302,Zorro Polvo AE Clásico 800 grs,3000.00,,2026-10-06,3000.00,7790990002230
Carrefour,717726,Jabón tocador St tropez cremoso x3 125 g.,3080.00,,2026-10-06,3080.00,7794218106540
Carrefour,730409,Jabón humectante Nivea creme care para todo tipo de piel 125 g.,2099.00,,2026-10-06,2099.00,4006000050171
Carrefour,771935,Jabón de tocador St Tropez frescura marina 120 grs,1130.00,,2026-10-06,1130.00,7794218106991
Carrefour,745299,Jabón tricolor Carrefour Soft x3 90 g.,1590.00,si,2026-10-06,2090.00,7791720032862
Carrefour,730008,Jabón líquido Algabo ecopack floral rain 900 cc.,5759.00,,2026-10-06,5759.00,7791274199530
Carrefour,730411,Jabón con glicerina Nivea orquídeas para todo tipo de piel x3 90 g.,5649.00,,2026-10-06,5649.00,4006000050201
Carrefour,701395,Jabón líquido Espadol antibacterial original repuesto 220 cc.,4479.00,,2026-10-06,4479.00,7798339190259
Carrefour,548215,Jabón líquido Algabo floral rain 300 cc.,3310.00,,2026-10-06,3310.00,7791274193415
Carrefour,579746,Jabón líquido para ropa Carrefour ropa fina 450 cc.,2390.00,si,2026-10-06,3450.00,7798159717704
Carrefour,541684,Jabón líquido para ropa Querubín botella 1.5 lts,6040.00,,2026-10-06,6040.00,7791905003328
Carrefour,577004,Jabón de tocador Carrefour Soft humectación natural 3 x 90 g.,2750.00,,2026-10-06,2750.00,7798159716004
Carrefour,739291,Jabón líquido Johnsons para bebé recien nacido 200 cc.,5475.00,,2026-10-06,5475.00,7891010255145
Carrefour,771934,Jabón de tocador St Tropez brisa de primavera 120 grs,1130.00,,2026-10-06,1130.00,7794218106984
Carrefour,507696,Jabón líquido antibacterial Carrefour Soft 250 ml,2850.00,,2026-10-06,2850.00,7798159712570
Carrefour,753766,Jabón espuma Carrefour Soft de pepino y melón 250 ml,2790.00,si,2026-10-06,5250.00,7791720040942
Carrefour,727459,Jabón líquido para ropa Carrefour Expert en botella 800 ml,3490.00,,2026-10-06,3490.00,7791720031834
Carrefour,673213,Jabón en barra cremoso Espadol Dettol x3 80 g.,5200.00,,2026-10-06,5200.00,7798339190136
Carrefour,781109,Jabón de tocador Carrefour Soft Lirios Blancos 125 grs,1050.00,,2026-10-06,1050.00,7791720050231
Carrefour,744124,Jabón de tocador Rexona sensible 120 g.,1559.00,,2026-10-06,1559.00,7791293050966
Carrefour,636651,Jabón Asepxia carbón detox barra 100 g.,6360.00,,2026-10-06,6360.00,650240035401
Carrefour,753767,Jabón espuma Carrefour Soft de limón y verbena 250 ml,5250.00,,2026-10-06,5250.00,7791720040935
Carrefour,764222,Plusbelle jabón de tocador Flores Rosa 120 grs,1480.00,,2026-10-06,1480.00,7790990004098
Carrefour,701397,Jabón líquido Espadol antibacterial skincare repuesto 500 cc.,8749.00,,2026-10-06,8749.00,7798339190297
Carrefour,775544,Jabón de tocador Bulnez original 75 grs,499.00,,2026-10-06,499.00,7791720049044
Carrefour,719255,Jabón de tocador Rexona glicerina frutos rojos 90 g.,1679.00,,2026-10-06,1679.00,7791293049182
Carrefour,719457,Jabón de tocador Rexona glicerina citrus x3 90 g.,5035.00,,2026-10-06,5035.00,7791293049199
Carrefour,684309,Jabón liquido Algabo coco y miel 220 cc.,1719.00,,2026-10-06,1719.00,7791274198458
Carrefour,721450,Zorro Polvo BE Clásico 400 grs,1609.00,,2026-10-06,1609.00,7790990002278
Carrefour,777812,Jabón Líquido Baby Dove Glicerina Doypack 180 ml,4429.00,,2026-10-06,4429.00,7891150065338
Carrefour,731874,Jabón de tocador ST tropez de glicerina frutos rojos x3 90 g.,3079.00,,2026-10-06,3079.00,7794218106892
Carrefour,744127,Jabón en Barra Rexona Nutritive Orchid 120 grs,1559.00,,2026-10-06,1559.00,7791293051000
Carrefour,740527,Jabón líquido de tocador Lux orquidea 250 cc,5099.00,,2026-10-06,5099.00,7891150090682
Carrefour,715297,Plusbelle Esencia jabón en espuma todo tipo piel 250 ml,4179.00,,2026-10-06,4179.00,7790740000769
Carrefour,707249,Campos Verdes jabón de tocador Pausa en el campo 120 grs,1029.00,,2026-10-06,1029.00,7790990000960
Carrefour,730412,Jabón humectante Nivea antibacterial 3 en 1 para todo tipo de piel 3 x 90 g.,5609.00,,2026-10-06,5609.00,4006000050461
Carrefour,784290,Jabón líquido para ropa fina oscura Ala Camellito dp 450 ml,3798.48,,2026-10-06,3798.48,7791290796850
Carrefour,719439,Jabón en Barra Rexona Original 90 grs,1590.00,,2026-10-06,1590.00,7791293046860
Carrefour,717684,Plusbelle Esencia jabón de tocador Piel sensible 120 grs,1650.00,,2026-10-06,1650.00,7790740000707
Carrefour,701389,Jabón líquido Espadol antibacterial original 220 cc.,5300.00,,2026-10-06,5300.00,7798339190495
Carrefour,719455,Jabón de tocador Rexonan glicerina citrus 90 g.,1679.00,,2026-10-06,1679.00,7791293049168
Carrefour,627033,Jabón Asepxia exfoliante barra 100 g.,5540.00,,2026-10-06,5540.00,650240004643
Carrefour,507695,Jabón líquido Carrefour Soft antibacterial cloroxylenol 250 ml,2850.00,,2026-10-06,2850.00,7798159712563
Carrefour,759585,Detergente en polvo Ace clásico alta espuma 400 grs,2029.00,,2026-10-06,2029.00,7790990002933
Carrefour,730752,Jabón líquido para manos Palmolive naturals mandarina 221 ml.,4580.00,,2026-10-06,4580.00,7509546689449
Carrefour,707251,Campos Verdes jabón de tocador frescura liberadora 120 grs,1029.00,,2026-10-06,1029.00,7790990000984
Carrefour,760883,Jabón para bebé en barra Huggies 75 grs,2049.00,,2026-10-06,2049.00,7896018704398
Carrefour,777811,Jabón Líquido Baby Dove Glicerina 200 ml,6319.00,,2026-10-06,6319.00,7891150065291
Carrefour,673209,Jabón antibacterial active deo Espadol 80 g.,1537.50,si,2026-10-06,2050.00,7798339190082
Carrefour,673208,Jabón antibacterial cremoso Espadol 80 g.,1435.00,si,2026-10-06,2050.00,7798339190075
Carrefour,771932,Jabón de tocador St Tropez brillo y luz 120 grs,1129.00,,2026-10-06,1129.00,7794218106977
Carrefour,717683,Plusbelle Esencia jabón de tocador todo tipo piel 120 grs,1650.00,,2026-10-06,1650.00,7790740000691
Carrefour,783169,Jabón de glicerina neutro para bebé Algabo 80 grs,1489.00,,2026-10-06,1489.00,7791274202070
Carrefour,673207,Jabón antibacterial skincare Espadol 80 g.,2050.00,,2026-10-06,2050.00,7798339190068
Carrefour,684310,Jabón liquido Algabo karite y aguacate 220 cc.,1719.00,,2026-10-06,1719.00,7791274198465
Carrefour,726086,Jabón líquido antibacterial Carrefour soft aloe en botella 250 cc.,2850.00,,2026-10-06,2850.00,7791720029237
Carrefour,741497,Espuma de baño Carrefour My Baby en botella 250 cc.,6150.00,,2026-10-06,6150.00,7791720037959
Carrefour,701393,Jabón líquido Espadol antibacterial cremoso 220 cc.,5300.00,,2026-10-06,5300.00,7798339190471
Carrefour,717685,Plusbelle Esencia jabón de tocador Piel relajada 120 grs,1799.00,,2026-10-06,1799.00,7790740000714
Carrefour,478164,Jabón Líquido Protex Aloe 221 ml,5565.00,,2026-10-06,5565.00,7702010420320
Carrefour,673212,Jabón en barra skincare antibacterial Espadol Dettol x3 80 g.,5435.00,,2026-10-06,5435.00,7798339190129
Carrefour,645179,Jabón líquido Asepxia purificante carbón detox 200 ml.,8729.00,,2026-10-06,8729.00,7798140259442
Carrefour,601909,Jabón de tocador Protex limpieza profunda x3 90 grs,4519.00,,2026-10-06,4519.00,7891024024249
Carrefour,741713,Jabón de tocador Protex Carbón 90 grs 3 uni,4520.00,,2026-10-06,4520.00,7509546691947
Carrefour,758020,Jabón de tocador Palmolive Naturals frescura purificante carbón 125 grs,1559.00,,2026-10-06,1559.00,7509546697543
Carrefour,741715,Jabón De Tocador Protex Carbón 125 grs,1985.00,,2026-10-06,1985.00,7509546692593
Carrefour,691398,Jabón líquido Rexona antibacterial original 250 ml,4820.00,,2026-10-06,4820.00,7791293041810
Carrefour,701390,Jabón líquido Espadol antibacterial skincare 220 cc.,5489.00,,2026-10-06,5489.00,7798339190488
Carrefour,764220,Plusbelle jabón de tocador Jazmín 120 grs,1479.00,,2026-10-06,1479.00,7790990004111
Carrefour,691397,Jabón Liquido Rexona Antibacterial Aloe 250 ml,5829.00,,2026-10-06,5829.00,7791293041803
Carrefour,730006,Jabón líquido Algabo cream 300 cc.,3310.00,,2026-10-06,3310.00,7791274000485
Carrefour,700958,Jabón Líquido antibacterial Protex PRO Hidratación 230 ml,4280.00,,2026-10-06,4280.00,7509546668543
Carrefour,730009,Jabón líquido Algabo flower mix 300 cc.,3310.00,,2026-10-06,3310.00,7791274000584
Carrefour,674075,Jabón líquido para manos anti bacterial Algabo 300 cc.,3105.00,,2026-10-06,3105.00,7791274000881
Carrefour,719441,Jabón en Barra Rexona Fresh 90 grs,1700.00,,2026-10-06,1700.00,7791293046884
Carrefour,689654,Jabón líquido Estilo Spa flores blancas 300 cc.,3795.00,,2026-10-06,3795.00,7798096053064
Carrefour,479281,Jabón líquido Protex avena 221 ml,5565.00,,2026-10-06,5565.00,7702010420313
Carrefour,636643,Jabón de tocador Estrella Baby duerme feliz 75 g.,2580.00,,2026-10-06,2580.00,7790064104518
Carrefour,730015,Jabón líquido antibacterial algabo 300 cc.,3980.00,,2026-10-06,3980.00,7791274000874
Carrefour,720970,Cisne celulosa Brand beauty 1 uni,8049.00,,2026-10-06,8049.00,7798104975258
Carrefour,661763,Jabón de tocador Estrella reparación 130 g.,1715.00,,2026-10-06,1715.00,7790064104143
Carrefour,684330,Espuma de baño 3d Algabo sally unicornio 350 cc.,16339.00,,2026-10-06,16339.00,7791274197994
Carrefour,741496,Jabón líquido hipoalergenico Carrefour My Baby en botella 250 ml,5150.00,,2026-10-06,5150.00,7791720037966
Carrefour,661759,Jabón de tocador Estrella relajación 3 x 130 g.,4909.00,,2026-10-06,4909.00,7790064031333
Carrefour,661767,Jabón de tocador Estrella vitalidad x 130 g.,1715.00,,2026-10-06,1715.00,7790064104181
Carrefour,676375,Jabón en barra aloe vera Espadol Dettol x3 80 g.,3261.00,si,2026-10-06,5435.00,7798339190167
Carrefour,684337,Jabón líquido Algabo 2d avengers spiderman 300 cc.,9849.00,,2026-10-06,9849.00,7791274197987
Carrefour,689659,Jabón líquido Estilo Spa orquídeas 300 cc.,3795.00,,2026-10-06,3795.00,7798096053071
Carrefour,711866,Jabón de tocador líquido Algabo kids mundial 300 cc.,9265.00,,2026-10-06,9265.00,7791274200892
Carrefour,1758940,Dispenser de Jabon Liquido Gadnic Metálico 1000ml Baño y Cocina,43699.00,si,2026-10-06,56808.99,7798427510204
Carrefour,779301,Set fragancia corporal 125 ml + Jabón líquido Algabo Kids 300 ml,17516.21,,2026-10-06,17516.21,7791274202445
Carrefour,720967,Cisne toalla Brand beauty 1 uni,6609.00,,2026-10-06,6609.00,7798104975241
Carrefour,1758935,Dispenser de Jabón Liquido Gadnic Metálico Baño y Cocina 500ml,23299.00,si,2026-10-06,30288.99,7798427510082
Carrefour,1649594,Organizador baño ducha colgante estante con jabonera Piazza,44460.00,si,2026-10-06,59280.00,P194
Carrefour,1758927,Dispenser de Jabón Líquido Gadnic Sopi Acero Inoxidable con Botella 350ml,15799.00,si,2026-10-06,20539.00,7427251553162
Carrefour,1649238,Agarradera angular con jabonera rejilla FV Grand Hotel,298809.00,si,2026-10-06,351540.00,P742
Carrefour,684331,Jabón líquido Algabo Baby Yoda 500 ml,17600.00,,2026-10-06,17600.00,7791274198908
Carrefour,764247,Jabón líquido Pawpatrol Algabo 300 ml,8967.62,,2026-10-06,8967.62,7791274201196
Carrefour,1758931,Dispenser de Jabón Liquido Gadnic Metálico 800ml Baño y Cocina,26799.00,si,2026-10-06,34839.00,7798427510099
Carrefour,711777,Limpiador de baño Mr. Músculo elimina gérmenes y residuos de jabón repuesto 450 ml,2829.00,,2026-10-06,2829.00,7790520999320
Carrefour,687649,Dosificador de jabón cuadrado Carrefour Home bio negro,8990.00,,2026-10-06,8990.00,7791194102252
Carrefour,757193,Jabón potásico Potaxan 200 cc,20900.00,,2026-10-06,20900.00,7794783033722
Carrefour,1758925,"Dispenser de Jabón para Esponjas Gadnic SPJ34 Limpieza Absoluta 384,5 ml",11149.00,si,2026-10-06,14494.00,7427251180382
Carrefour,1756713,Dispenser Doble de Jabón Gadnic LSI61 Para Pared Manual Líquidos Gel 500ml,34599.00,si,2026-10-06,44979.00,7427252443110
Carrefour,726894,Desodorante Antitranspirante Rexona Nutritive en Aerosol 150 ml,5119.00,,2026-10-06,5119.00,7791293049557
Carrefour,726886,Desodorante Antitranspirante Rexona Fútbol Fanaticos en Aerosol 150 ml,5119.00,,2026-10-06,5119.00,7791293049472
Carrefour,726890,Desodorante Antitranspirante Rexona Hombre en Aerosol 150 ml,5119.00,,2026-10-06,5119.00,7791293049502
Carrefour,726899,Desodorante Antitranspirante Rexona V8 en Aerosol 250 ml,6829.00,,2026-10-06,6829.00,7791293049595
Carrefour,494678,Desodorante antitranspirante Nivea Men Invisible B&W Roll On 50 ml,3099.00,,2026-10-06,3099.00,4005900036759
Carrefour,560866,Desodorante antitranspirante Nivea Men Black & White invisible original en aerosol 150 ml,4909.00,,2026-10-06,4909.00,4005808980239
Carrefour,699108,Desodorante en Aerosol Axe Marine 150 ml,4929.00,,2026-10-06,4929.00,7791293043791
Carrefour,726897,Desodorante Antitranspirante Rexona Active Emotion en Aerosol 250 ml,6829.00,,2026-10-06,6829.00,7791293049588
Carrefour,726888,Desodorante Antitranspirante Rexona Sensitive en Aerosol 150 ml,5119.00,,2026-10-06,5119.00,7791293049496
Carrefour,762893,Desodorante de ambiente Glade naranjo y orquideas 360 ml,4129.00,,2026-10-06,4129.00,7790520031570
Carrefour,444783,Desodorante antitranspirante femenino Nivea Pearl & Beauty roll on 50 grs,3099.00,,2026-10-06,3099.00,4005808257669
Carrefour,606945,Desodorante Rexona Invisible en Aerosol 150 ml,5119.00,,2026-10-06,5119.00,7791293032481
Carrefour,423052,Desodorante de ambiente Carrefour essential marina 360 cc.,3690.00,,2026-10-06,3690.00,7798111007850
Carrefour,777868,Desodorante para pies Rexona Efficient Original en Polvo 100 grs,3769.00,,2026-10-06,3769.00,7791293051963
Carrefour,475894,Desodorante Antitranspirante Dove Men Comfort Protection en Aerosol 150 ml,5700.00,,2026-10-06,5700.00,7791293012087
Carrefour,694270,Desodorante ambiental Glade vainilla aerosol 360 cc.,4129.00,,2026-10-06,4129.00,7790520998187
Carrefour,382144,Desodorante antitranspirante femenino Nivea Pearl & Beauty cuidado suave en aerosol 150 ml,4909.00,,2026-10-06,4909.00,4005808837311
Carrefour,582639,Desodorante corporal en aerosol Axe black 150 cc.,4929.00,,2026-10-06,4929.00,7791293028781
Carrefour,699266,Desodorante para pies Rexona Efficient Original en Aerosol 153 ml,7040.00,,2026-10-06,7040.00,7791293044460
Carrefour,635157,Desodorante para pies en aerosol Algabo 153 cc.,4610.00,,2026-10-06,4610.00,7791274003202
Carrefour,550265,Desodorante Antitranspirante Rexona Men Invisible en Aerosol 150 ml,5119.00,,2026-10-06,5119.00,7791293022635
Carrefour,726896,Desodorante Antitransoirante Rexona Fútbol Fanaticas en Aerosol 150 ml,5119.00,,2026-10-06,5119.00,7791293049571
Carrefour,582668,Desodorante en Aerosol Axe Dark Temptation 150 ml,4929.00,,2026-10-06,4929.00,7791293025797
Carrefour,606939,Desodorante Antitranspirante Rexona Active Emotion en Aerosol 150 ml,5119.00,,2026-10-06,5119.00,7791293032443
Carrefour,494677,Desodorante antitranspirante femenino Nivea Invisible Black&White Roll On 50 ml,3099.00,,2026-10-06,3099.00,4005900036704
Carrefour,423048,Desodorante de ambiente Carrefour essential lavanda 360 cc.,3690.00,,2026-10-06,3690.00,7798111007829
Carrefour,777869,Desodorante para pies Rexona Efficient Original en Polvo 200 grs,6655.00,,2026-10-06,6655.00,7790015104109
Carrefour,730746,Desodorante en Aerosol Axe Marine 230 ml,5915.00,,2026-10-06,5915.00,7791293050614
Carrefour,445605,Desodorante antitranspirante masculino Nivea Derma Control Sensitive Roll-On 50 ml,3099.00,,2026-10-06,3099.00,4005808257621
Carrefour,723623,Desodorante Antitranspirante Rexona Clinical Invisible en Aerosol 150 ml,7629.00,,2026-10-06,7629.00,7506306214972
Carrefour,560865,Desodorante antitranspirante femenino Nivea Black & White invisible clear en aerosol 150 ml,4909.00,,2026-10-06,4909.00,4005808979813
Carrefour,777782,Desodorante Dove Men Comfort Protection Roll-on 50 ml,3699.00,,2026-10-06,3699.00,77945532
Carrefour,560860,Desodorante antitranspirante Nivea Men Dry Impact en aerosol 150 ml,4909.00,,2026-10-06,4909.00,4005808979677
Carrefour,423049,Desodorante de ambiente Carrefour essential floral 360 cc.,3690.00,,2026-10-06,3690.00,7798111007836
Carrefour,723628,Desodorante Antitranspirante Rexona Clinical Refresh en Aerosol 150 ml,7629.00,,2026-10-06,7629.00,7891150089952
Carrefour,423051,Desodorante de ambiente Carrefour essential vainilla 360 cc.,3690.00,,2026-10-06,3690.00,7798111007843
Carrefour,573854,Desodorante Antitraspirante Rexona Antibacterial en Aerosol 150 ml,5119.00,,2026-10-06,5119.00,7791293025537
Carrefour,447199,Desodorante antitranspirante Nivea Men Active Dry Impact roll on 50 grs,3099.00,,2026-10-06,3099.00,4005808257553
Carrefour,423053,Desodorante de ambiente Carrefour essential cítrico 360 cc.,3690.00,,2026-10-06,3690.00,7798111007867
Carrefour,675945,Desodorante de ambiente Poett suavidad de algodón en aerosol 360 ml.,4155.00,,2026-10-06,4155.00,7793253004262
Carrefour,726898,Desodorante Antitranspirante Rexona Cotton Dry en Aersol 250 ml,6829.00,,2026-10-06,6829.00,7791293049632
Carrefour,554156,Desodorante Antitranspirante Dove Men Invisible Dry en Aerosol 150 ml,5700.00,,2026-10-06,5700.00,7791293022819
Carrefour,765400,Desodorante en aerosol para todo el cuerpo Rexona All Body Deo Wild Rose 150 ml,6900.00,,2026-10-06,6900.00,7791293051543
Carrefour,729389,Desodorante Antitranspirante Rexona Antibacterial Protection en Aerosol 150 ml,5119.00,,2026-10-06,5119.00,7791293049519
Carrefour,582676,Desodorante en Aerosol Axe Apollo 150 ml,4929.00,,2026-10-06,4929.00,7791293025780
Carrefour,539409,Desodorante antitranspirante Hinds Delicious roll on 60 g.,2489.00,,2026-10-06,2489.00,7794640170102
Carrefour,699116,Desodorante en Aerosol Axe Gold Vainilla 150 ml,4929.00,,2026-10-06,4929.00,7791293043845
Carrefour,699110,Desodorante en Aerosol Axe Musk 150 ml,4929.00,,2026-10-06,4929.00,7791293043807
Carrefour,435049,Desodorante Antitranspirante Rexona V8 Roll-On 50 ml,3189.00,,2026-10-06,3189.00,78923454
Carrefour,769543,Desodorante antitranspirante Nivea Men Deep Darkwood en aerosol 150 ml,4909.00,,2026-10-06,4909.00,4006000196091
Carrefour,675943,Desodorante de ambiente Poett flores de primavera en aerosol 360 ml.,4155.00,,2026-10-06,4155.00,7793253004248
Carrefour,353667,Desodorante antitranspirante Nivea Men derma control sensitive en aerosol 150 ml,4910.00,,2026-10-06,4910.00,7791969029807
Carrefour,335993,Desodorante en barra Old Spice fresh 50 g.,11659.00,,2026-10-06,11659.00,7501001163983
Carrefour,739407,Desodorante Aerosol Axe Aqua Citrus 150 ml,6295.00,,2026-10-06,6295.00,7506306249974
Carrefour,447100,Desodorante antitranspirante femenino Nivea Dry Comfort roll on 50 grs,3099.00,,2026-10-06,3099.00,4005808257584
Carrefour,765397,Desodorante femenino Dove all body rapsberry 150 ml,8205.00,,2026-10-06,8205.00,7791293051666
Carrefour,775289,Desodorante Antitranspirante Dove Men Energy Boost en Aerosol 150 ml,6089.00,,2026-10-06,6089.00,7506306254459
Carrefour,608268,Desodorante antitranspirante Nivea Men Protect & Care en aerosol 150 ml,4910.00,,2026-10-06,4910.00,4005900353054
Carrefour,765402,Desodorante en Aerosol para Todo el Cuerpo Rexona All Body Deo Ocean Rush 150 ml,6139.00,,2026-10-06,6139.00,7791293051574
Carrefour,730747,Desodorante en Aerosol Axe Musk 230 ml,5915.00,,2026-10-06,5915.00,7791293050607
Carrefour,582679,Desodorante antitranspirante femenino Nivea Protect & Care en aerosol 150 ml,4909.00,,2026-10-06,4909.00,4005900122186
Carrefour,725531,Desodorante en Aerosol Patrichs Acqua 230 ml,4779.00,,2026-10-06,4779.00,7791293049717
Carrefour,607993,Desodorante antitranspirante Dove men invisible dry roll-on 50 ml.,3699.00,,2026-10-06,3699.00,78933354
Carrefour,768036,Desodorante en aerosol Patrichs Goldlabel 230 ml,5029.00,,2026-10-06,5029.00,7791293051772
Carrefour,739408,Desodorante Aerosol Axe Blue Lavender 150 ml,6295.00,,2026-10-06,6295.00,7506306249981
Carrefour,765403,Desodorante en aerosol para todo el cuerpo Rexona All Body Deo Active Fresh 150 ml,6900.00,,2026-10-06,6900.00,7791293051581
Carrefour,723847,Desodorante Antitranspirante Rexona Clinical Intense Fresh en Aerosol 150 ml,7629.00,,2026-10-06,7629.00,7891150089983
Carrefour,694272,Desodorante de ambientes Glade aerosol flores tropicales y coco 360 ml.,4129.00,,2026-10-06,4129.00,7790520998200
Carrefour,339524,Desodorante de ambiente anti humedad Aire Pur Mini lavanda 75 g.,10535.00,,2026-10-06,10535.00,7790900015114
Carrefour,550225,Desodorante Antitranspirante Rexona V8 en Aerosol 150 ml,5119.00,,2026-10-06,5119.00,7791293022567
Carrefour,756052,Desodorante Aerosol Axe Cherry Spritz 150 ml,6295.00,,2026-10-06,6295.00,7506306255050
Carrefour,676642,Desodorante de ambiente Poett despertar de energía en aerosol 360 ml.,4155.00,,2026-10-06,4155.00,7793253004293
Carrefour,725530,Desodorante en Aerosol Patrichs Grand Prix 230 ml,5029.00,,2026-10-06,5029.00,7791293049700
Carrefour,769599,Desodorante antitranspirante femenino Nivea Dry Comfort en aerosol 150 ml,4909.00,,2026-10-06,4909.00,4006000196107
Carrefour,582675,Desodorante antitranspirante femenino Nivea Protect & Care roll on 50 ml,3099.00,,2026-10-06,3099.00,4005900130785
Carrefour,783019,Desodorante Antitranpirante Rexona Active Emotion En Barra 53 grs,7020.00,,2026-10-06,7020.00,75083205
Carrefour,783021,Desodorante Antitranspirante Rexona V8 En Barra 53 grs,7020.00,,2026-10-06,7020.00,75083236
Carrefour,765401,Desodorante en Aerosol para Todo el Cuerpo Rexona All Body Deo Fresh Citrus 150 ml,6900.00,,2026-10-06,6900.00,7791293051550
Carrefour,769419,Desodorante de ambientes Glade Floral Vibes aerosol 360 ml,4545.00,,2026-10-06,4545.00,7790520031785
Carrefour,675944,Desodorante de ambiente Poett suavidad de bebé en aerosol 360 ml.,4155.00,,2026-10-06,4155.00,7793253004255
Carrefour,566019,Desodorante antitranspirante Hinds intra hidratante soft roll on 60 g.,2489.00,,2026-10-06,2489.00,7794640171246
Carrefour,783020,Desodorante Antitranspirante Rexona Powder Dry En Barra 53 grs,7020.00,,2026-10-06,7020.00,75083229
Carrefour,765396,Desodorante en Aerosol para Todo el Cuerpo Dove All Body Deo Lavender & Camomile 150 ml,8205.00,,2026-10-06,8205.00,7791293051659
Carrefour,765399,Desodorante en Aerosol para Todo el Cuerpo Dove Men All Body Deo Fig & Suede 150 ml,8205.00,,2026-10-06,8205.00,7791293051642
Carrefour,568957,Desodorante antitranspirante Hinds Perfection roll on 60 g.,2489.00,,2026-10-06,2489.00,7794640171239
Carrefour,339521,Desodorante de ambiente anti humedad Aire Pur lavanda repuesto 250 g.,17500.00,,2026-10-06,17500.00,7790900015305
Carrefour,7175,Desodorante antitranspirante Etiquet Clásico roll on 60 g.,2479.00,,2026-10-06,2479.00,7794490630245
Carrefour,558253,Desodorante antitranspirante Hinds rosa inspiración roll on 60 g.,2489.00,,2026-10-06,2489.00,7794640171093
Carrefour,773562,Desodorante en Aerosol Axe Marshmallow Smoke 150 ml,6295.00,,2026-10-06,6295.00,7506306256934
Carrefour,773565,Desodorante en aerosol Axe White Vetiver 150 ml,6295.00,,2026-10-06,6295.00,7506306256927
Carrefour,779954,Desodorante Antitranspirante Rexona Clinical Invisible en Aerosol 150 ml,7629.00,,2026-10-06,7629.00,7891150100510
Carrefour,676645,Desodorante de ambiente Poett espíritu play en aerosol 360 ml.,4155.00,,2026-10-06,4155.00,7793253004323
Carrefour,765398,Desodorante en Aerosol para Todo el Cuerpo Dove Men All Body Deo Shea Butter & Cedar 150 ml,8205.00,,2026-10-06,8205.00,7791293051635
Carrefour,676643,Desodorante de ambiente Poett música en primavera en aerosol 360 ml.,4155.00,,2026-10-06,4155.00,7793253004309
Carrefour,628053,Desodorante ambiental limón Harpers aerosol 360 cc.,3510.00,,2026-10-06,3510.00,7791905004585
Carrefour,756053,Desodorante Aerosol Axe Peach Infusion 150 ml,6295.00,,2026-10-06,6295.00,7506306255067
Carrefour,424768,Desodorante de ambiente anti humedad Aire Pur Mini pino 75 g.,9000.00,,2026-10-06,9000.00,7790900015152
Carrefour,780856,Desodorante Roll On Old Spice Lena 52 grs,5885.00,,2026-10-06,5885.00,7506339390292
Carrefour,676647,Desodorante ambiental automático Air wick freshmatic repuesto cítricos 250 ml.,9555.00,,2026-10-06,9555.00,7501058766540
Carrefour,779953,Desodorante Antitranspirante Rexona Clinical Invisible en Aerosol 150 ml,7629.00,,2026-10-06,7629.00,7891150100503
Carrefour,465280,Desodorante antitranspirante Etiquet Blue Ice roll on 60 g.,2479.00,,2026-10-06,2479.00,7794640630491
Carrefour,768968,Desodorante en barra Old Spice aroma cedor 50 grs,12250.00,,2026-10-06,12250.00,7500435247627
Carrefour,773569,Desodorante en barra para hombre Axe Blue Lavander 58 grs,9140.00,,2026-10-06,9140.00,75083694
Carrefour,576059,Desodorante antitranspirante Hinds Flowers roll on 60 g.,2489.00,,2026-10-06,2489.00,7794640171376
Carrefour,783931,Desodorante de ambiente Poett Huellitas de Frescura 360 ml,4450.00,,2026-10-06,4450.00,7793253007614
Carrefour,465282,Desodorante antitranspirante Etiquet Sport roll on 60 g.,2479.00,,2026-10-06,2479.00,7794640630507
Carrefour,518006,Desodorante antitranspirante Etiquet Active Protection roll on 60 g.,2479.00,,2026-10-06,2479.00,7794640170164
Carrefour,628050,Desodorante ambiental lavanda Harpers aerosol 360 cc.,3510.00,,2026-10-06,3510.00,7791905004554
Carrefour,7177,Desodorante antitranspirante Etiquet Original roll on 60 g.,2479.00,,2026-10-06,2479.00,7794490630511
Carrefour,740220,Desodorante sin perfume ARM Hammer essential 71 g.,14219.00,,2026-10-06,14219.00,33200197928
Carrefour,778147,Desodorante masculino Buckingham Polo Club Ocean Wood 150 ml,6700.00,,2026-10-06,6700.00,7791274202025
Carrefour,676646,Desodorante ambiental automático Air wick freshmatic repuesto lavanda 250 ml.,9555.00,,2026-10-06,9555.00,7501058766557
Carrefour,778145,Desodorante femenino Buckingham Polo Club Bloom Aura 127 ml,6180.00,,2026-10-06,6180.00,7791274202049
Carrefour,534943,Desodorante ambiental automático Air wick freshmatic aparato + repuesto lavanda 250 ml.,31539.00,,2026-10-06,31539.00,7791130065832
Carrefour,534942,Desodorante ambiental automático Air wick freshmatic aparato + repuesto cítricos 250 ml.,31539.00,,2026-10-06,31539.00,7791130065825
Carrefour,740221,Desodorante ARM Hammer fresh lavanda essential 71 g.,15359.00,,2026-10-06,15359.00,33200197935
Carrefour,600159,Desodorante Old Spice leña barra 50 g.,10720.00,,2026-10-06,10720.00,7506339390230
Carrefour,684308,Desodorante en polvo Algabo men 120 g.,2809.00,,2026-10-06,2809.00,7791274198137
Carrefour,726097,Desodorante en aerosol femenino Ciel crystal 0% alcohol 144 cc.,4130.00,si,2026-10-06,5900.00,7791600022136
Carrefour,746906,Desodorante en aerosol Reebok inspire for her 150 cc.,6800.00,,2026-10-06,6800.00,8436581946130
Carrefour,778146,Desodorante femenino Buckingham Polo Club Velvet 127 ml,6180.00,,2026-10-06,6180.00,7791274202032
Carrefour,746908,Desodorante en aerosol Reebok move for her 150 ml,6800.00,,2026-10-06,6800.00,8436581946116
Carrefour,746401,"Desodorante íntimo Ultra Summer's Eve 56,7 grs",13295.00,,2026-10-06,13295.00,41608001310
Carrefour,746905,Desodorante en aerosol Reebok move for him 150 cc.,6800.00,,2026-10-06,6800.00,8436581946147
Carrefour,783024,Desodorante en polvo Aire Pur magnolia 300 grs,10500.00,,2026-10-06,10500.00,7790900018733
Carrefour,783025,Desodorante en polvo Aire Pur gardenia 300 grs,10500.00,,2026-10-06,10500.00,7790900018740
Carrefour,746402,"Desodorante íntimo Baby Powder Summer's Eve 56,7 grs",13295.00,,2026-10-06,13295.00,41608001303
Carrefour,718054,Desodorante Boti K bio romero roll on 50 cc.,19000.00,,2026-10-06,19000.00,703980503805
Carrefour,613238,Antitranspirante en aerosol Dove original 150 cc.,6084.62,,2026-10-06,6084.62,7506306241183
Carrefour,688630,Desinfectante elimina olores Lysoform original aerosol 360 ml,5085.00,,2026-10-06,5085.00,7790520995285
Carrefour,437826,Antitranspirante Dove Original Roll-on 50 ml,3700.00,,2026-10-06,3700.00,78924468
Carrefour,727089,Desinfectante de ambientes y elimina olores Lysoform original en eerosol 495 ml.,6149.00,,2026-10-06,6149.00,7790520996961
Carrefour,761727,Antitranspirante en aerosol Dove Original 250 ml,8459.00,,2026-10-06,8459.00,7891150081239
Carrefour,688632,Desinfectante elimina olores Lysoform lavanda aerosol 360 ml,5085.00,,2026-10-06,5085.00,7790520995315
Carrefour,636634,Antitranspirante Dove Fresh Care Granada y Verbena en Aerosol 150 ml,6089.00,,2026-10-06,6089.00,7791293033266
Carrefour,501232,Desinfectante en aerosol Carrefour Expert bebé 340 ml,4050.00,,2026-10-06,4050.00,7798159712440
Carrefour,762892,Desinfectante en aerosol Lysoform frutos del bosque 360 ml,5085.00,,2026-10-06,5085.00,7790520031426
Carrefour,738554,Aerosol Desinfectante de Ambientes y Superficies Cif Original 360 ml,4640.00,,2026-10-06,4640.00,7791290795778
Carrefour,688639,Desinfectante elimina olores Lysoform lavanda aerosol 495 ml,6149.00,,2026-10-06,6149.00,7790520996978
Carrefour,613230,Antitranspirante en aerosol Dove invisible dry 150 cc.,6089.00,,2026-10-06,6089.00,7506306241176
Carrefour,683495,Desinfectante Ayudín expert frescura matinal aerosol 332 cc.,3959.00,,2026-10-06,3959.00,7793253005061
Carrefour,775410,Aromatizante de ambientes Aer limón 10 grs,2179.00,,2026-10-06,2179.00,8901023028434
Carrefour,538343,Antitranspirante en aerosol Axe apollo seco 152 ml,4929.00,,2026-10-06,4929.00,7791293020297
Carrefour,774374,Limpiador concentrado multiuso Multimax floral rinde 5 lts,1979.00,,2026-10-06,1979.00,7798184582445
Carrefour,775409,Aromatizante de ambiente Aer lavanda 10 grs,2179.00,,2026-10-06,2179.00,8901023025181
Carrefour,501231,Desinfectante en aerosol Carrefour Expert original 340 ml,4050.00,,2026-10-06,4050.00,7798159712457
Carrefour,738555,Aerosol Desinfectante de Ambientes y Superficies Cif Lavanda 360 ml,4640.00,,2026-10-06,4640.00,7791290795785
Carrefour,775408,Aromatizante de ambientes Aer rosa 10 grs,2179.00,,2026-10-06,2179.00,8901023025075
Carrefour,717758,Antitranspirante Dove Fresh Care Pepino en Aerosol 150 ml,6089.00,,2026-10-06,6089.00,7791293048475
Carrefour,683494,Desinfectante Ayudín expert original aerosol 332 cc.,3959.00,,2026-10-06,3959.00,7793253005054
Carrefour,694278,Aromatizante ambiental Glade lavanda aerosol 360 ml,4125.00,,2026-10-06,4125.00,7790520998262
Carrefour,437882,Antitranspirante en roll on Dove invisible dry 50 cc.,3700.00,,2026-10-06,3700.00,78924529
Carrefour,717759,Antitranspirante Dove Fresh Care Pomelo en Aerosol 150 ml,6089.00,,2026-10-06,6089.00,7791293048482
Carrefour,694279,Aromatizante ambiental Glade limón aerosol 360 ml,4129.00,,2026-10-06,4129.00,7790520998279
Carrefour,773574,Antitranspirante en Barra Dove Original 53 grs,8425.00,,2026-10-06,8425.00,75082734
Carrefour,738556,Aerosol Desinfectante de Ambientes y Superficies Cif Frescura Cítrica 360 ml,4640.00,,2026-10-06,4640.00,7791290795792
Carrefour,726900,Antitrasnpirante en aerosol Rexona xtracool 250 cc.,6829.00,,2026-10-06,6829.00,7791293049649
Carrefour,761166,Aromatizante de ambiente Carrefour Essential flores blanca repuesto 270 ml,4750.00,,2026-10-06,4750.00,7791720037331
Carrefour,759748,Desinfectante en aerosol Cif floral 360 ml,4640.00,,2026-10-06,4640.00,7791290796362
Carrefour,685409,Toallitas desinfectantes Ayudín fresco doy pack x 65 uni,9750.00,,2026-10-06,9750.00,7793253005481
Carrefour,685539,Aromatizante de ambientes Glade toque lavanda pack 9 g. x 2 uni,9200.00,,2026-10-06,9200.00,7790520996152
Carrefour,694277,Aromatizante Ambiental Glade Potpurrí Aerosol 360 ml,4139.00,,2026-10-06,4139.00,7790520998255
Carrefour,778370,Promo pack Rexona FIFA muñeco Enzo 150 ml,13619.00,,2026-10-06,13619.00,7791293052397
Carrefour,685540,Aromatizante de ambientes Glade toque limón refrescante pack x2 repuesto 2x9 g.,9200.00,,2026-10-06,9200.00,7790520996237
Carrefour,683496,Desinfectante Ayudin Expert Bebé aerosol 332 Ml,3959.00,,2026-10-06,3959.00,7793253005078
Carrefour,768978,Antitranspirante en gel Secret Coconut 45 grs,12745.00,,2026-10-06,12745.00,7500435213417
Carrefour,717761,Antitranspirante Dove Fresh Care Pera en Aerosol 150 ml,6089.00,,2026-10-06,6089.00,7791293048505
Carrefour,636632,Antitranspirante en roll on Dove go fresh 50 cc.,3700.00,,2026-10-06,3700.00,78935068
Carrefour,475950,Antitranspirante en aerosol Dove Men extra fresh 150 cc.,5700.00,,2026-10-06,5700.00,7791293012063
Carrefour,741001,Aromatizador de ambiente Carrefour Essential vainilla 185 g.,4750.00,,2026-10-06,4750.00,7791720037379
Carrefour,582651,Antitranspirante en aerosol Axe dark temptation 152 cc.,4929.00,,2026-10-06,4929.00,7791293025889
Carrefour,725427,Antitranspirante en aerosol clinical Dove femenino 96 hs 150 cc.,8819.00,,2026-10-06,8819.00,7791293049618
Carrefour,550249,Antitranspirante en aerosol Rexona Men Xtra Cool 150 ml,5119.00,,2026-10-06,5119.00,7791293022581
Carrefour,768972,Antitranspirante en gel Secret Fresh Defense Powder Protect Cotton 45 grs,13550.00,,2026-10-06,13550.00,7500435129374
Carrefour,768971,Antitranspirante en gel Secret Ph Balanc lavanda 45 grs,12745.00,,2026-10-06,12745.00,7500435129367
Carrefour,778372,Promo pack duo Rexona FIFA Muñeco 150 ml,13619.00,,2026-10-06,13619.00,7791293052410
Carrefour,740997,Aromatizador de ambiente Carrefour Essential bebé 185 g.,4750.00,,2026-10-06,4750.00,7791720037317
Carrefour,741000,Aromatizador de ambiente Carrefour Essential manzana y canela 185 g.,4750.00,,2026-10-06,4750.00,7791720037355
Carrefour,685564,Aromatizante ambiental Glade lavanda vainilla automático 170 ml,6425.00,,2026-10-06,6425.00,7790520995971
Carrefour,449954,Polvo desodorante para pies Algabo doy pack 200 g.,2999.00,,2026-10-06,2999.00,7791274196416
Carrefour,740998,Aromatizador de ambiente Carrefour Essential citric 185 g.,4750.00,,2026-10-06,4750.00,7791720037324
Carrefour,475900,Antitranspirante roll on Dove Men extra fresh 50 cc.,3699.00,,2026-10-06,3699.00,78925519
Carrefour,606933,Antitranspirante en aerosol Rexona cotton dry 150 cc.,5119.00,,2026-10-06,5119.00,7791293032467
Carrefour,685572,Aromatizante ambiental Glade vainilla automático 270 ml,10245.00,,2026-10-06,10245.00,7790520996077
Carrefour,761726,Antitranspirante en aerosol Dove Sensitive 150 ml,6089.00,,2026-10-06,6089.00,7791293033273
Carrefour,726644,Repuesto antihumedad Purific air lavanda 80 g.,4029.00,,2026-10-06,4029.00,7798184586139
Carrefour,728072,Talco corporal desodorante Algabo celeste dp 200 g.,2999.00,,2026-10-06,2999.00,7791274198052
Carrefour,694280,Aromatizante de ambientes Glade paraíso azul en aerosol 360 ml.,4129.00,,2026-10-06,4129.00,7790520998286
Carrefour,688633,Desinfectante elimina olores Lysoform lavanda aerosol 285 ml,4440.00,,2026-10-06,4440.00,7790520996930
Carrefour,748501,Aromatizante ambiental Glade Coco Vibes Automático 170 ml,6425.00,,2026-10-06,6425.00,7790520029553
Carrefour,740999,Aromatizador de ambiente Carrefour Essential lavanda 185 g.,4750.00,,2026-10-06,4750.00,7791720037348
Carrefour,653113,Aromatizante de ambientes Glade mini gel hogar placer floral y frutos rojos 70 g.,4779.00,,2026-10-06,4779.00,7790520990884
Carrefour,773572,antitranspirante en barra Dove invisible care 53 grs,8425.00,,2026-10-06,8425.00,75082741
Carrefour,725428,Antitranspirante en aerosol Dove Men+Care Clinical 150 ml,8819.00,,2026-10-06,8819.00,7791293049625
Carrefour,729997,Talco corporal Algabo desodorante suave 120 g.,2735.00,,2026-10-06,2735.00,7791274198120
Carrefour,761167,Aromatinzate de ambiente Carrefour Essential papaya repuesto 185 grs,4750.00,,2026-10-06,4750.00,7791720037362
Carrefour,685544,Aromatizante de ambientes Glade toque lavanda repuesto 9 g.,5095.00,,2026-10-06,5095.00,7790520996145
Carrefour,762640,Antihumedad Purific Air aroma relax en pote 300 grs,9565.00,,2026-10-06,9565.00,7798184582391
Carrefour,768977,Antitranspirante en gel Secret Ph Balanc clinical 45 grs,22675.00,,2026-10-06,22675.00,7500435144636
Carrefour,761728,Antitranspirante roll on Dove durazno 50 ml,3700.00,,2026-10-06,3700.00,78948310
Carrefour,549594,Polvo desodorante Veritas clásico 180 g,3789.00,,2026-10-06,3789.00,7791520009729
Carrefour,661702,Antihumedad basic Aire Pur aparato 75 g.,5500.00,,2026-10-06,5500.00,7790900016494
Carrefour,743779,Antitranspirante sweet Carrefour Soft 150 cc.,3890.00,,2026-10-06,3890.00,7791720035054
Carrefour,685545,Aromatizante de ambientes Glade toque limón refrescante repuesto 9 g.,5095.00,,2026-10-06,5095.00,7790520996169
Carrefour,745190,Antitranspirante energy Carrefour Men 150 cc.,3890.00,,2026-10-06,3890.00,7791720035108
Carrefour,685566,Aromatizante de ambientes automático Glade caricias de algodón repuesto 175 g.,10245.00,,2026-10-06,10245.00,7790520995995
Carrefour,685543,Aromatizante de ambientes Glade toque limón refrescante aparato + repuesto 9 g.,6450.00,,2026-10-06,6450.00,7790520996138
Carrefour,549600,Polvo desodorante femenino Véritas 180 grs.,3789.00,,2026-10-06,3789.00,7791520009736
Carrefour,768970,Antitranspirante en gel Gillette specializeo Artic Ice 82 grs,14889.00,,2026-10-06,14889.00,7702018913671
Carrefour,685563,Aromatizante de ambientes automático Glade limón refrescante repuesto 170 ml.,6425.00,,2026-10-06,6425.00,7790520995964
Carrefour,743780,Antitranspirante secret Carrefour Soft 150 cc.,3890.00,,2026-10-06,3890.00,7791720035061
Carrefour,685568,Aromatizante de ambientes automático Glade lavanda y vainilla repuesto 175 g.,10245.00,,2026-10-06,10245.00,7790520996015
Carrefour,685573,Aromatizante de ambientes automático Glade paraíso azul repuesto 175 g.,10245.00,,2026-10-06,10245.00,7790520996022
Carrefour,552331,Polvo desodorante Veritas clásico 120 g,2920.00,,2026-10-06,2920.00,7791520009675
Carrefour,768979,Antitranspirante en barra Secret Coconut 45 grs,14389.00,,2026-10-06,14389.00,7500435213882
Carrefour,728068,Talco corporal desodorante Algabo rosa dp 200 g.,2999.00,,2026-10-06,2999.00,7791274198076
Carrefour,620130,Aromatizador Harpers verbena repuesto 220 cc.,5690.00,,2026-10-06,5690.00,7791905004080
Carrefour,582657,Aromatizador automático Air Wick repuesto vainilla 250 cc.,9555.00,,2026-10-06,9555.00,7791130002165
Carrefour,620128,Aromatizador naturalmente verde Harper's repuesto 220 cc.,5689.00,,2026-10-06,5689.00,7791905004134
Carrefour,606941,Aromatizante ambiental Glade Lavanda Minigel 70 grs,4779.00,,2026-10-06,4779.00,7790520019851
Carrefour,743783,Antitranspirante sport Carrefour Men 150 cc.,3890.00,,2026-10-06,3890.00,7791720035092
Carrefour,748503,Aromatizante ambiental Glade Floral Vibes Automático 170 ml,6425.00,,2026-10-06,6425.00,7790520029577
Carrefour,768975,Antitranspirante en barra Secret Powder Protect Cotton 45 grs,13450.00,,2026-10-06,13450.00,7500435143189
Carrefour,598534,Repuesto atomizador Poett lavanda 9 g.,5550.00,,2026-10-06,5550.00,7793253001605
Carrefour,549576,Polvo desodorante masculino Véritas 120 grs.,2920.00,,2026-10-06,2920.00,7791520009699
Carrefour,782152,Antitranspirante roll on Nivea tono natural 50 ml,3098.59,,2026-10-06,3098.59,4006000285641
Carrefour,598523,Aromatizante difusor Poett lavanda intense full 9 g.,8185.00,,2026-10-06,8185.00,7793253001520
Carrefour,768973,Antitranspirante en barra Secret Powder Protect 45 grs,22675.00,,2026-10-06,22675.00,7500435129404
Carrefour,772269,Antihumedad Aire Pur Max Lavanda 250 grs,17669.00,,2026-10-06,17669.00,7790900014070
Carrefour,782151,Antitranspirante en aerosol Nivea tono natural 150 ml,4909.00,,2026-10-06,4909.00,4006000283845
Carrefour,773567,Desoadorante en barra para hombre Axe Aqua Citrus 58 grs,9140.00,,2026-10-06,9140.00,75083700
Carrefour,743778,Antitranspirante fresh Carrefour Soft 150 cc.,3890.00,,2026-10-06,3890.00,7791720035047
Carrefour,549571,Polvo desodorante femenino Veritas 120 g,2929.00,,2026-10-06,2929.00,7791520009682
Carrefour,751046,Desinfectante en aerosol Lysoform original 315 ml,5629.00,,2026-10-06,5629.00,7790520031020
Carrefour,658418,Antitranspirante en barra Old Spice mar profundo 50 g.,12075.00,,2026-10-06,12075.00,7500435141833
Carrefour,658422,Antitranspirante en barra Gillette cool wave clear gel 45 g.,10869.00,,2026-10-06,10869.00,7500435129947
Carrefour,783934,Aromatizante de ambientes Poett Huellitas de Frescura 400 ml,6450.00,,2026-10-06,6450.00,7793253007621
Carrefour,768974,Antitranspirante en barra Secret Fresh Response 45 grs,22675.00,,2026-10-06,22675.00,7500435129411
Carrefour,743782,Antitranspirante active Carrefour Men 150 cc.,3890.00,,2026-10-06,3890.00,7791720035085
Carrefour,783175,Serum Cream antitranspirante Dove reparación diaria 50 grs,6089.00,,2026-10-06,6089.00,7891150094741
Carrefour,768967,Antitranspirante en barra Old Spice aroma cedro 50 grs,11419.00,,2026-10-06,11419.00,7500435247603
Carrefour,633113,Antitranspirante en barra Gillette clear gel 82 g.,14889.00,,2026-10-06,14889.00,7500435113465
Carrefour,640386,Aromatizador Harpers lavanda repuesto 220 cc.,5690.00,,2026-10-06,5690.00,7791905023197
Carrefour,685571,Aromatizante de ambientes automático Glade limón refrescante repuesto 175 g.,10245.00,,2026-10-06,10245.00,7790520996053
Carrefour,740226,Antitranspirante ARM Hammer ultramax sport sitck 73 g.,14219.00,,2026-10-06,14219.00,33200197447
Carrefour,782304,Aromatizante de ambiente Glade Jazmine Breeze gatillo 400 ml,11459.00,,2026-10-06,11459.00,7790520032089
Carrefour,492684,Antitranspirante en barra Gillette power rush 82 g.,14889.00,,2026-10-06,14889.00,7702018913688
Carrefour,740223,Antitranspirante ARM Hammer ultramax polvo fresh oval 73 g.,14219.00,,2026-10-06,14219.00,33200194705
Carrefour,740225,Antitranspirante ARM & Hammer ultramax fresh stick 73 g.,14219.00,,2026-10-06,14219.00,33200197249
Carrefour,728694,Aromatizador Organic Spa maracuya 350 ml,11999.00,,2026-10-06,11999.00,7798332216154
Carrefour,712707,Aromatizador de ambiente Carrefour Home verbena y flores 350 ml,10590.00,,2026-10-06,10590.00,7798156591079
Carrefour,782302,Aromatizante de ambiente Glade Tropic Splash gatillo 400 ml,11459.00,,2026-10-06,11459.00,7790520032065
Carrefour,643950,Antitranspirante en barra Old Spice 50 g.,12075.00,,2026-10-06,12075.00,20800307642
Carrefour,632409,Antitranspirante roll on Polyana fresh men 50 cc.,2695.00,,2026-10-06,2695.00,7791905022800
Carrefour,632404,Antitranspirante roll on Polyana classic 50 cc.,2695.00,,2026-10-06,2695.00,7791905022756
Carrefour,782303,Aromatizante de ambiente Glade Peony Whisper gatillo 400 ml,11459.00,,2026-10-06,11459.00,7790520032072
Carrefour,768976,Antitranspirante en barra PH Balanced Secret Lavanda 45 grs,12700.00,,2026-10-06,12700.00,7500435143196
Carrefour,728695,Aromatizador Organic Spa jazmin bambu 350 ml,11149.00,,2026-10-06,11149.00,7798332216932
Carrefour,632405,Antitranspirante roll on Polyana sport 50 cc.,2695.00,,2026-10-06,2695.00,7791905022763
Carrefour,632408,Antitranspirante roll on Polyana wood men 50 cc.,2695.00,,2026-10-06,2695.00,7791905022794
Carrefour,772270,Antihumedad Max Aire Pur lavada 3x2 250 grs,35338.00,,2026-10-06,35338.00,7790900014087
Carrefour,782305,Aromatizante de ambiente Glade Tropic Splash repuesto 400 ml,10315.00,,2026-10-06,10315.00,7790520032218
Carrefour,782307,Aromatizante de ambiente Glade Jazmine Breeze repuesto 400 ml,10315.00,,2026-10-06,10315.00,7790520032232
Carrefour,768969,Antitranspirante en gel Gillette specializeo pro coolwave 45 grs,13482.00,si,2026-10-06,19260.00,7500435011198
Carrefour,589715,Antihumedad deo Aire pur lavanda 250 g.,20649.00,,2026-10-06,20649.00,7790900016906
Carrefour,782306,Aromatizante de ambiente Glade Peony Whisper repuesto 400 ml,10315.00,,2026-10-06,10315.00,7790520032225
Carrefour,632406,Antitranspirante roll on Polyana fresh 50 cc.,2695.00,,2026-10-06,2695.00,7791905022770
Carrefour,740227,Antitranspirante ARM Hammer ultramax cool stick 73 g.,15359.00,,2026-10-06,15359.00,33200197645
Carrefour,740224,Antitranspirante ARM & Hammer ultramax sin perfume stick 73 g.,14219.00,,2026-10-06,14219.00,33200197140
Carrefour,769323,Biodesodorante roll on Botik lavanda lemon 50 ml,19000.00,,2026-10-06,19000.00,781661330551
Carrefour,769420,Biodesodorante roll on Botik caléndula y manzanilla 50 ml,19000.00,,2026-10-06,19000.00,781661330919
Carrefour,730359,Limpiador Cif Expert Antigrasa Doypack 450 ml,2509.00,,2026-10-06,2509.00,7791290795587
Carrefour,584263,Limpiador líquido Procenex pisos lavanda 1.8 l.,4549.00,,2026-10-06,4549.00,7791130683760
Carrefour,730364,Limpiador Vidrios y Multiuso Cif Expert Doypack 450 ml,2509.00,,2026-10-06,2509.00,7791290795624
Carrefour,730362,Limpiador para baño Cif Expert Doypack 450 ml,2509.00,,2026-10-06,2509.00,7791290795600
Carrefour,673135,Limpiador líquido aromatizante Poett frescura de lavanda 1.8 lts.,4535.00,,2026-10-06,4535.00,7793253003517
Carrefour,673134,Limpiador líquido aromatizante Poett frescura de lavanda 900 ml.,2585.00,,2026-10-06,2585.00,7793253003500
Carrefour,605753,Limpiador líquido Procenex antigrasa repuesto económico 420 ml,2339.00,,2026-10-06,2339.00,7791130002752
Carrefour,638073,Limpiador multiuso Multimax para diluir lavanda (rinde 5 litros) 150 ml.,2045.00,,2026-10-06,2045.00,7798184581103
Carrefour,730365,Limpiador Cif Expert Antigrasa Doypack 900 ml,4139.00,,2026-10-06,4139.00,7791290795648
Carrefour,674810,Limpiador líquido aromatizante Poett alegra tu día 1.8 lts.,4535.00,,2026-10-06,4535.00,7793253003654
Carrefour,709471,Limpiador desinfectante de baño Harpic sarro y mugre repuesto 420 ml.,3019.00,,2026-10-06,3019.00,7791130963299
Carrefour,689449,Limpiador antihongos Ayudín removedor activo (envase económico) 450 ml.,2389.00,,2026-10-06,2389.00,7793253005467
Carrefour,584272,Limpiador líquido Procenex pisos marina 1.8 l.,4549.00,,2026-10-06,4549.00,7791130683784
Carrefour,553589,Limpiador adhesivo para inodoros Pato citrus 24.60 g.,2899.00,,2026-10-06,2899.00,7790520005939
Carrefour,671371,Limpiador líquido aromatizante Poett frescura lavanda 4 lts.,10199.00,,2026-10-06,10199.00,7793253003524
Carrefour,653058,Limpiador Inodoro Bloque para Mochila Pato Marina Pack x2 40 grs,5680.00,,2026-10-06,5680.00,7790520024510
Carrefour,671373,Limpiador líquido aromatizante Poett flores de primavera 1.8 lts.,4535.00,,2026-10-06,4535.00,7793253003555
Carrefour,119564,Limpiador líquido Carrefour Essential lavanda 4 lts,6450.00,,2026-10-06,6450.00,7798033333662
Carrefour,584283,Limpiador líquido desinfectante Procenex pisos original 1.8 l.,6630.00,,2026-10-06,6630.00,7791130683845
Carrefour,638076,Limpiador multiuso Multimax para diluir marina (rinde 5 litros) 150 ml.,2045.00,,2026-10-06,2045.00,7798184581073
Carrefour,730366,Limpiador para baño Cif Expert Doypack 900 ml,4139.00,,2026-10-06,4139.00,7791290795655
Carrefour,584268,Limpiador líquido Procenex pisos flores de jardín 1.8 l.,4549.00,,2026-10-06,4549.00,7791130683777
Carrefour,708418,Limpiador Líquido Cif Pisos Plastificados y Flotantes 450 ml,3469.00,,2026-10-06,3469.00,7791290793361
Carrefour,614297,Limpiador líquido Procenex baño repuesto económico 420 ml,2339.00,,2026-10-06,2339.00,7791130002776
Carrefour,727810,Limpiador cremoso Cif bio rosas y jazmin 375 grs,2530.00,,2026-10-06,2530.00,7791290793385
Carrefour,703588,Limpiador Multisuperficies Cif Original Ultra Brillo Doypack 380 ml,3309.00,,2026-10-06,3309.00,7791290792777
Carrefour,671375,Limpiador líquido aromatizante Poett flores de primavera 900 ml.,2585.00,,2026-10-06,2585.00,7793253003548
Carrefour,740163,Limpiador inodoro canasta liquida Pato lavanda 50 ml,5685.00,,2026-10-06,5685.00,7790520026132
Carrefour,674807,Limpiador líquido aromatizante Poett suavidad de algodón 1.8 lts.,4535.00,,2026-10-06,4535.00,7793253003487
Carrefour,730360,Limpiador Cif Expert Antigrasa Gatillo 500 ml,4525.00,,2026-10-06,4525.00,7791290795570
Carrefour,689446,Limpiador de baño Ayudín limpieza activa (envase económico) 450 ml.,2189.00,,2026-10-06,2189.00,7793253005283
Carrefour,674804,Limpiador líquido aromatizante Poett alegra tu día 900 ml.,2585.00,,2026-10-06,2585.00,7793253003647
Carrefour,605756,Limpiador líquido Procenex vidrios repuesto económico 420 ml,2339.00,,2026-10-06,2339.00,7791130002844
Carrefour,689448,Limpiador antihongos Ayudín removedor activo (gatillo) 500 ml.,4109.00,,2026-10-06,4109.00,7793253005474
Carrefour,584281,Limpiador líquido Procenex pisos limón 1.8 l.,4549.00,,2026-10-06,4549.00,7791130683791
Carrefour,748495,Limpiador Inodoro Pastillas Pato Citrus 25 grs,1939.00,,2026-10-06,1939.00,7790520026187
Carrefour,584282,Limpiador líquido Procenex pisos jazmín 1.8 l.,4549.00,,2026-10-06,4549.00,7791130683838
Carrefour,103964,Limpiador líquido Carrefour Essential lavanda 900 ml,1650.00,,2026-10-06,1650.00,7798033332382
Carrefour,730361,Limpiador para baño Cif Expert Gatillo 500 ml,4525.00,,2026-10-06,4525.00,7791290795594
Carrefour,765406,Limpiador líquido Procenex gardenia 1.8 lts,4549.00,,2026-10-06,4549.00,7791130963633
Carrefour,683491,Limpiador desinfectante Ayudín lavanda 1.8 l.,5069.00,,2026-10-06,5069.00,7793253004705
Carrefour,119563,Limpiador líquido Carrefour Essential marina 4 lts,6450.00,,2026-10-06,6450.00,7798033333655
Carrefour,671368,Limpiador líquido aromatizante Poett flores de primavera 4 lts.,10199.00,,2026-10-06,10199.00,7793253003562
Carrefour,638078,Limpiador multiuso Multimax para diluir coco vainilla (rinde 5 litros) 150 ml.,2045.00,,2026-10-06,2045.00,7798184581332
Carrefour,740141,Limpiador de vidrio Carrefour Expert multisuso doypack 450 ml,1750.00,si,2026-10-06,2090.00,7791720036181
Carrefour,703589,Limpiador Multisuperficies Cif Citrus Blend Ultra Brillo Doypack 380 ml,3309.00,,2026-10-06,3309.00,7791290792784
Carrefour,708415,Limpiador de pisos Cif Bioactive Oxygel Botella 750 ml,5399.00,,2026-10-06,5399.00,7791290793330
Carrefour,777054,Limpiador para lavarropas Multimax 3 tabletas,3900.00,,2026-10-06,3900.00,7798184582537
Carrefour,584252,Limpiador líquido Procenex pisos lavanda 900 ml.,2620.00,,2026-10-06,2620.00,7791130683524
Carrefour,136840,Limpiador cremoso Carrefour Expert 750 ml,2990.00,si,2026-10-06,4190.00,7798033334782
Carrefour,694286,Limpiador líquido desinfectante Lysoform multisuperficies repuesto 450 ml.,2439.00,,2026-10-06,2439.00,7790520995452
Carrefour,730363,Limpiador Vidrios y Mulitiuso Cif Expert Gatillo 500 ml,4525.00,,2026-10-06,4525.00,7791290795617
Carrefour,708417,Limpiador Cif pisos plastificados y flotantes 750 cc.,5399.00,,2026-10-06,5399.00,7791290793354
Carrefour,447678,Limpiador líquido Carrefour Essential bebé 4 lts,6450.00,,2026-10-06,6450.00,7798141714551
Carrefour,674801,Limpiador líquido aromatizante Poett suavidad de algodón 900 ml.,2585.00,,2026-10-06,2585.00,7793253003470
Carrefour,646950,Limpiador multiuso Multimax para diluir lavanda (rinde 1 litro) 35 ml.,619.00,,2026-10-06,619.00,7798184581554
Carrefour,740145,Limpiador de cocina Carrefour Expert antigrasa doypack 450 ml,1750.00,si,2026-10-06,2090.00,7791720036198
Carrefour,567687,Limpiador líquido Procenex vidrios gatillo 500 ml,4180.00,,2026-10-06,4180.00,7791130146791
Carrefour,759423,Limpiador de piso para diluir Eco Planet de coco y vainilla 27 ml,579.00,,2026-10-06,579.00,7791720040300
Carrefour,679478,Limpiador líquido lavanda Odex 4 l.,6330.00,,2026-10-06,6330.00,7791905023975
Carrefour,726331,Limpiador cremoso Cif con lavandina 750 g.,4665.00,,2026-10-06,4665.00,7791290793781
Carrefour,572709,Limpiador de pisos Pino Luz aroma pino (botella) 1800 ml.,4250.00,,2026-10-06,4250.00,7793253000912
Carrefour,749870,Limpiador líquido Poett frescura tropical 900 ml,2420.00,,2026-10-06,2420.00,7793253006587
Carrefour,673428,Limpiador líquido aromatizante Poett solo para tí 4 lts.,10199.00,,2026-10-06,10199.00,7793253003593
Carrefour,567679,Limpiador líquido Procenex antigrasa cocina gatillo 500 ml,4180.00,,2026-10-06,4180.00,7791130146913
Carrefour,579942,Limpiador inodoro canasta liquida Pato marina 50 ml,5949.00,,2026-10-06,5949.00,7790520010292
Carrefour,690940,Limpiador multiuso Multimax para diluir cherry (rinde 1 litro) 35 ml.,619.00,,2026-10-06,619.00,7798184581523
Carrefour,647962,Limpiador en polvo Odex original 400 g.,3630.00,,2026-10-06,3630.00,7791905004486
Carrefour,709470,Limpiador desinfectante de baño Harpic sarro y mugre gatillo 495 ml.,5135.00,,2026-10-06,5135.00,7791130963305
Carrefour,688549,Limpiador multisuperficies Blem floral aerosol 360 ml,5249.00,,2026-10-06,5249.00,7790520995568
Carrefour,683488,Limpiador desinfectante Ayudín lavanda 900 ml.,2999.00,,2026-10-06,2999.00,7793253004699
Carrefour,689445,Limpiador de baño Ayudín limpieza activa (gatillo) 500 ml.,4109.00,,2026-10-06,4109.00,7793253005276
Carrefour,596765,Limpiador Inodoro Bloque para Mochila Pato Marina 40 grs,3795.00,,2026-10-06,3795.00,7790520014863
Carrefour,584261,Limpiador líquido Procenex pisos marina 900 ml.,2620.00,,2026-10-06,2620.00,7791130683661
Carrefour,584287,Limpiador líquido Procenex pisos pino 1.8 l.,4549.00,,2026-10-06,4549.00,7791130683814
Carrefour,272200,Limpiador líquido Carrefour Essential limón 4 lts,6450.00,,2026-10-06,6450.00,7798033338339
Carrefour,711776,Limpiador desinfectante Lysoform baño para hogar 450 ml,3075.00,,2026-10-06,3075.00,7790520999269
Carrefour,685561,Limpiador inodoro gel removedor sarro Pato citrus 500 ml,6179.00,,2026-10-06,6179.00,7790520992574
Carrefour,567683,Limpiador Procenex baño gatillo 500 ml,4180.00,,2026-10-06,4180.00,7791130146883
Carrefour,683490,Limpiador desinfectante Ayudín floral 900 ml.,3150.00,,2026-10-06,3150.00,7793253004743
Carrefour,103968,Limpiador líquido Carrefour Essential marina 900 ml,1650.00,,2026-10-06,1650.00,7798033332399
Carrefour,671269,Limpiador líquido Odex con amoníaco 900 cc.,2529.00,,2026-10-06,2529.00,7791905023791
Carrefour,103965,Limpiador líquido Carrefour Essential limón 900 ml,1650.00,,2026-10-06,1650.00,7798033332412
Carrefour,759421,Limpiador de piso para diluir Eco Planet de lavanda 27 ml,579.00,,2026-10-06,579.00,7791720040270
Carrefour,762349,Limpiador Desinfectante de Superficies Lysoform Lavanda Botella 1760 ml,6549.00,,2026-10-06,6549.00,7790520028440
Carrefour,738558,Limpiador Desinfectante de Superficies Cif Gel Original 500 ml,4789.00,,2026-10-06,4789.00,7791290795846
Carrefour,759427,Limpiador para diluir baño Eco Planet 100 ml,932.00,,2026-10-06,932.00,7791720040331
Carrefour,468871,Limpiador líquido Carrefour Essential lavanda 1.8 lt,2390.00,si,2026-10-06,3050.00,7798141719648
Carrefour,674806,Limpiador líquido aromatizante Poett suavidad de bebé 1.8 lts.,4535.00,,2026-10-06,4535.00,7793253003463
Carrefour,759424,Limpiador de pisos para diluir Eco Planet de coco y vainilla 150 ml,1890.00,,2026-10-06,1890.00,7791720040294
Carrefour,683493,Limpiador desinfectante Ayudín floral 1.8 l.,5069.00,,2026-10-06,5069.00,7793253004750
Carrefour,766329,Limpiador desinfectante Lysoform solución total lavanda 900 ml,3765.00,,2026-10-06,3765.00,7790520028419
Carrefour,703590,Limpiador Multisuperficies Cif Original Ultra Brillo Gatillo 400 ml,5605.00,,2026-10-06,5605.00,7791290792753
Carrefour,638077,Limpiador multiuso Multimax para diluir pino (rinde 5 litros) 150 ml.,2045.00,,2026-10-06,2045.00,7798184581080
Carrefour,765405,Limpiador líquido Procenex gardenia 900 ml,2620.00,,2026-10-06,2620.00,7791130963626
Carrefour,691030,Limpiador desinfectante Ayudín lavanda 4 l.,11869.00,,2026-10-06,11869.00,7793253004712
Carrefour,492499,Limpiador de cocina Ayudín poder activo (envase económico) 900 ml.,3969.00,,2026-10-06,3969.00,7793253400163
Carrefour,727979,Limpiador Multisuperficies Cif Flores de Lavanda Ultra Brillo Doypack 380 ml,3309.00,,2026-10-06,3309.00,7791290795464
Carrefour,749875,Limpiador líquido Poett frescura tropical 1.8 lts,4850.00,,2026-10-06,4850.00,7793253006594
Carrefour,689444,Limpiador de cocina Ayudín poder activo (envase económico) 450 ml.,2215.00,,2026-10-06,2215.00,7793253005313
Carrefour,674811,Limpiador líquido aromatizante Poett espíritu play 1.8 lts.,4535.00,,2026-10-06,4535.00,7793253003951
Carrefour,646952,Limpiador multiuso Multimax para diluir marina (rinde 1 litro) 35 ml.,619.00,,2026-10-06,619.00,7798184581561
Carrefour,689447,Limpiador de baño Ayudín limpieza activa (envase económico) 900 ml.,3825.00,,2026-10-06,3825.00,7793253005290
Carrefour,740143,Limpiador de baño Carrefour Expert dp 450 cc.,1750.00,si,2026-10-06,2090.00,7791720036204
Carrefour,615726,Limpiador desinfectante Lysoform cremoso para baño 450 ml,6700.00,,2026-10-06,6700.00,7790520006479
Carrefour,475120,Limpiador cremoso Carrefour Expert limón 500 ml,2990.00,si,2026-10-06,4190.00,7798152226654
Carrefour,783929,Limpiador desinfectante Poett Huellitas de Frescura 900 ml,2749.00,,2026-10-06,2749.00,7793253007591
Carrefour,778345,Limpiador concentrado antigrasa Procenex 100 ml,2000.00,,2026-10-06,2000.00,7791130963640
Carrefour,690944,Limpiador multiuso Multimax coco (rinde 1 litro) 35 ml.,619.00,,2026-10-06,619.00,7798184581547
Carrefour,468875,Limpiador líquido Carrefour Essential marina 1.8 lt,2390.00,si,2026-10-06,3050.00,7798141719655
Carrefour,759422,Limpiador de piso para diluir Eco Planet de lavanda 150 ml,1890.00,,2026-10-06,1890.00,7791720040287
Carrefour,674805,Limpiador líquido aromatizante Poett espíritu play 900 ml.,2585.00,,2026-10-06,2585.00,7793253003944
Carrefour,683492,Limpiador desinfectante Ayudín marina 1.8 l.,5420.00,,2026-10-06,5420.00,7793253004736
Carrefour,759426,Limpiador de vidrio para diluir Eco Planet 100 ml,932.00,,2026-10-06,932.00,7791720040324
Carrefour,674800,Limpiador líquido aromatizante Poett suavidad de bebé 900 ml.,2585.00,,2026-10-06,2585.00,7793253003456
Carrefour,598770,Limpiador vidrios y multiusos Mr. Músculo brillo sin rayas 900 ml,3900.00,,2026-10-06,3900.00,7790520018656
Carrefour,674812,Limpiador líquido aromatizante Poett suavidad de bebé 4 lts.,10199.00,,2026-10-06,10199.00,7793253003449
Carrefour,710547,Limpiador líquido Carrefour Expert con amoniaco en botella 900 ml,2890.00,,2026-10-06,2890.00,7791720027196
Carrefour,737811,Limpiador líquido Carrefour Essential ultra brillo citris 380 cc.,2390.00,si,2026-10-06,3090.00,7791720034767
Carrefour,447674,Limpiador líquido Carrefour Essential bebé 900 ml,1650.00,,2026-10-06,1650.00,7798141714544
Carrefour,658670,Limpiador líquido Ecovita vidrios 500 cc.,1879.00,,2026-10-06,1879.00,7798124360331
Carrefour,683489,Limpiador desinfectante Ayudín marina 900 ml.,2999.00,,2026-10-06,2999.00,7793253004729
Carrefour,584257,Limpiador líquido pisos Procenex flores de jardín 900 ml.,2620.00,,2026-10-06,2620.00,7791130683531
Carrefour,766328,Limpiador desinfectante Lysoform solución total bosque de pinos 900 ml,3749.00,,2026-10-06,3749.00,7790520028433
Carrefour,674802,Limpiador líquido aromatizante Poett música en primavera 900 ml.,2585.00,,2026-10-06,2585.00,7793253003609
Carrefour,584265,Limpiador líquido Procenex pisos jazmín 900 ml.,2620.00,,2026-10-06,2620.00,7791130683722
Carrefour,716673,Limpiador líquido Carrefour expert con amoniaco dp 900 cc.,2590.00,,2026-10-06,2590.00,7791720027141
Carrefour,679465,Limpiador líquido amanecer marino Odex 900 cc.,1650.00,,2026-10-06,1650.00,7791905023845
Carrefour,119561,Limpiador líquido Carrefour Essential colonia 4 lts,6450.00,,2026-10-06,6450.00,7798033333648
Carrefour,584266,Limpiador líquido Procenex pisos limón 900 ml.,2620.00,,2026-10-06,2620.00,7791130683678
Carrefour,694282,Limpiador cocina extra power gatillo Mr. Músculo elimina grasa difícil aroma limón 500 ml,8289.00,,2026-10-06,8289.00,7790520998835
Carrefour,759425,Limpiador de cocina para diluir Eco Planet 100 ml,932.00,,2026-10-06,932.00,7791720040317
Carrefour,584250,Limpiador líquido Procenex pisos pino 900 ml.,2620.00,,2026-10-06,2620.00,7791130683685
Carrefour,468880,Limpiador líquido Carrefour Essential limón 1.8 lt,2390.00,si,2026-10-06,3050.00,7798141719662
Carrefour,612601,Limpiador para vidrios Odex doy pack 450 cc.,1989.00,,2026-10-06,1989.00,7791905004363
Carrefour,447677,Limpiador líquido Carrefour Essential frutal 4 lts,6450.00,,2026-10-06,6450.00,7798141716456
Carrefour,679476,Limpiador líquido lavanda Odex 900 cc.,1650.00,,2026-10-06,1650.00,7791905023951
Carrefour,754123,Limpiador Liquido Multisuperficies Glade Paraíso Azul Fragancia Duradera para Pisos y Superficies 1800 ml,5075.00,,2026-10-06,5075.00,7790520996497
Carrefour,726197,Limpiador líquido Procenex brisa floral en botella 1.8 lts.,4549.00,,2026-10-06,4549.00,7791130963350
Carrefour,740170,Limpiador inodoro canasta solida Pato marina 27grs,2115.00,,2026-10-06,2115.00,7790520028969
Carrefour,740165,Limpiador inodoro canasta liquida Pato floral 50 ml,6489.00,,2026-10-06,6489.00,7790520026149
Carrefour,579841,Limpiador líquido Carrefour Essential bebé 1.8 lts,2390.00,si,2026-10-06,3050.00,7798159717285
Carrefour,103955,Limpiador líquido Carrefour Essential colonia 900 ml,1650.00,,2026-10-06,1650.00,7798033332405
Carrefour,783930,Limpiador desinfectante Poett Huellitas de Frescura 1.8 lts,4800.00,,2026-10-06,4800.00,7793253007607
Carrefour,778480,Limpiador de piso Pinoluz limón 900 ml,1190.00,si,2026-10-06,2349.00,7793253007324
Carrefour,674808,Limpiador líquido aromatizante Poett música en primavera 1.8 lts.,4535.00,,2026-10-06,4535.00,7793253003616
Carrefour,646951,Limpiador multiuso Multimax para diluir pino (rinde 1 litro) 35 ml.,629.00,,2026-10-06,629.00,7798184581578
Carrefour,738561,Limpiador Desinfectante Para Pisos Cif Original 750 ml,5399.00,,2026-10-06,5399.00,7791290795815
Carrefour,579842,Limpiador líquido Carrefour Essential colonia 1.8 lts,2390.00,si,2026-10-06,3050.00,7798159717308
Carrefour,447676,Limpiador líquido Carrefour Essential frutal 900 ml,1650.00,,2026-10-06,1650.00,7798141716449
Carrefour,738557,Limpiador Desinfectante de Superficies Cif Gel Original 250 ml,2645.00,,2026-10-06,2645.00,7791290795808
Carrefour,726196,Limpiador líquido Procenex brisa floral en botella 900 cc.,2620.00,,2026-10-06,2620.00,7791130963343
Carrefour,778481,Limpiador de piso Pinoluz limón 1800 ml,4250.00,,2026-10-06,4250.00,7793253007331
Carrefour,579845,Limpiador líquido Carrefour Essential frutal 1.8 lts,2390.00,si,2026-10-06,3050.00,7798159717292
Carrefour,658667,Limpiador líquido Ecovita cocina 500 cc.,1879.00,,2026-10-06,1879.00,7798124360348
Carrefour,510543,Limpiador de gamuza y nobuck Wassington 120 cc.,9109.00,,2026-10-06,9109.00,7793350000242
Carrefour,778346,Limpiador concentrado para vidrios Procenex 100 ml,2000.00,,2026-10-06,2000.00,7791130963664
Carrefour,696548,Limpiador desinfectante Lysoform baño gatillo para hogar 500 ml,8550.00,,2026-10-06,8550.00,7790520999252
Carrefour,689443,Limpiador de cocina Ayudín poder activo (gatillo) 500 ml.,4500.00,,2026-10-06,4500.00,7793253005306
Carrefour,727983,Limpiador Multisuperficies Cif Flores de Lavanda Ultra Brillo Gatillo 400 ml,5605.00,,2026-10-06,5605.00,7791290795471
Carrefour,679471,Limpiador líquido bosque Odex 1.8 l.,2760.00,,2026-10-06,2760.00,7791905023906
Carrefour,715921,Limpiador de vidrios Vais ultra repuesto 900 cc.,2975.00,,2026-10-06,2975.00,7791274200281
Carrefour,645180,Limpiador facial Asepxia exfoliante purificante carbón detox 120 g.,10589.00,,2026-10-06,10589.00,7798140259435
Carrefour,658666,Limpiador líquido Ecovita baño 550 cc.,1879.00,,2026-10-06,1879.00,7798124360355
Carrefour,740682,Limpiador antigrasa Vais gatillo 500 cc.,3669.00,,2026-10-06,3669.00,7791274190360
Carrefour,476569,Limpiador para metales Rex 250 cc.,6029.00,,2026-10-06,6029.00,7793350000723
Carrefour,679477,Limpiador líquido lavanda Odex 1.8 l.,2990.00,,2026-10-06,2990.00,7791905023968
Carrefour,740169,Limpiador inodoro canasta solida Pato marina 27.5 grs,2650.00,,2026-10-06,2650.00,7790520028952
Carrefour,427811,Limpiador para pisos plastificados Suiza dp 400 ml,4139.00,,2026-10-06,4139.00,7790613071131
Carrefour,553952,Limpiador líquido Héroe limón 900 cc.,1449.00,,2026-10-06,1449.00,7798131250212
Carrefour,476572,Limpiador para acero inoxidable en aerosol Rex 500 cc.,9600.00,,2026-10-06,9600.00,7793350000716
Carrefour,553968,Limpiador líquido Héroe atardecer de verano 900 cc.,1449.00,,2026-10-06,1449.00,7798131250168
Carrefour,685973,Limpiador líquido Odex limón 900 cc.,1780.00,,2026-10-06,1780.00,7791905023982
Carrefour,679479,Limpiador líquido limón Odex 1.8 l.,2990.00,,2026-10-06,2990.00,7791905023999
Carrefour,1773852,Limpiador Desinfectador A Vapor Lusqtoff Lvl5-7 5 En 1,110011.20,si,2026-10-06,127920.00,7799108039618
Carrefour,1656508,Limpiador De Contactos Electricos,15018.43,,2026-10-06,15018.43,
Carrefour,1755781,Limpiador Nasar Irrigador 2 Picos,15749.00,si,2026-10-06,20474.00,7427251183031
Carrefour,1762748,Limpiador de Manchas Aspiradora Hoover HW-CS-SAA,415999.00,,2026-10-06,415999.00,5012512169637
Carrefour,584369,Gel limpiador desinfectante para inodoros Harpic 100% removedor de sarro 500 ml.,6595.00,,2026-10-06,6595.00,7791130681384
Carrefour,759757,Canasta para baño Vim Citrus Poder x6 50 grs,4539.00,,2026-10-06,4539.00,7791290796102
Carrefour,703707,Limpiahornos y parrillas Mr. Músculo desengrasante aerosol 360 ml,9559.00,,2026-10-06,9559.00,7790520998927
Carrefour,758753,Bicarbonato de sodio para limpieza I Love Bicarbonato 500 grs,5299.00,,2026-10-06,5299.00,7798184582308
Carrefour,735785,Pastilla Para Inodoro Vim Océano 100 grs,6055.00,,2026-10-06,6055.00,7791290794146
Carrefour,754260,Bicarbonato de sodio I Love Bicarbonato para limpieza 100 grs,1349.00,,2026-10-06,1349.00,7798184582292
Carrefour,735788,Canasta Sólida para Inodoro Vim Citrus 4 en 1 35 grs,3119.00,,2026-10-06,3119.00,7791290794160
Carrefour,589083,Gel limpiador desinfectante para inodoros Harpic blanco y brillante 500 ml.,6595.00,,2026-10-06,6595.00,7791130681438
Carrefour,584373,Gel limpiador desinfectante para inodoros Harpic power plus original 500 ml.,6595.00,,2026-10-06,6595.00,7791130681391
Carrefour,735790,Canasta Sólida para Inodoro Vim Océano 4 en 1 35 grs,3119.00,,2026-10-06,3119.00,7791290794177
Carrefour,584246,Tabletas limpiadoras para prótesis dentales Corega Tabs 3 minutos 30 u.,9890.00,,2026-10-06,9890.00,7794640171420
Carrefour,51110,Destapa cañerias Plomero Liquido fórmula experta 1 l.,8595.00,,2026-10-06,8595.00,7790132009158
Carrefour,778817,Antigrasa Magistral Concentrado Naranja Doy Pack 450 ml,2709.00,,2026-10-06,2709.00,7790990004043
Carrefour,656142,Desinfectante concentrado Lysoform lavanda limpieza diaria y desinfección del hogar 420 ml,2829.00,,2026-10-06,2829.00,7790520024954
Carrefour,51112,Destapa cañerias Ayudín 1 l.,8289.00,,2026-10-06,8289.00,7790132072206
Carrefour,612621,Cepillo de dientes Colgate triple acción 3 uni,8520.00,,2026-10-06,8520.00,99176369226
Carrefour,689450,Desinfectante multisuperficies Ayudín (envase económico) 450 ml.,2400.00,,2026-10-06,2400.00,7793253005238
Carrefour,584377,Gel limpiador desinfectante para inodoros Harpic power plus frescura floral 500 ml.,6595.00,,2026-10-06,6595.00,7791130681414
Carrefour,656140,Desinfectante Concentrado Lysoform Original Limpieza Diaria y Desinfección del Hogar 420 ml,2829.00,,2026-10-06,2829.00,7790520024930
Carrefour,778731,Antigrasa Magistral Concentrado Limón Doy Pack 850 ml,4879.00,,2026-10-06,4879.00,7790990004289
Carrefour,584381,Gel limpiador desinfectante para inodoros Harpic power plus citrus 500 ml.,6595.00,,2026-10-06,6595.00,7791130681421
Carrefour,779005,Cepillo de Dientes Colgate Brilliant Star cerdas suaves 2 uni,7449.00,,2026-10-06,7449.00,7509546695105
Carrefour,778815,Antigrasa Magistral Concentrado Limón Doy Pack 450 ml,2709.00,,2026-10-06,2709.00,7790990003947
Carrefour,783849,Removedor activo antihongos Ayudín dp 900 ml,4050.00,,2026-10-06,4050.00,7793253007256
Carrefour,646880,Gel manual Pato combo frutal 500 ml,5495.00,,2026-10-06,5495.00,7790520990020
Carrefour,778347,Limpieador concentrado para baño Procenex 100 ml,2000.00,,2026-10-06,2000.00,7791130963657
Carrefour,778816,Antigrasa Magistral Concentrado Naranja Gatillo 500 ml,4889.00,,2026-10-06,4889.00,7790990004029
Carrefour,656296,Quitamanchas Vanish limpia alfombra 600 ml.,14275.00,,2026-10-06,14275.00,7791130962704
Carrefour,584251,Tabletas limpiadoras para prótesis dentales Corega Tabs blanqueador 30 u.,10879.00,,2026-10-06,10879.00,7794640171444
Carrefour,754127,"Lampazol Ceramicol Limpia Pisos, Veredas y Mosaicos Brillo Duradero Fragancia Citrica Botella 860 ml",6119.00,,2026-10-06,6119.00,7790520028631
Carrefour,689451,Desinfectante multisuperficies Ayudín (gatillo) 500 ml.,5550.00,,2026-10-06,5550.00,7793253005221
Carrefour,597587,Escobilla de baño sin base Carrefour,6090.00,,2026-10-06,6090.00,7793416100084
Carrefour,556020,Quita sarro Wassington rex 500 cc.,6189.00,,2026-10-06,6189.00,7793350000556
Carrefour,779212,Bidón limpia pisos Carrefour Eco Planet coco 150 ml rinde 5 lts,4900.00,,2026-10-06,4900.00,7791720044711
Carrefour,778814,Antigrasa Magistral Concentrado Limón Gatillo 500 ml,4889.00,,2026-10-06,4889.00,7790990003923
Carrefour,764664,Pala de Mano Fiorentina Clip con Borde de Goma y Serrucho Limpiador,6500.00,,2026-10-06,6500.00,7798366891716
Carrefour,699124,Gel de Limpieza L'Oreal Paris Revitalift Acido Hialuronico 150 ml,23990.00,,2026-10-06,23990.00,7509552849646
Carrefour,656143,Desinfectante Concentrado Lysoform Bebé Limpieza Diaria y Desinfección del Hogar 420 ml,2829.00,,2026-10-06,2829.00,7790520024978
Carrefour,734567,"Desodorizante para heladera con bicarbonato de sodio Arm and Hammer 396,8 grs",4559.00,,2026-10-06,4559.00,33200000204
Carrefour,634278,Secador Carrefour Home de pisos plastico borde de goma,9890.00,,2026-10-06,9890.00,7793416120433
Carrefour,1772857,Repuesto de Easy Limpiador De Zapatillas espumoso,19125.00,si,2026-10-06,22500.00,7795513315712
Carrefour,1772861,Pack Limpiador De Gorra Cap Cleaner,22790.00,si,2026-10-06,26500.00,7795513104378
Carrefour,1747765,Spray limpiador Control Cleaner 1/2 L,71365.58,,2026-10-06,71365.58,4260063010149
Carrefour,1757465,Cepillo Limpiador de Zapatos Gadnic ALO19 Eléctrico Automático Pulidor,49999.00,si,2026-10-06,64999.00,7427252444698
Carrefour,1771632,Cepillo Electrico Limpiador De Parrilla Bron By Gadnic Recargable Potente,71999.00,si,2026-10-06,93599.00,7799219134912
Carrefour,569601,Esponja Mortimer acero inoxidable 1 u.,1116.00,,2026-10-06,1116.00,7793253386160
Carrefour,51107,Esponja Mortimer cuadriculada 1 u.,1300.00,,2026-10-06,1300.00,7793253038106
Carrefour,72531,Esponja Virulana,859.00,,2026-10-06,859.00,7794440003310
Carrefour,144991,Esponja Virulana con cuadraditos 1 u.,1005.00,,2026-10-06,1005.00,7794440003303
Carrefour,91774,Esponja Carrefour cuadriculada 1 u.,840.00,,2026-10-06,840.00,7798033330944
Carrefour,135245,Esponja Scotch Brite limpieza profunda cocina 1 u.,2757.00,,2026-10-06,2757.00,7891040028931
Carrefour,443684,Esponja Virulana multiuso,900.00,,2026-10-06,900.00,7794440003341
Carrefour,643495,Esponja Scotch Brite extrema fibra esponja 1 u.,1878.00,,2026-10-06,1878.00,7891040221059
Carrefour,532563,Esponja Virulana siempre Limpia 1 u.,1208.00,,2026-10-06,1208.00,7794440000098
Carrefour,570823,Esponja Scotch Brite no raya 1 u.,2295.00,,2026-10-06,2295.00,7891040142712
Carrefour,532555,Esponja Virulana fuerte ultra abrasiva 1 u.,1200.00,,2026-10-06,1200.00,7794440000104
Carrefour,727116,Esponja Samantha lisa,990.00,,2026-10-06,990.00,7790345860102
Carrefour,656550,Esponja Go power 1 u.,1300.00,,2026-10-06,1300.00,7792459161007
Carrefour,720135,Esponja Bijou red exfoliante pompom,2124.00,,2026-10-06,2124.00,7793260000073
Carrefour,575575,Esponja Virulana con multiondas,1166.00,,2026-10-06,1166.00,7794440000210
Carrefour,115734,Esponja rollitos de acero Carrefour 10 u.,2320.00,,2026-10-06,2320.00,7798033331446
Carrefour,51105,Esponja Mortimer doble cara bronce 1 u.,2000.00,,2026-10-06,2000.00,7793253038526
Carrefour,656555,Esponja Go max multiuso 1 u.,1100.00,,2026-10-06,1100.00,7792459161021
Carrefour,656558,Esponja Go ultra ideal cocina 1 u.,1500.00,,2026-10-06,1500.00,7792459161045
Carrefour,219802,Esponja de bronce Virulana 1 u.,1989.00,,2026-10-06,1989.00,7794440002238
Carrefour,720141,Esponja Bijou rectangular mediana x 3 uni,1322.00,,2026-10-06,1322.00,7793260000141
Carrefour,533416,Esponja Mortimer cuadriculada poderosa 1 u.,1578.00,,2026-10-06,1578.00,7793253092276
Carrefour,407073,Esponja Textilsol power color 1 uni,2690.00,,2026-10-06,2690.00,7793315001291
Carrefour,571220,Esponja Carrefour para microondas antiadherente (Modelos Surtidos),2019.00,,2026-10-06,2019.00,7798159715267
Carrefour,704290,Esponja Scotch Brite cero rayas naranja x 3 uni,4649.00,,2026-10-06,4649.00,7891040204465
Carrefour,766245,Esponja Scotch brite limpieza pesada x 4 uni,4840.00,,2026-10-06,4840.00,7891040299614
Carrefour,771695,Esponja Green House no raya,949.00,,2026-10-06,949.00,7793260001186
Carrefour,720127,Esponja Bijou ovalada grande,1135.00,,2026-10-06,1135.00,7793260000028
Carrefour,571223,Esponja Carrefour fibra extrafuerte 1 u.,1849.00,,2026-10-06,1849.00,7798159715243
Carrefour,735057,Esponja rectangular soft (Modelos Surtidos),949.00,,2026-10-06,949.00,7793260000059
Carrefour,720130,Esponja Bijou anatómica,1990.00,,2026-10-06,1990.00,7793260000240
Carrefour,720131,Esponja Bijou rectangular grande,792.00,,2026-10-06,792.00,7793260000042
Carrefour,622520,Esponja Carrefour multiuso extra grande 1 u.,1739.00,,2026-10-06,1739.00,7791720016220
Carrefour,571225,Esponja Carrefour para sanitarios 1 u.,1729.00,,2026-10-06,1729.00,7798159715250
Carrefour,681904,Esponja ovalada con vegetal Bijou x 1 uni,3360.00,,2026-10-06,3360.00,7793260000134
Carrefour,720128,Esponja Bijou rectangular,850.00,,2026-10-06,850.00,7793260000196
Carrefour,736076,Esponja de fibra La Porteña lisa,809.00,,2026-10-06,809.00,7798126378204
Carrefour,158949,Esponja para auto Carrefour suave 1 u.,2790.00,,2026-10-06,2790.00,7791297004095
Carrefour,720143,Esponja Bijou piel sensible adultos,959.00,,2026-10-06,959.00,7793260000905
Carrefour,681908,Esponja niños formas varias Bijou x 1 uni,867.00,,2026-10-06,867.00,7793260000097
Carrefour,571233,Esponja de bronce Carrefour 1 u.,5189.00,,2026-10-06,5189.00,7798159715281
Carrefour,720126,Esponja Bijou manopla vegetal,4764.00,,2026-10-06,4764.00,7793260000158
Carrefour,747332,Esponja Vileda no raya pur active | pack de 2 unidades,7543.00,,2026-10-06,7543.00,4023103070240
Carrefour,747334,Esponja antibacteriana Vileda ultra fresh,5732.00,,2026-10-06,5732.00,4023103200982
Carrefour,766243,Esponja Scotch brite esferas de limpieza,6288.00,,2026-10-06,6288.00,7891040331536
Carrefour,764741,Esponja limpia zapatillas Wassington Sneaker Wipers 10 uni,12809.00,,2026-10-06,12809.00,7793350994985
Carrefour,764740,Esponja limpia zapatillas Wassington Sneaker Wipers 5 uni,8529.00,,2026-10-06,8529.00,7793350994978
Carrefour,747330,Esponja salvauñas Vileda glitzi glitzi x 1 unidad,3064.00,,2026-10-06,3064.00,3838447000294
Carrefour,160116,Esponja para auto Carrefour especial 1 u.,3590.00,,2026-10-06,3590.00,7791297004118
Carrefour,743882,Esponja Brilhus salva uñas,1490.00,,2026-10-06,1490.00,7896001004870
Carrefour,252892,Rollito Virulana 6 u.,1829.00,,2026-10-06,1829.00,7794440001729
Carrefour,252894,Rollito de acero inoxidable Virulana Inoxy 1 u.,1000.00,,2026-10-06,1000.00,7794440002399
Carrefour,293176,Paño rejilla esponja Essential 1 uni,1490.00,,2026-10-06,1490.00,7791297021139
Carrefour,753698,Fibra esponja Green House multiuso,739.00,,2026-10-06,739.00,7793260001254
Carrefour,765450,Fibra esponja Mortimer lisa,978.00,,2026-10-06,978.00,7793253007157
Carrefour,400532,Rollito Virulana 10 u.,2800.00,,2026-10-06,2800.00,7794440101702
Carrefour,681906,Guante exfoliante Bijou x 1 uni (Modelos Surtidos),2190.00,,2026-10-06,2190.00,7793260000318
Carrefour,744882,Paño esponja Vileda súper absorbente | pack de 3 unidades,10558.00,,2026-10-06,10558.00,4003790028199
Carrefour,247734,Paño esponja Virulana 1 u.,2109.00,,2026-10-06,2109.00,7794440005505
Carrefour,681907,Cepillo para espalda Bijou x 1 uni,4302.00,,2026-10-06,4302.00,7793260000325
Carrefour,325338,Fibra esponja sanitaria Scotch brite x 1 uni,2295.00,,2026-10-06,2295.00,7891040003167
Carrefour,753697,Fibra esponja Green House salva uñas,1000.00,,2026-10-06,1000.00,7793260001247
Carrefour,770342,Cepillo dental infantil Gum Bob Esponja 2 uni,7115.00,,2026-10-06,7115.00,70942007771
Carrefour,773222,Fibra parrillera La Gauchita Go,2775.00,,2026-10-06,2775.00,7792459163100
Carrefour,652142,Paño esponja triple 44x60 silvetex,5857.00,,2026-10-06,5857.00,7790528010461
Carrefour,652141,Paño esponja doble 44x48 silvetex,6159.00,,2026-10-06,6159.00,7790528010256
Carrefour,628105,Repuesto Virulana mopa plana extra 100% algodón,20900.00,,2026-10-06,20900.00,7794440006663
Carrefour,764251,Set Pawpatrol Skye shampoo y esponja Algabo 1 uni,16339.00,,2026-10-06,16339.00,7791274201288
Carrefour,1774136,Organizador Porta Esponja Cepillo para Bacha Cocina Sopapa Acero Inox Aston,19710.00,si,2026-10-06,32850.00,7798385076026
Carrefour,1757135,Organizador Cocina Gadnic Acero Inoxidable Porta Esponja y Bandeja,19999.00,si,2026-10-06,25999.00,818279022995
Carrefour,1758209,Porta Esponja Metálica Gadnic Limpiadora de Cautín,8453.00,si,2026-10-06,10989.00,7427254574164
Carrefour,778307,Dispenser de detergente y esponja Ordene color blanco,12990.00,,2026-10-06,12990.00,7896359046706
Carrefour,701565,Cepillo de dientes Colgate Super Flexi 2 uni,3925.00,,2026-10-06,3925.00,7509546075242
Carrefour,710192,Cepillo De Dientes Colgate Zig Zag Charcoal Medio 2 uni,6210.00,,2026-10-06,6210.00,7509546673042
Carrefour,494588,Cepillo de dientes Colgate triple acción 2 uni,5789.00,,2026-10-06,5789.00,7702010631207
Carrefour,626865,Cepillo de dientes Colgate Kids 2 uni,3199.00,,2026-10-06,3199.00,7509546073453
Carrefour,294735,Cepillo de Dientes Colgate Extra Clean Medio 1 uni,2900.00,,2026-10-06,2900.00,5900273001566
Carrefour,664204,Cepillo de dientes Colgate Colors collection 5 uni,12450.00,,2026-10-06,12450.00,7509546653143
Carrefour,576876,Cepillo de dientes Colgate slim soft black 2 uni,11740.00,,2026-10-06,11740.00,7509546061689
Carrefour,742696,Cepillo de Dientes Colgate Max White Charcoal Cerdas Medianas Blanqueamiento 2 uni,7455.00,,2026-10-06,7455.00,7509546690315
Carrefour,766865,Cepillo de dientes Colgate 360 Base 2 uni,8280.00,,2026-10-06,8280.00,7891024116319
Carrefour,699887,Cepillo dental Sensodyne Repara y Proteje 2 uni,8850.00,,2026-10-06,8850.00,7794640172984
Carrefour,563169,Cepillo de dientes Colgate Kids 1 uni,2355.00,,2026-10-06,2355.00,7793100151224
Carrefour,745309,Cepillo dental prot comp+antisarro Sensodyne 2 uni,8429.00,,2026-10-06,8429.00,7794640172373
Carrefour,352487,Cepillo de dientes Colgate Smiles Minions/Barbie 1 uni,4149.00,,2026-10-06,4149.00,7591083011098
Carrefour,778922,Cepillo de Dientes Infantil Colgate Harry Potter Ultra Suave 2 uni,6190.00,,2026-10-06,6190.00,7509546702469
Carrefour,589904,Cepillo dental Oral-B Pro-Salud indicator 2 u.,9745.00,,2026-10-06,9745.00,7501086453955
Carrefour,664202,Cepillo de dientes Colgate Extra Clean firme doble acción 2 uni,5379.00,,2026-10-06,5379.00,7702010630422
Carrefour,745282,Cepillo dental Merali de bambú suave 1 uni,3599.00,,2026-10-06,3599.00,7798364400330
Carrefour,775134,Cepillo dental medio Oral B pack 4 uni,11459.00,,2026-10-06,11459.00,7500435250887
Carrefour,742695,Cepillo de dientes Colgate Slimsoft charcoal 1 uni,6949.00,,2026-10-06,6949.00,7891024073070
Carrefour,727090,Cepillo de dientes Kolynos master plus 1 uni,2349.00,,2026-10-06,2349.00,7753442000390
Carrefour,544577,Cepillo dental pro Oral B doble acción 1 uni,4385.00,,2026-10-06,4385.00,7501086472048
Carrefour,674927,Cepillo Bettanin para esquinas,4390.00,,2026-10-06,4390.00,7896001001121
Carrefour,710191,Cepillo De dientes Colgate Twister medio 2 uni,6625.00,,2026-10-06,6625.00,7702010130632
Carrefour,740157,Cepillo dental Oral B complete 2 uni,8609.00,,2026-10-06,8609.00,7501006719932
Carrefour,627157,Cepillo dental Sensodyne multi protección x3 Medio,13160.00,,2026-10-06,13160.00,7794640172366
Carrefour,680402,Cepillo dental indicator clásico Oral B x 3 uni,13879.00,,2026-10-06,13879.00,7500435153393
Carrefour,761605,Cepillo dental de bambú Meraki medio pack 2 uni,6930.00,,2026-10-06,6930.00,7798364400422
Carrefour,660424,Cepillo de dientes Colgate bamboo carbón 2 uni,9929.00,,2026-10-06,9929.00,7891024078174
Carrefour,736017,Cepillo Glow lava zapatillas,6064.00,,2026-10-06,6064.00,754697468864
Carrefour,613292,Cepillo dental Oral B pro-salud indicator color collection 4 u.,17500.00,,2026-10-06,17500.00,7500435113823
Carrefour,669759,Cepillo dental Gum suave 211 x 1 uni,7410.00,,2026-10-06,7410.00,70942002110
Carrefour,696488,Cepillo dental Pro doble acción x 3 uni,11475.00,,2026-10-06,11475.00,7506295356776
Carrefour,623927,Cepillo de dientes Colgate Slim Soft charcoal 3 uni,15235.00,,2026-10-06,15235.00,7509546074399
Carrefour,773882,Cepillo dental suave Sensodyne Multiprot 1 uni,6575.00,,2026-10-06,6575.00,7896015530181
Carrefour,758894,Cepillo de diente Gum multi clean 4 uni,11625.00,,2026-10-06,11625.00,70942005500
Carrefour,613535,Cepillo dental Oral-B Kids Mickey 1 u.,4999.00,,2026-10-06,4999.00,3014260019723
Carrefour,699889,Cepillo dental Sensodyne suave protección completa x 1 uni,6939.00,,2026-10-06,6939.00,7794640172960
Carrefour,645419,Cepillo dental infantil Gum paw patrol x 2 uni,7119.00,,2026-10-06,7119.00,70942003308
Carrefour,489798,Cepillo lava vajillas Carrefour 1 u.,7990.00,,2026-10-06,7990.00,7793416120068
Carrefour,752413,Cepillo dental Gum Avengers 2 uni,7119.00,,2026-10-06,7119.00,70942001083
Carrefour,745283,Cepillo dental Meraki de bambú medio 1 uni,3850.00,,2026-10-06,3850.00,7798364400323
Carrefour,699890,Cepillo dental Sensodyne sensibilidad & encias Suave 1 uni,7285.00,,2026-10-06,7285.00,7896015591823
Carrefour,699888,Cepillo dental Sensodyne complete protection Medio 1 uni,6939.00,,2026-10-06,6939.00,7794640172977
Carrefour,659551,Cepillo dental Gum trolls 2 uni,7119.00,,2026-10-06,7119.00,70942003551
Carrefour,597591,Cepillo Salzano planchita,4890.00,,2026-10-06,4890.00,7793416120037
Carrefour,687522,Cepillo de dientes Colgate interdental 2mm 4 uni,7160.00,,2026-10-06,7160.00,7509546668659
Carrefour,776545,Cepillo de Dientes Colgate Luminous White Charcoal cerdas suaves 2 uni,14839.00,,2026-10-06,14839.00,7509546695082
Carrefour,562386,Cepillo de dientes Colgate Slim Soft base twinpack 2 uni,11740.00,,2026-10-06,11740.00,7591083017793
Carrefour,740155,Cepillo dental Oral B indicator charcoal 2 uni,12125.00,,2026-10-06,12125.00,7500435210430
Carrefour,584245,Cepillo dental Parodontax dientes & encias Suave 1 uni,6900.00,,2026-10-06,6900.00,7794640171772
Carrefour,674929,Cepillo Bettanin largo alcance,6200.00,,2026-10-06,6200.00,7896001001138
Carrefour,575643,Cepillo Salzano de piso,6590.00,,2026-10-06,6590.00,7793416100152
Carrefour,649272,Cepillo dental Oral-B kids Mickey x 2 uni,9559.00,,2026-10-06,9559.00,7500435127417
Carrefour,670568,Cepillo SriSri Tattva sudanta bambú cerdas media x 1 uni.,3269.00,,2026-10-06,3269.00,8906038788359
Carrefour,670566,Cepillo SriSri Tattva sudanta bambú cerdas dura x 1 uni.,3269.00,,2026-10-06,3269.00,8906038788366
Carrefour,750821,Cepillo de dientes Colgate Total Whitening suave 2 uni,12425.00,,2026-10-06,12425.00,7509546693736
Carrefour,670573,Cepillo de dientes SriSri Tattva Sudanta bambú kids x 1 uni.,3269.00,,2026-10-06,3269.00,8906038788403
Carrefour,2228,Cepillo samantha wc roll con vaso,7229.00,,2026-10-06,7229.00,7790345122002
Carrefour,745286,Cepillo dental Meraki de bambú kids 1 uni,3599.00,,2026-10-06,3599.00,7798364400347
Carrefour,753695,Cepillo Green House multiuso de madera,3219.00,,2026-10-06,3219.00,7793260001261
Carrefour,674931,Cepillo Bettanin planchita,5400.00,,2026-10-06,5400.00,7896001001145
Carrefour,745028,Cepillo de dientes Colgate total single 1 uni,7290.00,,2026-10-06,7290.00,7509546693712
Carrefour,521159,Cepillo lavacoche Carrefour 19 cm,8890.00,,2026-10-06,8890.00,7793416100190
Carrefour,335277,Cepillo aplicador nro 2 natural wassington x 1 uni,8045.00,,2026-10-06,8045.00,7793350992578
Carrefour,579201,Cepillo dental Sensodyne multi protección Medio 1 uni,6575.00,,2026-10-06,6575.00,7794640171697
Carrefour,676946,Cepillo Iael hidrolavacoche,7449.00,,2026-10-06,7449.00,7793416220195
Carrefour,774768,Cepillo de Dientes Colgate Pro Cuidado Charcoal 1 uni,4079.00,,2026-10-06,4079.00,7509546694979
Carrefour,770444,Kit cepillo x3 Wassington Sneakers Brush,21499.00,,2026-10-06,21499.00,7793350995272
Carrefour,339592,Cepillo para el cabello Brand beauty neumat chico 1 uni,11209.00,,2026-10-06,11209.00,7798104970437
Carrefour,773227,Cepillo planchita La Gauchita,6900.00,,2026-10-06,6900.00,7792459000634
Carrefour,771183,Cepillo Hants mango corto verde,3769.00,,2026-10-06,3769.00,7797196045399
Carrefour,708930,Cepillo para el cabello Moon tunel para cartera 1 uni,6750.00,,2026-10-06,6750.00,7798237960213
Carrefour,773226,Cepillo sanitario La Gauchita,7053.00,,2026-10-06,7053.00,7792459005066
Carrefour,700809,Cepillo parrillero acero 4x19 con mango,5900.00,,2026-10-06,5900.00,7798123993202
Carrefour,1755671,Cepillo Secador y Moldeador de Pelo Gadnic Monner Desmontable,46169.00,si,2026-10-06,60020.00,7427252445794
Carrefour,651119,Cepillo dental Gum deep clean sonic power 1 u.,45289.00,,2026-10-06,45289.00,70942002332
Carrefour,700807,Cepillo parrillero acero 6x19 cm,8900.00,,2026-10-06,8900.00,7798123990362
Carrefour,770340,Cepillo dental Gum Stranger Things classic 409 1 uni,8150.00,,2026-10-06,8150.00,7502304290390
Carrefour,160299,Cepillo Carrefour lava auto 1 u.,11490.00,,2026-10-06,11490.00,7791297004200
Carrefour,708932,Cepillo para el cabello Moon de princesas 1 uni,9450.00,,2026-10-06,9450.00,7799031037101
Carrefour,674933,Cepillo Bettanin multiuso sket,6450.00,,2026-10-06,6450.00,7896001002500
Carrefour,771186,Cepillo Hants planchita verde,5249.00,,2026-10-06,5249.00,7797196045436
Carrefour,1771539,Cepillo Secador Care by Gadnic Alaciador Electrico 600 W 3 Niveles Calor 2 Velocidades,32099.00,si,2026-10-06,41729.00,7799219129147
Carrefour,755461,Cepillo de aire Remington as15a 220a.,78900.00,,2026-10-06,78900.00,74590557480
Carrefour,778813,Cepillo dental Gum Classic 409 Bio 1 uni,8889.00,,2026-10-06,8889.00,7798142357443
Carrefour,760691,Cepillo Carrefour Home mango bambú planchita,4990.00,,2026-10-06,4990.00,3616957826883
Carrefour,739886,Cepillo multiuso bettajeans,4769.00,,2026-10-06,4769.00,7896001001152
Carrefour,707522,Cepillo parrillero multifunción sin mango,5900.00,,2026-10-06,5900.00,7798123990492
Carrefour,785334,Cepillo de dientes Meraki plastico reciclado 2 uni,6280.00,,2026-10-06,6280.00,7798364400552
Carrefour,1756855,Cepillo Dental Eléctrico Gadnic Flush Recargable + 2 Repuestos,80199.00,si,2026-10-06,104259.00,7427251962681
Carrefour,1772706,Cepillo Térmico Secador Babyliss Pro Nano Titanium 89mm,139999.00,si,2026-10-06,219999.00,3030050197341
Carrefour,547367,Cepillo de lustre símil cuero Wassington 1 u.,9300.00,,2026-10-06,9300.00,7793350000549
Carrefour,1758907,Cepillo Facial Roller Gadnic CN70 Rodillo Regenerador Antiage,5599.00,si,2026-10-06,7278.99,7427251180511
Carrefour,765336,Cepillo corporal Whole Life con mango,21790.00,,2026-10-06,21790.00,5763245365703
Carrefour,708931,Cepillo para el cabello Moon redondo para cartera 1 uni,8100.00,,2026-10-06,8100.00,7798237960220
Carrefour,746521,Cepillo multiuso planchita 16 cm negro y beige,6690.00,,2026-10-06,6690.00,4894130979000
Carrefour,783537,Cepillo aire Bellissima multistyler 5en1 gh181100,82900.00,si,2026-10-06,92900.00,8007403118891
Carrefour,759732,Cepillo alisador Nalk and Rey nrhb621b,38990.00,si,2026-10-06,50856.00,3616959284490
Carrefour,1755876,Kit de Cepillo Dental Eléctrico Blanco Gadnic + Irrigador Bucal Inalámbrico,149949.00,si,2026-10-06,194934.00,7427251554138
Carrefour,1766412,Cepillo y peine rosa safety 1st,7089.00,si,2026-10-06,10999.00,7798100077352
Carrefour,768996,Cepillo modelador Nalk and Rey rodillo grande nrhms99,30990.00,si,2026-10-06,40492.00,3617702276700
Carrefour,1755672,Cepillo Secador de Pelo Care By Gadnic S1200 Pro Voluminizador Frío Calor,47672.00,si,2026-10-06,61974.00,0650414626800
Carrefour,1755897,Kit de Cepillo Dental Eléctrico Negro Gadnic + Irrigador Bucal Inalámbrico Blanco,149649.00,si,2026-10-06,194544.00,7427251554138
Carrefour,720060,Cepillo esqueloto Brand beauty 1 uni,8529.00,,2026-10-06,8529.00,7798104974909
Carrefour,1772765,Cepillo Voluminizador 3 en 1 Revlon con Cabezales Intercambiables RVDR5333LA2AV1,137999.00,si,2026-10-06,162149.00,00761318001904
Carrefour,1772705,Cepillo Térmico Secador Nano Titanium 64mm Babyliss,123999.00,si,2026-10-06,189999.00,3030050173352
Carrefour,1774759,Cepillo de Limpieza Electrico Onebox OB-CLE1 Microfibra,99999.00,,2026-10-06,99999.00,0727373194982
Carrefour,1774209,Cepillo De Pelo Care By Gadnic Desenredante Anti Tirones Diseño Ventilado Cabello Húmedo Seco,15799.00,si,2026-10-06,20539.00,7799219141576
Carrefour,1744312,Cepillo acero con mango Brousse,7149.53,si,2026-10-06,10213.61,7798074701543
Carrefour,707518,Cepillo parrillero de plastico,4900.00,,2026-10-06,4900.00,7798123990478
Carrefour,759854,Cepillo Full Circle dish brush,26554.00,,2026-10-06,26554.00,810119021823
Carrefour,1772408,"Cepillo Barrefondo Curvo 18"" Lusqtoff (Cbcl18-8)",13599.00,si,2026-10-06,15399.00,0000000074918
Carrefour,759855,Cepillo Full Circle magic wand glass cleaner,23909.00,,2026-10-06,23909.00,810119022882
Carrefour,1744188,Cepillo Garlopa 650W,129234.00,,2026-10-06,129234.00,664918146757
Carrefour,1746014,Cepillo Brousse de acero recto,8250.98,si,2026-10-06,11787.12,7798074701536
Carrefour,1776873,Cepillo Secador Multistyler Ga.ma Italy Uniq Flow 9 En 1 Gris,393128.10,si,2026-10-06,436809.00,8023277178557
Carrefour,1776887,Cepillo Secador Multistyler Ga.ma Italy Uniq Flow 6en1 1500w Gris Oscuro,341400.60,si,2026-10-06,379334.00,8023277178540
Carrefour,1776884,Cepillo Alisador Ga.ma Italy Innova Hot Brush Digital Blanco,58968.00,si,2026-10-06,65520.00,8023277124813
Carrefour,395601,Cepillo de acero sin cabo,5999.00,,2026-10-06,5999.00,7796835000263
Carrefour,746284,Cepillo limpia parrillas Sor,14900.00,,2026-10-06,14900.00,7798434810014
Carrefour,785928,Cepillo Modelador Gama Uniq Mstyler Flow 6 Acces,349000.00,,2026-10-06,349000.00,8023277178540
Carrefour,1776603,Cepillo Metálico De Acero Inoxidable,51856.00,,2026-10-06,51856.00,0763571680650
Carrefour,1744197,Cepillo Garlopa 800W,154918.00,,2026-10-06,154918.00,7798429020343
Carrefour,746525,Cepillo multiuso con mango 14 cm negro y beige,6690.00,,2026-10-06,6690.00,4894130979031
Carrefour,759858,Cepillo Full Circle tiny team mini brush dustpan,34489.00,,2026-10-06,34489.00,810119022493
Carrefour,1760427,Cepillo Termico Alisador Bellisima Magic Straight Brush,69999.00,,2026-10-06,69999.00,8007403116439
Carrefour,425844,Pilas Alcalinas Duracell AAA Blister de 4 Unidades,9890.00,,2026-10-06,9890.00,41333001098
Carrefour,144314,Pilas Alcalinas Duracell AA Blister de 4 Unidades,9890.00,,2026-10-06,9890.00,41333001029
Carrefour,262276,Pilas Alcalinas Duracell AA Blister de 2 Unidades,6169.00,,2026-10-06,6169.00,41333001005
Carrefour,144315,Pilas Alcalinas Duracell AAA Blister de 2 Unidades,6169.00,,2026-10-06,6169.00,41333001074
Carrefour,680399,Oral B sensitive indicator extra soft cepillos dentales 2 uni,13170.00,,2026-10-06,13170.00,7500435170987
Carrefour,720136,Escobilla de baño,2390.00,,2026-10-06,2390.00,7793260000875
Carrefour,615733,Kit de ortodoncia Gum 1 uni,16079.00,,2026-10-06,16079.00,70942125352
Carrefour,752414,Kit dental viaje Gum 1 uni,14650.00,,2026-10-06,14650.00,7798142357283
Carrefour,575481,Set de peine y gomitas Brand Beauty 1 uni,2445.00,,2026-10-06,2445.00,7798104971786
Carrefour,629958,Escobilla de baño Carrefour con base de acero,15900.00,,2026-10-06,15900.00,3606601094928
Carrefour,605454,Kit dental portatil Gum avengers x 1 uni,7325.00,,2026-10-06,7325.00,7798142350499
Carrefour,575480,Set 3 peines cabello y gomitas Brand Beauty,3305.00,,2026-10-06,3305.00,7798104971793
Carrefour,776475,Modelador de aire Nalk and Rey 5 en 1,55900.00,si,2026-10-06,69900.00,3617702276687
Carrefour,1772156,Cortapelos Aspirador Mascotas Gadnic 3 En 1 Cepillo Corte Y Aspiracion 10000 Pa 9 Accesorios,189849.00,si,2026-10-06,246804.00,7799219136459
Carrefour,687646,Organizador de cepillos Carrefour Home cuadrado negro,6990.00,,2026-10-06,6990.00,7791194102344
Carrefour,1755863,Masajeador De Cuero Cabelludo Negro Gadnic Cepillo De Silicona,7499.00,si,2026-10-06,9749.00,650414738473
Carrefour,1755825,Masajeador De Cuero Cabelludo Verde Gadnic Cepillo De Silicona,6999.00,si,2026-10-06,9099.00,650414738473
Carrefour,1758915,Juego de 8 Cepillos De Limpieza Gadnic Multifuncional de Mango Largo,23499.00,si,2026-10-06,30549.00,7427252444728
Carrefour,1768124,Irrigador Bucal Portátil Nicefeel Inalámbrico 300ml 2 Boquillas Intercambiables 5 Modos,59999.00,si,2026-10-06,77999.00,6920674315917
Carrefour,1755964,Masajeador De Cuero Cabelludo Lila Gadnic Cepillo De Silicona,6999.00,si,2026-10-06,9099.00,650414738473
Carrefour,1772583,Kit De Repuestos Gadnic Compatible Con Aspiradora Robot ROB00515 Cepillos Filtros Mopas,15999.00,si,2026-10-06,20799.00,7799219104052
Carrefour,1755576,Kit De Repuesto Gadnic Aspiradora Robot ROB00504 Mopa Cepillos laterales x2 Filtro,19999.00,si,2026-10-06,25999.00,7796962999126
Carrefour,1754032,Irrigador Ducha Bucal Inalámbrico 5 Modos 330ml Impermeable Recargable Con 8 Picos Ideal Para Viajes Y Hogar Dehuka,45843.00,si,2026-10-06,50936.00,759382496184
Carrefour,1648773,Porta cepillo de dientes accesorio de baño FV Epuyén NEGRO 0169/L2-NG,62398.50,si,2026-10-06,73410.00,P880
Carrefour,1765643,Set De Biberones Avent Natural Response Con Chupón Y Cepillo Blanco,125719.99,si,2026-10-06,179600.00,8720689008303
Carrefour,1755511,Kit Repuestos de Aspiradora Robot Gadnic ROB00507 Mopa Cepillo Filtro,17501.00,si,2026-10-06,22751.00,7798427513083
Carrefour,1755899,Masajeador De Cuero Cabelludo Rosa Gadnic Cepillo De Silicona,7499.00,si,2026-10-06,9749.00,650414738473
Carrefour,1758909,Set para remover puntos negros + Cepillos cosmética Gadnic,29949.00,si,2026-10-06,38934.00,7427251184915
Carrefour,1762961,Combo Beauty Silfab Secador de Pelo BY-550 y Maxi Cepillo,49999.00,,2026-10-06,49999.00,7798028883509
Carrefour,1760274,Kit de Dermaroller + Cepillo Facial Masajeador LED - Rejuvenecedor,34449.00,si,2026-10-06,44784.00,7427252444896
Carrefour,1648588,Porta cepillo de dientes accesorio de baño FV Libby,52661.75,si,2026-10-06,61955.00,P525
Carrefour,1776882,Combo Gama Secador + Planchita + Cepillo Ga.ma Avocado 3en1 Negro,177941.70,si,2026-10-06,197713.00,8023277143173
Carrefour,1760241,Set de Barberia Gadnic Capa con Diseño + Cepillo Sacapelo,11849.00,si,2026-10-06,15404.00,7427252444797
Carrefour,1648915,Porta cepillo de dientes accesorio de baño FV Ciprés,47608.50,si,2026-10-06,56010.00,P23
Carrefour,1648925,Porta cepillo de dientes accesorio de baño FV Triades,53545.75,si,2026-10-06,62995.00,P33
Carrefour,1768121,Irrigador Bucal Nicefeel FC169 125psi 600ml 10 Niveles 7 Boquillas Intercambiables,68349.00,si,2026-10-06,88854.00,695937468186
Carrefour,1768118,Irrigador Bucal Portátil Nicefeel FC256 200 ml IPX7 Batería 1400 mAh 3 Modos 2 Boquillas Rotación 360 Grados2,82449.00,si,2026-10-06,107184.00,6920674325619
Carrefour,1776877,Combo Gama Secador + Planchita + Cepillo Ga.ma Chia 3 En 1,175872.60,si,2026-10-06,195414.00,8023277143197
Carrefour,722315,Polvo para hornear Dicomere sin aluminio 250 g.,4650.00,,2026-10-06,4650.00,7793323004376
Carrefour,683472,Premezcla brownie Mamá Cocina 425 g,4019.00,,2026-10-06,4019.00,7792180139634
Carrefour,764944,Premezcla brownie Carrefour Classic sin gluten 400 grs,4490.00,,2026-10-06,4490.00,7791720045602
Carrefour,735820,Premezcla de bizcochuelo vainilla Bulnez 480 g.,2050.00,,2026-10-06,2050.00,7791720031919
Carrefour,735824,Premezcla de bizcochuelo chocolate Bulnez 480 g.,2450.00,,2026-10-06,2450.00,7791720031902
Carrefour,735822,Premezcla de bizcochuelo limón Bulnez 480 g.,2050.00,,2026-10-06,2050.00,7791720031926
Carrefour,633634,Premezcla para brownie Águila 425 g.,5619.00,,2026-10-06,5619.00,7790580122287
Carrefour,733922,Premezcla bizcochuelo sin tacc Mamá cocina de vainilla 450 g,4615.00,,2026-10-06,4615.00,7792180142184
Carrefour,633632,Premezcla para torta húmeda Águila chocolate 450 g.,5619.00,,2026-10-06,5619.00,7790580122300
Carrefour,735823,Premezcla de bizcochuelo naranja Bulnez 480 g.,2050.00,,2026-10-06,2050.00,7791720031933
Carrefour,733923,Premezcla bizcochuelo sin tacc Mamá Cocina de chocolate 450 g,5500.00,,2026-10-06,5500.00,7792180142191
Carrefour,702055,Premezcla Arcor sin TACC brownie 425 g.,6375.00,,2026-10-06,6375.00,7790580137960
Carrefour,646398,Premezcla para brownie 123 Listo 300 g. sin TACC,4200.00,,2026-10-06,4200.00,7798239780147
Carrefour,649811,Premezcla para bizcochuelo Arcor chocolate 500 g. Sin TACC,6045.00,,2026-10-06,6045.00,7790580126087
Carrefour,771716,Premezcla de merengue La Parmesana 50 grs,1936.00,,2026-10-06,1936.00,7798224213995
Carrefour,771718,Premezcla de panqueques La Parmesana 180 grs,4356.00,,2026-10-06,4356.00,7798224214015
Carrefour,760595,Premezcla bizcocho de vainilla Mamá Cocina 540 grs,3579.00,,2026-10-06,3579.00,7792180144959
Carrefour,785430,Premezcla cupcake keto vainilla Granger 210 grs,13000.00,,2026-10-06,13000.00,7798456650032
Carrefour,731022,Bizcochuelo Exquisita de vainilla 540 g.,3989.00,,2026-10-06,3989.00,7790070432964
Carrefour,733198,Brownies de chocolate Exquisita 425 g.,5459.00,,2026-10-06,5459.00,7790070432858
Carrefour,733202,Bizcochuelo Exquisita de chocolate 540 g.,4070.65,si,2026-10-06,4789.00,7790070432971
Carrefour,694569,Bizcochuelo Favorita chocolate 450 g.,2469.00,,2026-10-06,2469.00,7790070417299
Carrefour,694568,Bizcochuelo Favorita vainilla 450 g.,2150.00,,2026-10-06,2150.00,7790070417282
Carrefour,733204,Bizcochuelo Exquisita de limón en caja 540 g.,3989.00,,2026-10-06,3989.00,7790070432995
Carrefour,733203,Bizcochuelo Exquisita de naranja en caja 540 g.,3989.00,,2026-10-06,3989.00,7790070432988
Carrefour,733205,Bizcochuelo Exquisita de coco en caja 540 g.,3989.00,,2026-10-06,3989.00,7790070433008
Carrefour,733199,Brownies de limón Exquisita 425 g.,5460.00,,2026-10-06,5460.00,7790070432865
Carrefour,683468,Bizcochuelo vainilla Mamá Cocina bolsa 540 g,3179.00,,2026-10-06,3179.00,7792180139603
Carrefour,735300,Bizcochuelo sin tacc Exquisita de chocolate 450 g.,5775.00,,2026-10-06,5775.00,7790070432940
Carrefour,697808,Bizcochuelo Águila de chocolate 530 g.,5405.00,,2026-10-06,5405.00,7790580132286
Carrefour,776890,Bizcochuelo Red Velvet Carrefour Classic 420 grs,3990.00,,2026-10-06,3990.00,7791720050187
Carrefour,757616,Bizcochuelo de vainilla Carrefour Classic sin tacc en bolsa 500 grs,4450.00,,2026-10-06,4450.00,7791720041628
Carrefour,769551,Bizcochuelo taza Carrefour Classic de chocolate 60 grs,999.00,si,2026-10-06,1590.00,7791720048146
Carrefour,720546,Bizcochuelo Mamá cocina de naranja 540 g,3180.00,,2026-10-06,3180.00,7792180142115
Carrefour,699548,Bizcochuelo Águila vainilla 530 g.,4959.00,,2026-10-06,4959.00,7790580132293
Carrefour,776896,Bizcochuelo Mundial Carrefour Classic sabor vainilla 420 grs,3990.00,,2026-10-06,3990.00,7791720050651
Carrefour,683469,Bizcochuelo limón Mamá Cocina bolsa 540 g,3179.00,,2026-10-06,3179.00,7792180139610
Carrefour,769553,Bizcochuelo taza Carrefour Classic red velvet 60 grs,1590.00,,2026-10-06,1590.00,7791720048160
Carrefour,776892,Bizcochuelo Carrefour Classic sabor chocolate 420 grs,3490.00,si,2026-10-06,3990.00,7791720050200
Carrefour,733201,Torta Chip sabor chocolate Exquisita 500 grs,5460.00,,2026-10-06,5460.00,7790070432872
Carrefour,776891,Bizcochuelo Carrefour Classic sabor vainilla 420 grs,2690.00,si,2026-10-06,3990.00,7791720050194
Carrefour,705873,Bizcochuelo Morixe de chocolate 540 g.,3940.00,,2026-10-06,3940.00,7790199604198
Carrefour,776894,Bizcochuelo Carrefour Classic sabor coco 420 grs,3990.00,,2026-10-06,3990.00,7791720050217
Carrefour,631183,Bizcochuelo de vainilla Exquisita Edición Argentina 635 grs,7980.00,,2026-10-06,7980.00,7790070416544
Carrefour,757617,Bizcochuelo de chocolate Carrefour Classic sin tacc en bolsa 500 grs,4890.00,,2026-10-06,4890.00,7791720041635
Carrefour,769552,Bizcochuelo taza Carrefour Classic de vainilla 60 grs,1190.00,si,2026-10-06,1590.00,7791720048177
Carrefour,776897,Bizcochuelo taza Carrefour Classic sabor banana 60 grs,1590.00,,2026-10-06,1590.00,7791720050699
Carrefour,776893,Bizcochuelo Carrefour Classic sabor naranja 420 grs,3990.00,,2026-10-06,3990.00,7791720050170
Carrefour,776895,Bizcochuelo Carrefour Classic sabor limón 420 grs,3990.00,,2026-10-06,3990.00,7791720050163
Carrefour,678856,Bizcochuelo chocolate Godet caja 480 g.,4685.00,,2026-10-06,4685.00,7790580131760
Carrefour,550342,Bizcochuelo de naranja Emeth fortificado 450 g.,3079.00,,2026-10-06,3079.00,7791113004582
