super,codigo,producto,precio,oferta,fecha
DAR,0000000009072,ATUN DESMENUZADO EN ACEITE SION 170G.,1890.00,,2026-10-09
DAR,0000000028288,ATUN DESMENUZADO EN ACEITE BAHIA 170G,1950.00,,2026-10-09
DAR,0000000013246,SARDINAS GOMES DA COSTA EN ACEITE 125G,2590.00,,2026-10-09
DAR,0000000028287,ATUN LOMO BAHIA EN ACEITE 170G,3690.00,,2026-10-09
DAR,0000000034703,ATUN LOMO SWIFT ACEITE 170G,3690.00,si,2026-10-09
DAR,0000000034622,ACEITE EL CORTIJO GIRASOL 900CC,4080.00,,2026-10-09
DAR,0000000019343,ACEITE COM-PRO GIRASOL PET 900CC,4290.00,,2026-10-09
DAR,0000000000020,ACEITE FRITOLIM AEROSOL 120 G.,4390.00,,2026-10-09
DAR,0000000000414,ACEITE FRITOLIM MANTECA AEROSOL 120 G.,4390.00,,2026-10-09
DAR,0000000011506,ACEITE NATURA BOT.900C,4390.00,si,2026-10-09
DAR,0000000009043,ACEITE COCINERO PET 900C.,4490.00,,2026-10-09
DAR,0000000011486,ACEITE NATURA AEROSOL 120 G.,4490.00,,2026-10-09
DAR,0000000010785,ACEITE CAÑUELAS GIRASOL BOT.900C.,4690.00,,2026-10-09
DAR,0000000003335,ACEITE MAZOLA MAIZ PET 900C.,6019.00,,2026-10-09
DAR,0000000002604,ATUN EN ACEITE LA CAMPAGNOLA 170G,6590.00,,2026-10-09
DAR,0000000021031,ACEITE COPISI GIRASOL Y OLIVA 900C,6846.00,,2026-10-09
DAR,0000000019344,"ACEITE COM-PRO GIRASOL PET 1,5L",6990.00,,2026-10-09
DAR,0000000015725,"ACEITE COCINERO TRADIC. PET 1,5L.",7150.00,,2026-10-09
DAR,0000000019697,ACEITE COCINERO OLIVA PET 250C,7265.00,,2026-10-09
DAR,0000000011535,ACEITE CAÑUELAS GIRASOL BOT. 1.5 L.,7390.00,,2026-10-09
DAR,0000000000042,"ACEITE NATURA BOTELLA 1,5L.",7690.00,,2026-10-09
DAR,0000000002412,ACEITE PARA NIÑOS JOHNSON 100C,7988.30,,2026-10-09
DAR,0000000113819,ACEITE ARCOR MAIZ 890C,8080.00,,2026-10-09
DAR,0000000006811,ACEITE COCINERO OLIVA PET 500C,10990.00,,2026-10-09
DAR,0000000038167,ACEITE ZUELO OLIVA EXTRA VIRGEN ORIGINAL BOT 250CC,11240.00,,2026-10-09
DAR,0000000029540,ACEITE COCINERO OLIVA EXTRA VIRGEN INTENSO 500C,12390.00,,2026-10-09
DAR,0000000029541,ACEITE COCINERO OLIVA EXTRA VIRGEN SUAVE 500C,12390.00,,2026-10-09
DAR,0000000024377,ACEITE CAÑUELAS OLIVA EXTRA VIRGEN PET 500C,13890.00,,2026-10-09
DAR,0000000024378,ACEITE CAÑUELAS OLIVA EXTRA VIRGEN SUAVE PET 500C,13890.00,,2026-10-09
DAR,0000000024379,ACEITE CAÑUELAS OLIVA EXTRA VIRGEN INTENSO PET 500C,13890.00,,2026-10-09
DAR,0000000027686,ACEITE NATURA OLIVA SUAVE BI PET 500C.,14290.00,,2026-10-09
DAR,0000000000031,ACEITE NATURA BOTELLA 3L,14790.00,,2026-10-09
DAR,0000000018163,ACEITE COM-PRO GIRASOL PET 3L.,14890.00,,2026-10-09
DAR,0000000038168,ACEITE ZUELO OLIVA EXTRA VIRGEN ORIGINAL BOT. 500CC,16990.00,si,2026-10-09
DAR,0000000013583,ACEITE NUCETE OLIVA E.VIR.BOT.500C.,17690.00,,2026-10-09
DAR,0000000038324,ACEITE VIRIDIAN OLIVA EXTRA VIRGEN INTENSO 500CC,17690.00,,2026-10-09
DAR,0000000038329,ACEITE VIRIDIAN OLIVA EXTRA VIRGEN 500CC,17690.00,,2026-10-09
DAR,0000000034410,ACEITE CORTIJO OLIVA E.VIR.BOT. 500C,19800.00,,2026-10-09
DAR,0000000020329,ACEITE NATURA PET 5L.,23690.00,,2026-10-09
DAR,0000000018164,ACEITE COM-PRO GIRASOL PET 5L.,23990.00,,2026-10-09
DAR,0000000034204,ACEITE COCO GOD BLESS YOU VIRGEN 500ML,24800.00,,2026-10-09
DAR,0000000027469,ARROZ 53 LARGO FINO 0000 500G.,890.00,,2026-10-09
DAR,0000000027792,ARROZ TRIMACER LARGO FINO 00000 500G,990.00,,2026-10-09
DAR,0000000029731,ARROZ MOLINOS ALA LARGO FINO 500G.,1090.00,,2026-10-09
DAR,0000000022232,ALFAJOR CHOCOARROZ DULCE DE LECHE 22G,1178.00,,2026-10-09
DAR,0000000022240,ALFAJOR CHOCOARROZ DULC.LECHE BLANCO 22G,1178.00,,2026-10-09
DAR,0000000023117,ARROZ LUCCHETTI LARGO FINO 500G.,1190.00,,2026-10-09
DAR,0000000027089,BARRA ARROZ EGRAN CROCANTE TRADICIONAL 60G,1290.00,,2026-10-09
DAR,0000000027091,TORTA ARROZ EGRAN CROCANTE TRAD. 60G,1290.00,,2026-10-09
DAR,0000000027092,BARRA ARROZ EGRAN CROCANTE MANI/MIEL 60G,1290.00,,2026-10-09
DAR,0000000007227,ARROZ PELEADOR LARGO FINO 500G.,1304.66,,2026-10-09
DAR,0000000008816,CONDIMENTO P/ARROZ ALICANTE 25G.,1352.00,,2026-10-09
DAR,0000000007226,ARROZ PELEADOR LARGO FINO 1K.,1390.00,,2026-10-09
DAR,0000000028059,ARROZ TRIMACER DOBLE CAROLINA 500G.,1390.00,,2026-10-09
DAR,0000000027468,ARROZ 53 LARGO FINO 0000 1 K.,1490.00,,2026-10-09
DAR,0000000033518,ARROZ APOSTOLES LARGO FINO 00000 1K.,1490.00,,2026-10-09
DAR,0000000038160,TOSTADAS ARROZ MOLINOS ALA 100G,1490.00,,2026-10-09
DAR,0000000001861,ARROZ GALLO ORO BOLSA 500G.,1590.00,,2026-10-09
DAR,0000000029730,ARROZ MOLINOS ALA LARGO FINO 1K.,1590.00,,2026-10-09
DAR,0000000000191,ARROZ LUCCHETTI PARBOIL 500G.,1677.30,,2026-10-09
DAR,0000000111396,GALLETAS ARROZ DOS HNOS SLIM S/SAL 100G,1690.00,,2026-10-09
DAR,0000000111397,GALLETAS ARROZ DOS HNOS SLIM SALADAS 100G.,1690.00,,2026-10-09
DAR,0000000111398,GALLETAS ARROZ DOS HNOS SLIM DULCES 100G,1690.00,,2026-10-09
DAR,0000000029444,ARROZ MAXIMO LARGO FINO 1 KG.,1968.00,,2026-10-09
DAR,0000000027790,ARROZ TRIMACER LARGO FINO 00000 1K,1980.00,,2026-10-09
DAR,0000000032074,ARROZ TRIMACER INTEGRAL 1K,1980.00,,2026-10-09
DAR,0000000034114,TOST.ARROZ MOLINOS ALA CRACKERS 100G,1990.00,,2026-10-09
DAR,0000000033761,ARROZ MOLINOS ALA PARBOIL 1K.,2095.00,,2026-10-09
DAR,0000000003040,ARROZ MOCOVI DOBLE CAROLINA 500G,2119.11,,2026-10-09
DAR,0000000028468,ARITOS ARROZ DOS HERMANOS CREMA/CEBOLLA 80G,2259.33,,2026-10-09
DAR,0000000028466,PALITOS ARROZ DOS HERMANOS QUESO 80GR,2260.00,,2026-10-09
DAR,0000000028467,DISCOS ARROZ DOS HERMANOS JAMON SERRANO 80G,2260.00,,2026-10-09
DAR,0000000028888,TOSTADAS ARROZ MOLINOS ALA CLASICAS 150G,2290.00,,2026-10-09
DAR,0000000023116,ARROZ LUCCHETTI LARGO FINO 1K.,2390.00,,2026-10-09
DAR,0000000028889,TOSTADAS ARROZ MOLINOS ALA INTEGRALES 150G,2390.00,,2026-10-09
DAR,0000000028890,TOSTADAS ARROZ MOLINOS ALA INTEGRALES S/SAL 150G,2390.00,,2026-10-09
DAR,0000000023527,BIZCOCHOS GALLO ARROZ DULCE 100G,2400.00,,2026-10-09
DAR,0000000023528,BIZCOCHOS GALLO ARROZ SALADO 100G,2400.00,,2026-10-09
DAR,0000000024946,BIZCOCHOS GALLO ARROZ TORTA NEGRA 100G,2400.00,,2026-10-09
DAR,0000000022155,GALLETITAS ARROZ CERAL SIN SAL 100G,2412.00,,2026-10-09
DAR,0000000022156,GALLETITAS ARROZ CERAL DULCE 100G,2412.00,,2026-10-09
DAR,0000000022157,GALLETITAS ARROZ CERAL CON SAL 100G,2412.00,,2026-10-09
DAR,0000000028058,ARROZ TRIMACER DOBLE CAROLINA 1K,2490.00,,2026-10-09
DAR,0000000033385,TOSTADAS DE ARROZ PASEO CLASICAS 120G,2539.00,,2026-10-09
DAR,0000000020744,ARROZ LUCCHETTI PARBOIL 1K.,2565.00,,2026-10-09
DAR,0000000010213,ARROZ GALLO DOBLE CAROLINA BOLSA 500G.,2573.97,,2026-10-09
DAR,0000000028392,ARROZ GALLO MIX VEGETALES DP 240G,2590.00,,2026-10-09
DAR,0000000028393,ARROZ GALLO QUESO DP 240G,2590.00,,2026-10-09
DAR,0000000028394,ARROZ GALLO VERDEO DP 240G,2590.00,,2026-10-09
DAR,0000000032145,TOSTADAS DE ARROZ MOLINOS DEL BOSQUE CLASICAS 150G,2590.00,,2026-10-09
DAR,0000000032146,TOSTADAS DE ARROZ MOLINOS DEL BOSQUE S/SAL 150G,2590.00,,2026-10-09
DAR,0000000032757,TOSTADAS DE ARROZ MOLINOS DEL BOSQUE INTEGRALES 150G,2590.00,,2026-10-09
DAR,0000000032886,TOSTADAS ARROZ MOLINOS ALA VEGGIE 150G.,2690.00,,2026-10-09
DAR,0000000019696,ARROZ GALLO ORO BOLSA 1K.,2850.00,si,2026-10-09
DAR,0000000029733,ARROZ MOLINOS ALA CARNAROLI EST. 500G,2920.00,,2026-10-09
DAR,0000000029734,ARROZ MOLINOS ALA YAMANI EST 500G.,2920.00,,2026-10-09
DAR,0000000003039,ARROZ MOCOVI DOBLE CAROLINA 1K,2990.00,,2026-10-09
DAR,0000000002435,ARROZ GALLO INTEGRAL ESTUCHE 1K.,3492.00,,2026-10-09
DAR,0000000017846,TOSTADAS CEREALITAS ARROZ 160G,3590.00,,2026-10-09
DAR,0000000000093,ARROZ GALLO ORO ESTUCHE 1K,3690.00,,2026-10-09
DAR,0000000028395,ARROZ GALLO RISOTTO 4 QUESOS ESTUCHE .240G,3790.00,,2026-10-09
DAR,0000000028396,ARROZ GALLO RISOTTO PRIMAVERA ESTUCHE 240G,3790.00,,2026-10-09
DAR,0000000028397,ARROZ GALLO RISOTTO ESPAÑOLA ESTUCHE 240G,3790.00,,2026-10-09
DAR,0000000028398,ARROZ GALLO RISOTTO CHAMPIGNON ESTUCHE 240G,3790.00,,2026-10-09
DAR,0000000034570,ARROZ KNORR RISOTTO CALABAZA EST 200G,3860.00,,2026-10-09
DAR,0000000034571,ARROZ KNORR RISOTTO HONGO EST 200G,3860.00,,2026-10-09
DAR,0000000034572,ARROZ KNORR RISOTTO 4 QUESOS 200G,3860.00,,2026-10-09
DAR,0000000032896,OBLEA ARROZ GALLO BAÑO CHOCOLATE 6U 20G,6401.00,,2026-10-09
DAR,0000000029861,ALFAJOR CHOCOARROZ DULCE DE LECHE 6X22G,6414.00,,2026-10-09
DAR,0000000028152,FIDEOS DON BERNABEU SPAGHETTI 500G,840.00,,2026-10-09
DAR,0000000023652,FIDEOS SAN AGUSTIN SPAGHETTI 500G.*,890.00,si,2026-10-09
DAR,0000000023654,FIDEOS SAN AGUSTIN MOSTACHOLE 500G.,890.00,si,2026-10-09
DAR,0000000023655,FIDEOS SAN AGUSTIN CELENTANO 500G.*,890.00,si,2026-10-09
DAR,0000000023656,FIDEOS SAN AGUSTIN TIRABUZON 500G.*,890.00,si,2026-10-09
DAR,0000000023657,FIDEOS SAN AGUSTIN CODOS MED.500G.*,890.00,si,2026-10-09
DAR,0000000024896,FIDEOS SAN AGUSTIN DEDALITOS.500G.*,890.00,si,2026-10-09
DAR,0000000024897,FIDEOS SAN AGUSTIN TALLARIN 500G*,890.00,si,2026-10-09
DAR,0000000024898,FIDEOS SAN AGUSTIN ÑOQUIS.500G.*,890.00,si,2026-10-09
DAR,0000000034674,FIDEOS SAN AGUSTIN MUNICIONES 500G,890.00,si,2026-10-09
DAR,0000000032762,FIDEOS SANTA ISABEL CODOS 500G.,930.00,,2026-10-09
DAR,0000000032763,FIDEOS SANTA ISABEL MOSTACHOL RAY. 500G.,930.00,,2026-10-09
DAR,0000000032764,FIDEOS SANTA ISABEL SPAGHETTI 500G.,930.00,,2026-10-09
DAR,0000000032765,FIDEOS SANTA ISABEL TALLARIN 500G.,930.00,,2026-10-09
DAR,0000000032766,FIDEOS SANTA ISABEL TIRABUZON 500G.,930.00,,2026-10-09
DAR,0000000032944,FIDEOS SANTA ISABEL CELENTANO 500G.,930.00,,2026-10-09
DAR,0000000034673,FIDEOS SANTA ISABEL DEDALITO 500G.,930.00,,2026-10-09
DAR,0000000014684,FIDEOS FAVORITA SPAGHETTI 500G,1180.00,,2026-10-09
DAR,0000000014685,FIDEOS FAVORITA TALLARIN 500G,1180.00,,2026-10-09
DAR,0000000014691,FIDEOS FAVORITA MOSTACHOL 500G,1180.00,,2026-10-09
DAR,0000000014692,FIDEOS FAVORITA CODITO 500G,1180.00,,2026-10-09
DAR,0000000014693,FIDEOS FAVORITA TIRABUZON. 500G,1180.00,,2026-10-09
DAR,0000000027420,FIDEOS FAVORITA DEDALITOS 500G,1180.00,,2026-10-09
DAR,0000000022180,FIDEOS TERRABUSI DEDALITOS 500G,1290.00,,2026-10-09
DAR,0000000038314,FIDEOS TERRABUSI CODITO 500G,1290.00,,2026-10-09
DAR,0000000038316,FIDEOS TERRABUSI MOSTACHOL RAYADO 500G,1290.00,,2026-10-09
DAR,0000000038317,FIDEOS TERRABUSI TIRABUZON 500G,1290.00,,2026-10-09
DAR,0000000038318,FIDEOS TERRABUSI SPAGHETTI N 3 500G,1290.00,,2026-10-09
DAR,0000000038319,FIDEOS TERRABUSI TALLARIN N 7 500G,1290.00,,2026-10-09
DAR,0000000002830,FIDEOS LUCCHETTI CODITOS 500G,1590.00,,2026-10-09
DAR,0000000022014,FIDEOS LUCCHETTI DEDALITOS 500G,1590.00,,2026-10-09
DAR,0000000038309,FIDEOS LUCCHETTI MOSTACHOL N 51 500G,1590.00,,2026-10-09
DAR,0000000038310,FIDEOS LUCCHETTI TIRABUZON N 28 500G,1590.00,,2026-10-09
DAR,0000000038311,FIDEOS LUCCHETTI TALLARIN N 5 500G,1590.00,,2026-10-09
DAR,0000000038312,FIDEOS LUCCHETTI PENNE RIGATE N 45 500G,1590.00,,2026-10-09
DAR,0000000038313,FIDEOS LUCCHETTI SPAGHETTI N 7 500G,1590.00,,2026-10-09
DAR,0000000038320,FIDEOS TERRABUSI 3VEGETALES MOSTA R 500G,1625.00,,2026-10-09
DAR,0000000032996,FIDEOS LA PROVIDENCIA NIDO TAGLIATE.500G,1790.00,,2026-10-09
DAR,0000000032997,FIDEOS LA PROVIDENCIA NIDO CAB.ANGE 500G,1790.00,,2026-10-09
DAR,0000000034600,FIDEOS LA PROVIDENCIA MOÑOS 500G,1790.00,,2026-10-09
DAR,0000000034601,FIDEOS LA PROVIDENCIA PAMPERO 500G,1790.00,,2026-10-09
DAR,0000000021203,FIDEOS MATARAZZO DEDALITO 500G. R-32002*,1890.00,si,2026-10-09
DAR,0000000032900,FIDEOS MATARAZZO AVE MARÍA 500G,1890.00,si,2026-10-09
DAR,0000000032901,FIDEOS MATARAZZO TALLARÍN N5 500G,1890.00,si,2026-10-09
DAR,0000000038305,FIDEOS MATARAZZO PENNE RIGATE N48 500GR,1890.00,si,2026-10-09
DAR,0000000038306,FIDEOS MATARAZZO MOSTACHOL N 52 500GR,1890.00,si,2026-10-09
DAR,0000000038307,FIDEOS MATARAZZO TIRABUZON N 28 500GR,1890.00,si,2026-10-09
DAR,0000000038308,FIDEOS MATARAZZO SPAGHETTI 500GR,1890.00,si,2026-10-09
DAR,0000000026538,FIDEOS MATARAZZO INTEGRAL SPAGHETTI 500G,2090.00,,2026-10-09
DAR,0000000032861,FIDEOS LUCCHETTI 3 VEG TIRABU 500G,2107.00,,2026-10-09
DAR,0000000032865,FIDEOS MATARAZZO INTEGRAL TIRABUZON 500G,2190.00,,2026-10-09
DAR,0000000038218,FIDEOS MATARAZZO 3VEG.TIRABUZON 500GR,2190.00,,2026-10-09
DAR,0000000038219,FIDEOS MATARAZZO 3VEG.PENNE RI N45 500GR,2190.00,,2026-10-09
DAR,0000000029322,FIDEOS DON FELIPE TALLARIN 500G,2690.00,,2026-10-09
DAR,0000000032898,FIDEOS DON FELIPE TIRABUZON 500G,2690.00,,2026-10-09
DAR,0000000034670,FIDEOS DON FELIPE SPAGHETTI 500G+50G GRA,2790.00,,2026-10-09
DAR,0000000034671,FIDEOS DON FELIPE TALLARIN 500G+50G GRAT,2790.00,,2026-10-09
DAR,0000000034206,FIDEOS CHANUVI AL HUEVO 500G,2882.00,,2026-10-09
DAR,0000000034207,FIDEOS CHANUVI ESPINACA 500G,2882.00,,2026-10-09
DAR,0000000112344,FIDEOS LA NOVA PASTA AL HUEVO 400G,3190.00,,2026-10-09
DAR,0000000001137,FIDEOS MATARAZZO MOÑO MEDIANO 500G,3290.00,,2026-10-09
DAR,0000000001138,FIDEOS MATARAZZO CABELLO DE ANGEL 500G,3290.00,,2026-10-09
DAR,0000000001139,FIDEOS MATARAZZO FETUCCHINI ANCHO 500G,3290.00,,2026-10-09
DAR,0000000034605,FIDEOS MATARAZZO RINA SPAGHETTI 500G,3466.00,,2026-10-09
DAR,0000000106070,FIDEOS DON YEYO A/H FINO 500G,3876.00,,2026-10-09
DAR,0000000106071,FIDEOS DON YEYO A/H ANCHO 500G,3876.00,,2026-10-09
DAR,0000000014800,FIDEOS DON VICENTE TALLARIN 500G,3950.00,,2026-10-09
DAR,0000000022012,FIDEOS DON VICENTE FETTUCCINI 500G,3950.00,,2026-10-09
DAR,0000000034607,FIDEOS MATARAZZO PROTEINA MOSTACHOL 400G,4127.00,,2026-10-09
DAR,0000000034608,FIDEOS MATARAZZO PROTEINA TIRABUZÓN 400G,4127.00,,2026-10-09
DAR,0000000038304,FIDEOS MATARAZZO PENNE.R L/GLUTEN 500G,4215.13,,2026-10-09
DAR,0000000014801,FIDEOS DON VICENTE MOÑOS 500G,5079.00,,2026-10-09
DAR,0000000033607,FIDEOS BARILLA SPAGHETTI 500G,7490.00,,2026-10-09
DAR,0000000033669,FIDEOS BARILLA TORTIGLIONI RIGATI 500G,7490.00,,2026-10-09
DAR,0000000008593,HARINA REINHARINA 000 1K.,1080.00,,2026-10-09
DAR,0000000028858,HARINA FLORENCIA 000 1K.,1080.00,,2026-10-09
DAR,0000000010733,HARINA CAÑUELAS TRIGO 000 1 K.,1190.00,,2026-10-09
DAR,0000000028447,HARINA FAVORITA 000 1K.,1230.00,,2026-10-09
DAR,0000000008594,HARINA REINHARINA 0000 1K,1390.00,,2026-10-09
DAR,0000000025194,HARINA DE MAIZ COM-PRO 1K.,1390.00,,2026-10-09
DAR,0000000022952,HARINA PUREZA 000 ULTRAREFINADA 1K.,1498.00,,2026-10-09
DAR,0000000029484,HARINA BARBARA INTEGRAL 1K,1574.00,,2026-10-09
DAR,0000000023031,HARINA PUREZA 0000 ULTRAREFINADA 1K.,1590.00,,2026-10-09
DAR,0000000028856,HARINA FLORENCIA LEUDANTE 1K.,1650.00,,2026-10-09
DAR,0000000003345,HARINA REINHARINA LEUDANTE 1K.,1740.00,,2026-10-09
DAR,0000000003183,HARINA FAVORITA 0000 1K.,1815.00,,2026-10-09
DAR,0000000023032,HARINA PUREZA LEUDANTE ULTRAREFINADA 1K.,1950.00,,2026-10-09
DAR,0000000025132,HARINA PUREZA C/LEVADURA PAN CASERO 1K,2250.00,,2026-10-09
DAR,0000000022893,HARINA C/LEVADURA PUREZA PARA PIZZAS 1K.,2270.00,si,2026-10-09
DAR,0000000012484,HARINA PUREZA INTEGRAL 1 K.,2311.00,,2026-10-09
DAR,0000000038153,HARINA BLANCAFLOR INTEGRAL 1 K.,2361.00,,2026-10-09
DAR,0000000000351,HARINA BLANCAFLOR LEUDANTE 1K.,2390.00,,2026-10-09
DAR,0000000024492,HARINA PREMEZCLA PUREZA PIZZA 550G,2564.13,,2026-10-09
DAR,0000000029577,HARINA PUREZA INTEGRAL LEUDANTE 1 K.,2768.00,,2026-10-09
DAR,0000000029578,HARINA PUREZA INTEGRAL C/LEVADURA 1 K.,2768.00,,2026-10-09
DAR,0000000032527,HARINA PUREZA PIZZA CASERO MASA MADRE 1K,2790.00,,2026-10-09
DAR,0000000002420,AZUCAR IMPALPABLE COM-PRO 250G,990.00,,2026-10-09
DAR,0000000022030,MAIZ INFLADO AZUCARADO ECOSAN 100G.,1193.00,,2026-10-09
DAR,0000000110566,GAS.SEVEN UP S/AZUCAR LA.354C,1390.00,,2026-10-09
DAR,0000000001497,AZUCAR COM-PRO 1K.,1480.00,,2026-10-09
DAR,0000000004373,BIZCOCHOS 9 DE ORO AZUCARADOS 210G,1490.00,,2026-10-09
DAR,0000000018185,AZUCAR LIGHT HILERET 250G.,1590.00,,2026-10-09
DAR,0000000008600,AZUCAR LEDESMA TIPO A 1K.,1670.00,,2026-10-09
DAR,0000000010559,AZUCAR CHANGO 1K.,1760.00,,2026-10-09
DAR,0000000028385,AZUCAR LIGHT LEDESMA 500G,1890.00,,2026-10-09
DAR,0000000107328,GAS COCA COLA S/AZUCAR 500CC,2205.00,,2026-10-09
DAR,0000000028382,AZUCAR LEDESMA RUBIA MASCABO 800G,2390.00,,2026-10-09
DAR,0000000018184,AZUCAR LIGHT HILERET 500G,2790.00,,2026-10-09
DAR,0000000028754,AZUCAR CHANGO BAJAS CALORIAS STEVIA 500G,3483.00,,2026-10-09
DAR,0000000107329,"GAS COCA COLA S/AZUCAR 1,5L",5088.00,,2026-10-09
DAR,0000000111483,"GAS COCA COLA S/AZUCAR 2,5L",5890.00,,2026-10-09
DAR,0000000113820,MERMELADA ARCOR S/AZUCAR DURAZNO 390 G,6284.00,,2026-10-09
DAR,0000000029564,MERMELADA LAS BRISAS FRUTOS ROJOS S/AZUCAR 240G,6590.00,,2026-10-09
DAR,0000000100600,BIZCOCHOS DE HOJALDRE AZUCARADOS K,10890.00,,2026-10-09
DAR,0000000033549,ESPONJA SED METAL SALVAUÑAS C/FIBRA ADH.,990.00,,2026-10-09
DAR,0000000009271,FIBRA ESP.YET CUAD.Y SALVAUÑAS,1004.00,,2026-10-09
DAR,0000000014480,FIBRA ESPONJA EXTRA FUERTE SALVAUÑAS DEA,1085.00,,2026-10-09
DAR,0000000020064,SALSA KNORR PIZZA D-P 200G.,1130.00,,2026-10-09
DAR,0000000000709,SALSA CICA PIZZA 340G.,1190.00,,2026-10-09
DAR,0000000012488,SALSA CICA POMAROLA D-P 340G,1190.00,,2026-10-09
DAR,0000000012490,SALSA CICA FILETO D-P 340G.,1190.00,,2026-10-09
DAR,0000000028111,SAL CELUSAL GRUESA PAQUETE 500G,1295.00,,2026-10-09
DAR,0000000020731,VINAGRE CASALTA ALCOHOL 500C,1307.00,,2026-10-09
DAR,0000000025053,GALLETITAS GRANIX SIN SAL 140G,1384.00,,2026-10-09
DAR,0000000023816,TOSTADAS MANIERI SALVADO 200G,1390.00,,2026-10-09
DAR,0000000023817,TOSTADAS MANIERI DIETETICAS SIN SAL 200G,1390.00,,2026-10-09
DAR,0000000032771,MANI SALADO FRITO C/PIEL KING 100G,1390.00,,2026-10-09
DAR,0000000038171,MANI SALADO FRITO S/PIEL KING 100G,1390.00,,2026-10-09
DAR,0000000038238,MANI TOSTADO S/PIEL KING S/SAL 100G,1390.00,,2026-10-09
DAR,0000000007231,BIZCOCHOS 9 DE ORO SALVADO 200G,1490.00,,2026-10-09
DAR,0000000011007,SAL 2 ANCLAS GRUESA 500 G.,1553.06,,2026-10-09
DAR,0000000021863,SAL 2 ANCLAS FINA 500G.,1553.06,,2026-10-09
DAR,0000000011008,SAL 2 ANCLAS PARRILLERA 500G.,1554.00,,2026-10-09
DAR,0000000033986,SAL 2 ANCLAS PARRILLERA PAQ. 500G,1554.00,,2026-10-09
DAR,0000000018089,SALSA KNORR POMAROLA BALANCE D-P 340G.,1560.00,,2026-10-09
DAR,0000000020066,SALSA KNORR POMAROLA TRAD.340G,1560.00,,2026-10-09
DAR,0000000020067,SALSA KNORR PIZZA D-P 340G,1560.00,,2026-10-09
DAR,0000000020068,SALSA KNORR FILETO 340G.,1560.00,,2026-10-09
DAR,0000000000554,SAL CELUSAL FINA PAQUETE 500G,1580.00,,2026-10-09
DAR,0000000020708,PATE DE FOIE SWIFT SALMÓN 85G,1616.00,,2026-10-09
DAR,0000000013345,BIZCOCHOS DON SATUR SALADO 200G,1650.00,,2026-10-09
DAR,0000000028110,SAL CELUSAL PARRILLA PAQ. 500G.,1662.43,,2026-10-09
DAR,0000000025430,GALLETITAS PASEO CRACKER SIN SAL 300G,1690.00,,2026-10-09
DAR,0000000033648,ALIM.PERRO AD PEDIGREE CARNE/SALSA 100G,1690.00,,2026-10-09
DAR,0000000033649,ALIM.PERRO RP PEDIGREE POLLO/SALSA 100G,1690.00,,2026-10-09
DAR,0000000033650,ALIM. GATOS WHISKAS CARNE/SALSA 85G,1690.00,,2026-10-09
DAR,0000000033651,ALIM. GATOS WHISKAS AD SARDINA/SALSA 85G,1690.00,,2026-10-09
DAR,0000000010097,SALSA ARCOR PIZZA 340G,1712.00,,2026-10-09
DAR,0000000010098,SALSA ARCOR POMAROLA 340G,1712.00,,2026-10-09
DAR,0000000010099,SALSA ARCOR PORTUGUESA 340G,1712.00,,2026-10-09
DAR,0000000013358,TOSTADAS RIERA SIN SAL 200G.,1739.00,,2026-10-09
DAR,0000000110094,PALITOS SALADOS JULICROC 150G,1745.00,,2026-10-09
DAR,0000000000188,SALSA BLANCA ALICANTE 40G,1748.00,,2026-10-09
DAR,0000000020733,VINAGRE CASALTA ALCOHOL 1L,1790.00,,2026-10-09
DAR,0000000000544,SAL 2 ANCLAS FINA 500G,1807.66,,2026-10-09
DAR,0000000005418,SAL CELUSAL FINA 500G,1808.00,,2026-10-09
DAR,0000000110705,SALCHICHAS LA BLANCA 6U. 190G.,1855.00,,2026-10-09
DAR,0000000021333,ALIM.PERRO PEDIGREE RP CARNE/SALSA 100G,1875.00,,2026-10-09
DAR,0000000021335,ALIM. GATO WHISKAS ADU.POUCH SALM 85G,1875.00,,2026-10-09
DAR,0000000015731,"SODA SALDAN BOT 1,5L",1920.00,,2026-10-09
DAR,0000000033782,GALLETITAS GRANIX SIN SAL 200G,1942.00,,2026-10-09
DAR,0000000000508,PALITOS SALADOS PEDRIN 180G,1951.00,,2026-10-09
DAR,0000000028861,SALSA LA CAMPAGNOLA PIZZA 340G,1990.00,,2026-10-09
DAR,0000000028864,SALSA LA CAMPAGNOLA ITALIANA 340G,1990.00,,2026-10-09
DAR,0000000111509,GRISINES TRISALVADO CORMILLOT 180G,1990.00,,2026-10-09
DAR,0000000002443,GALLETITAS BAGLEY SALVADO FAMILIAR 169G,1999.00,,2026-10-09
DAR,0000000017598,GALLETITAS ARCOR HOGAREÑAS SALVADO 185G,1999.00,,2026-10-09
DAR,0000000029425,MANI SALADO PEDRIN PELADO 150G.,2007.00,,2026-10-09
DAR,0000000025108,GALLETITAS GRANIX SALVADO SIN SAL 230G,2069.00,,2026-10-09
DAR,0000000024873,GALLETITAS PASEO CON SALVADO 300G,2080.00,,2026-10-09
DAR,0000000110465,SODA SALDAN SIFON 2L,2090.00,,2026-10-09
DAR,0000000050410,SALCHICHAS VIENA FELA X 6 U.,2097.00,,2026-10-09
DAR,0000000012137,GALLETITAS SALADIX JAMON 100G,2110.00,,2026-10-09
DAR,0000000012138,GALLETITAS SALADIX CALABRESA 100G,2110.00,,2026-10-09
DAR,0000000012140,GALLETITAS SALADIX PIZZA 100G,2110.00,,2026-10-09
DAR,0000000022075,GALLETITAS SALADIX DUO 80G,2110.00,,2026-10-09
DAR,0000000033719,NACHOS KETSAL ORIGINAL 90G,2158.00,,2026-10-09
DAR,0000000022558,SALSA GOLF NATURA D-P 250C.,2209.00,,2026-10-09
DAR,0000000110037,SALSA ALICANTE 4 QUESOS 37G,2257.00,,2026-10-09
DAR,0000000113853,SALSA BARBACOA LA CAMPAGNOLA 250G,2259.00,,2026-10-09
DAR,0000000027574,MIX SEMILLAS GENSER ENSALADAS Y SOPAS 150G,2290.00,,2026-10-09
DAR,0000000022181,GALLETITAS GRANIX SALVADO 240G,2311.00,,2026-10-09
DAR,0000000020734,VINAGRE CASALTA VINO 500C,2349.00,,2026-10-09
DAR,0000000109665,SALCHICHAS PATYVIENA CLAS.6U,2390.00,si,2026-10-09
DAR,0000000003253,SAL CELUSAL FINA SALERO 100G,2397.26,,2026-10-09
DAR,0000000002637,TOMATE SALSATI LA CAMPAGNOLA LATA 400G,2458.00,,2026-10-09
DAR,0000000004407,SAL CELUSAL GRUESA PAQUETE 1K,2492.00,,2026-10-09
DAR,0000000032992,GALLETITAS LA PROVIDENCIA SALVADO 360G,2538.73,,2026-10-09
DAR,0000000005761,GRISINES SIN SAL BRUSSA 360G,2539.00,,2026-10-09
DAR,0000000014412,SALSA CHIMICHURRI TAHITI 270 G.,2539.00,,2026-10-09
DAR,0000000014413,SALSA CHIMICHURRI.T/CASERO.TAHITI 275G,2539.00,,2026-10-09
DAR,0000000004404,SAL CELUSAL PARRILLA PAQ. 1K,2545.00,,2026-10-09
DAR,0000000115801,PAN SALVADO CHICO FACILITAS 360G,2566.00,,2026-10-09
DAR,0000000029803,SEMILLAS GIRASOL PIPAS PELADAS SALADAS 180G,2590.00,,2026-10-09
DAR,0000000056010,MIL.SOJA SOJA LATINA PROVENZAL S/SAL 4U.,2590.00,,2026-10-09
DAR,0000000116637,SALCHICHAS SWIFT SIN TACC 6U,2595.00,,2026-10-09
DAR,0000000020736,VINAGRE CASALTA MANZANA 500C,2602.23,,2026-10-09
DAR,0000000026071,SAL 8 EN 1 LIBERATO ENTREFINA C/ESPECIAS 250G,2679.00,,2026-10-09
DAR,0000000110960,GALLETAS MARINERAS CROCANTES MAJO S/SAL 250G,2690.00,,2026-10-09
DAR,0000000110961,GALLETAS MARINERAS CROCANTES MAJO SALVADO 250G,2690.00,,2026-10-09
DAR,0000000116770,PAPAS FRITAS SALADIX CREMA/CEBOLLA 72G,2722.00,,2026-10-09
DAR,0000000116771,PAPAS FRITAS SALADIX CHEDDAR 72G,2722.00,,2026-10-09
DAR,0000000112406,DISCOS EMP.LA SALTEÑA HORNO 12U,2751.00,,2026-10-09
DAR,0000000010543,SAL 2 ANCLAS GRUESA 1K.,2812.66,,2026-10-09
DAR,0000000003623,"JUGO SALDAN NARANJA BOT 1,5L",2827.00,,2026-10-09
DAR,0000000003624,"JUGO SALDAN POMELO AMARILLO BOT 1,5L",2827.00,,2026-10-09
DAR,0000000050646,QUESO UNT.LA PAULINA PORT SALUT LIG.190,2828.00,,2026-10-09
DAR,0000000050647,QUESO UNT.LA PAULINA P.SALUT 190G,2828.00,,2026-10-09
DAR,0000000106934,QUESO UNT.LA PAULINA SALAME 190G,2828.00,,2026-10-09
DAR,0000000010991,GALLETITAS FRUTIGRAN SALVADO DULCE 250G,2869.00,,2026-10-09
DAR,0000000026797,CABO BIJOU METALICO CON ROSCA UNIVERSAL,2947.00,,2026-10-09
DAR,0000000004405,SAL CELUSAL PARRILLA CAJA 1K,3014.00,,2026-10-09
DAR,0000000007195,SALSA GOLF HELLMANN S D-P 250G,3035.00,,2026-10-09
DAR,0000000110163,TAPAS PASC.LA SALTEÑA CR.C/VIT.B,3135.00,,2026-10-09
DAR,0000000020735,VINAGRE CASALTA VINO 1L,3238.00,,2026-10-09
DAR,0000000014417,SALSA AJI TAHITI PICANTE 285 G.,3301.00,,2026-10-09
DAR,0000000019852,SALSA BARBACOA TAHITI 270 G.,3301.00,,2026-10-09
DAR,0000000115803,PAN SALVADO GRANDE FACILITAS 540G,3319.00,,2026-10-09
DAR,0000000113708,CERVEZA SALTA CAUTIVA RUBIA LATA 473C,3376.00,,2026-10-09
DAR,0000000116255,CERVEZA SALTA CAUTIVA IPA LATA 473C,3376.00,,2026-10-09
DAR,0000000115559,PAN SALVADO LACTAL 330G,3391.00,,2026-10-09
DAR,0000000050330,SALCHICHAS VIENISSIMA 6U.,3490.00,,2026-10-09
DAR,0000000110232,QUESO UNT. ILOLAY PORT SALUT LIGHT 190G,3521.00,,2026-10-09
DAR,0000000050232,SALCHICHAS PALADINI 6U.,3534.00,,2026-10-09
DAR,0000000008144,ALIMENTO GATO GATI SALMON Y PESCADO 500G,3616.66,,2026-10-09
DAR,0000000113554,DISCOS EMP LA SALTEÑA SIN TACC 330G,3790.00,,2026-10-09
DAR,0000000115866,PALITOS SALADOS PEHUAMAR 165G,3910.00,,2026-10-09
DAR,0000000116772,PAPAS FRITAS SALADIX ORIGINAL 130G,4083.00,,2026-10-09
DAR,0000000000408,LUPINOS EN SALMUERA MARVAVIC 200G,4085.00,,2026-10-09
DAR,0000000117012,PAN SALVADO DON YEYO DOBLE 400G,4093.00,,2026-10-09
DAR,0000000020737,VINAGRE CASALTA MANZANA 1L,4189.73,,2026-10-09
DAR,0000000033718,NACHOS KETSAL ORIGINAL 250G,4190.00,,2026-10-09
DAR,0000000001370,SAL 2 ANCLAS FINA MESA SALERO 500G.,4221.00,,2026-10-09
DAR,0000000110096,PALITOS SALADOS JULICROC 450G,4383.00,,2026-10-09
DAR,0000000116322,ENSALADAS COMBINADA UNID.,4390.00,,2026-10-09
DAR,0000000109666,SALCHICHAS PATYVIENA CLAS.12U.,4570.00,si,2026-10-09
DAR,0000000033783,GALLETITAS GRANIX SIN SAL 600G,4590.00,,2026-10-09
DAR,0000000100653,PAN SALVADO K,4590.00,,2026-10-09
DAR,0000000116155,PAN RUSTICO MYLEN SALVADO Y AVENA 550G,4590.00,,2026-10-09
DAR,0000000115758,RAVIOLES LA SALTEÑA POLLO/VERDURA 450G,4678.00,,2026-10-09
DAR,0000000115759,RAVIOLES LA SALTEÑA 4 QUESOS 450G,4678.00,,2026-10-09
DAR,0000000115764,RAVIOLES LA SALTEÑA RICOTTA 450G,4678.00,,2026-10-09
DAR,0000000021781,SALSA CHIMICHURRI 2 ANCLAS 375G.,4761.23,,2026-10-09
DAR,0000000115561,PAN SALVADO LACTAL 560G,4792.00,,2026-10-09
DAR,0000000003254,SAL CELUSAL FINA SALERO 500G,4809.26,,2026-10-09
DAR,0000000111435,ENSALADA PRIMAVERA GREEN LIFE 300G,4867.00,,2026-10-09
DAR,0000000033000,SALSA SOJA COCINERO RED. SOD 500CC,4977.13,,2026-10-09
DAR,0000000113846,SALAME MIL.PALADINI FET.FINAS 120G,5218.00,,2026-10-09
DAR,0000000006763,GALLETITAS BAGLEY FAMILIAR SALVADO 507G,5330.00,,2026-10-09
DAR,0000000020330,GALLETITAS ARCOR HOGAREÑAS SALVADO 600G.,5330.00,,2026-10-09
DAR,0000000029755,ACETO BALSAMICO CASALTA REDUCCION 250C,5576.00,,2026-10-09
DAR,0000000032357,SALSA CHEDDAR 2 ANCLAS 350G,5612.13,,2026-10-09
DAR,0000000022182,GALLETITAS GRANIX SALVADO 720G,5690.00,,2026-10-09
DAR,0000000109916,PAN SALVADO DON YEYO 600G,5869.00,,2026-10-09
DAR,0000000005590,SAL 2 ANCLAS FINA LIGHT 500G,6055.46,,2026-10-09
DAR,0000000109669,SALCHICHAS PATYVIENA ALEMANA 4U.R-219437,6170.00,,2026-10-09
DAR,0000000032649,ALIMENTO GATO GATI ADUL PESC. Y SALM. 1K,6190.00,,2026-10-09
DAR,0000000050322,SALCHICHAS PALADINI 12U.,6225.00,,2026-10-09
DAR,0000000050331,SALCHICHAS VIENISSIMA 12 U.,6731.00,,2026-10-09
DAR,0000000014424,SAL CELUSAL FINA LIGHT 500G,6790.00,,2026-10-09
DAR,0000000025256,VINO KILLKA SALENTEIN MALBEC 750C*,6990.00,,2026-10-09
DAR,0000000025257,VINO KILLKA SALENTEIN CABERNET 750C*,6990.00,,2026-10-09
DAR,0000000032782,VINO KILLKA SALENTEIN SAUV BLANC 750C*,6990.00,,2026-10-09
DAR,0000000013322,SAL GENSER 66/33 SALERO 300G,7067.68,,2026-10-09
DAR,0000000000749,VINO MARSALA EL ABUELO 750CC,7532.00,,2026-10-09
DAR,0000000033713,VINO SALENTEIN BARREL MALBEC PETIT.750CC,7650.00,si,2026-10-09
DAR,0000000033714,VINO SALENTEIN BARREL MALBEC CABER.750CC,7650.00,si,2026-10-09
DAR,0000000110284,SALAME L ABRATTO FUET 150G,8590.00,,2026-10-09
DAR,0000000008282,LAVAVAJILLAS SUN SAL REGENERADORA 1 KG,9056.00,,2026-10-09
DAR,0000000027046,ACETO BALSAMICO CASALTA REDUCCION 400C,9259.00,,2026-10-09
DAR,0000000103705,LUPINOS SALMUERA MARVAVIC K,11765.00,,2026-10-09
DAR,0000000015753,VINO SALENTEIN RESERVE MALBEC 750CC,11890.00,,2026-10-09
DAR,0000000050901,SALCHICHAS PALADINI FRANKF.BIG 12U,12570.00,,2026-10-09
DAR,0000000025381,CHAMP.SALENTEIN EXTRA BRUT 750C.,13990.00,,2026-10-09
DAR,0000000025382,CHAMP.SALENTEIN BRUT NATURE 750C.,13990.00,,2026-10-09
DAR,0000000052050,QUESO PORT SALUT SIN SAL BARRAZA,14304.00,,2026-10-09
DAR,0000000055072,SALCHICHON PALADINI TRIPLE K,15169.00,,2026-10-09
DAR,0000000051308,QUESO PORT SALUT ARROYO CABRRAL K,15290.00,si,2026-10-09
DAR,0000000050025,QUESO PORT SALUT LA PAULINA K,15990.00,,2026-10-09
DAR,0000000033929,PANCAKE GRANGER PROTEICO SAL/QUESO 300G,16490.00,,2026-10-09
DAR,0000000050472,QUESO PORT SALUT ILOLAY K,16990.00,,2026-10-09
DAR,0000000050375,QUESO PORT SALUT LA PAULINA DIET K,19303.00,,2026-10-09
DAR,0000000103773,SALCHICHA PALADINI FRESCA FINA K,19445.00,,2026-10-09
DAR,0000000116582,MIX CERVECERO SALADO ENV K.,21900.00,,2026-10-09
DAR,0000000107581,SALAME MILAN FELA K,24953.00,,2026-10-09
DAR,0000000116349,QUESO PORT SALUT LA SERENISIMA S/S TRZ.K,27428.00,,2026-10-09
DAR,0000000115564,SALAMIN SAN ROMAN SELECTO K,28590.00,,2026-10-09
DAR,0000000050115,SALAMIN PALADINI P/FINO,37358.00,,2026-10-09
DAR,0000000050066,SALAME DE MILAN PALADINI,37904.00,,2026-10-09
DAR,0000000113363,SALAME PALADINI BASTON PICADO GRUESO K,39769.00,,2026-10-09
DAR,0000000050087,PANCETA SALADA PALADINI,39790.00,,2026-10-09
DAR,0000000113453,SALAME CANTIMPALO ESPUÑA K,41280.00,,2026-10-09
DAR,0000000020964,YERBA MATE COM-PRO 25 SAQUITOS,1090.00,,2026-10-09
DAR,0000000029436,YERBA MATE NOBLEZA GAUCHA 25 SAQ.,1227.00,,2026-10-09
DAR,0000000020933,YERBA YO LA VI 500G,1290.00,si,2026-10-09
DAR,0000000032942,YERBA MATE ROSAMONTE 25 SAQ.,1295.00,,2026-10-09
DAR,0000000008488,YERBA MATE LITORAL S/SOB. 25 SAQ.,1438.00,,2026-10-09
DAR,0000000012367,YERBA MATE TARAGUI 25 SAQ. S/E FILT.DIAM,1490.00,,2026-10-09
DAR,0000000032440,YERBA LA TRANQUERA LIVIANA 500GR,1790.00,,2026-10-09
DAR,0000000032578,YERBA DON BASILIO 500G,1790.00,,2026-10-09
DAR,0000000002009,YERBA CACHAMATE ANTIAC.500G AMAR.,1890.00,,2026-10-09
DAR,0000000016723,YERBA CACHAMATE MEZ.HIERBAS 500G.ROSA,1890.00,,2026-10-09
DAR,0000000020059,YERBA CACHAMATE SERRANA 500G,1890.00,,2026-10-09
DAR,0000000009267,YERBA ADELGAMATE 500G.,1990.00,,2026-10-09
DAR,0000000009435,YERBA PIPORE ROJA 500 G.,1990.00,,2026-10-09
DAR,0000000022749,YERBA AMANDA TRAD. PROT POR 4 500G,1990.00,si,2026-10-09
DAR,0000000027823,YERBA PAJARO AZUL 500GR,2020.00,,2026-10-09
DAR,0000000000675,YERBA C B SE CON HIERBAS SERRANAS 500G.,2190.00,,2026-10-09
DAR,0000000002452,YERBA SINCERIDAD 500G,2190.00,,2026-10-09
DAR,0000000007002,YERBA C B SE C/LIMON 500G,2190.00,,2026-10-09
DAR,0000000007003,YERBA C B SE C/NARAN 500G,2190.00,,2026-10-09
DAR,0000000016917,YERBA C B SE SILUETA DR.CORMILLOT 500G,2190.00,,2026-10-09
DAR,0000000021622,YERBA C B SE C/H.CUYANAS 500G,2190.00,,2026-10-09
DAR,0000000023308,YERBA C B SE SILUETA NARANJA 500G.,2190.00,,2026-10-09
DAR,0000000026630,YERBA C B SE GUARANÁ 500G,2190.00,,2026-10-09
DAR,0000000028102,YERBA VERDEFLOR HIERB.SERRANAS 500G,2190.00,,2026-10-09
DAR,0000000028103,YERBA VERDEFLOR COMP.C/BOLDO 500G,2190.00,,2026-10-09
DAR,0000000028104,YERBA VERDEFLOR COMP.C/CEDRON 500G,2190.00,,2026-10-09
DAR,0000000028105,YERBA VERDEFLOR COMP.C/MENTA 500G,2190.00,,2026-10-09
DAR,0000000032678,YERBA VERDEFLOR MENTA Y JENG. 500G,2190.00,,2026-10-09
DAR,0000000034117,YERBA VERDEFLOR MANZANILLA 500G,2190.00,,2026-10-09
DAR,0000000112457,YERBA VERDEFLOR COMP.C/NARANJA 500G,2190.00,,2026-10-09
DAR,0000000112458,YERBA VERDEFLOR COMP.C/PEPERIN 500G,2190.00,,2026-10-09
DAR,0000000032073,YERBA NATURA SUAVE 500G,2196.00,,2026-10-09
DAR,0000000028646,YERBA ANDRESITO 500G,2204.09,,2026-10-09
DAR,0000000029155,YERBA NOBLEZA GAUCHA SELECCION 500G,2256.00,,2026-10-09
DAR,0000000000941,YERBA TARAGUI CON PALO 500G,2290.00,,2026-10-09
DAR,0000000002031,YERBA AGUANTADORA 500G,2290.00,,2026-10-09
DAR,0000000027135,YERBA MATE MAÑANITA B/CONT POLV.500G,2290.00,,2026-10-09
DAR,0000000038084,YERBA ROSAMONTE 500G,2290.00,,2026-10-09
DAR,0000000038344,YERBA ROSAMONTE SUAVE 500G,2290.00,,2026-10-09
DAR,0000000032180,YERBA CRUZ DE MALTA TRADICIONAL 500G,2340.00,,2026-10-09
DAR,0000000000943,YERBA UNION SUAVE 500G.,2355.00,,2026-10-09
DAR,0000000029216,YERBA LA TRANQUERA TRADICIONAL 500G,2373.63,,2026-10-09
DAR,0000000012361,YERBA MATE TARAGUI 50 SAQ. S/E FILT.DIAM,2390.00,,2026-10-09
DAR,0000000033225,YERBA MATEANDO 500G,2528.00,,2026-10-09
DAR,0000000024201,YERBA CACHAMATE PAMPEANA 500G,2591.00,,2026-10-09
DAR,0000000026777,YERBA CACHAMATE HIERBAS LITORAL 500G,2591.00,,2026-10-09
DAR,0000000028372,YERBA MATE PLAYADITO 50 SAQ.,2653.00,,2026-10-09
DAR,0000000016649,YERBA AGUANTADORA SUAVE C/P 500G Y0173,2665.00,,2026-10-09
DAR,0000000022435,YERBA ROSAMONTE SUAVE ESPEC.500G.,2690.00,,2026-10-09
DAR,0000000028776,YERBA PLAYADITO 500G,2690.00,,2026-10-09
DAR,0000000022512,YERBA AMANDA SELECC.ESP.500G,2714.36,,2026-10-09
DAR,0000000029617,YERBA AMANDA SUAVE 500G,2714.36,,2026-10-09
DAR,0000000021624,YERBA ROSAMONTE FUNDACION FAVALORO 500G,2727.00,,2026-10-09
DAR,0000000032807,YERBA MATE ROSAMONTE 50 SAQ.,2844.00,,2026-10-09
DAR,0000000008886,YERBA MATE LITORAL S/SOB.50 SAQ.,2921.00,,2026-10-09
DAR,0000000034599,YERBA SPORT AFA 500G,2990.00,,2026-10-09
DAR,0000000027264,YERBA ROSAMONTE DESPALADA 500G.,3298.00,,2026-10-09
DAR,0000000020023,YERBA UNION FLEX BAJ.CONT.POLV.O.C 500G,3470.76,,2026-10-09
DAR,0000000024202,YERBA CACHAMATE HIERBAS 1K ROSA,3790.00,,2026-10-09
DAR,0000000024203,YERBA CACHAMATE ANTIAC.1K AMAR.,3790.00,,2026-10-09
DAR,0000000027824,YERBA PAJARO AZUL 1 K,3942.00,,2026-10-09
DAR,0000000025069,YERBA AMANDA TRAD.PROT.POR 4 1K.,3980.00,,2026-10-09
DAR,0000000009434,YERBA PIPORE ROJA 1 K.,3990.00,,2026-10-09
DAR,0000000028647,YERBA ANDRESITO 1 K,4004.00,,2026-10-09
DAR,0000000023252,YERBA C B SE C/H. SERRANAS 1K.,4090.00,si,2026-10-09
DAR,0000000032116,YERBA PLAYADITO SIN PALO 500G,4228.00,,2026-10-09
DAR,0000000002032,YERBA AGUANTADORA 1K,4290.00,,2026-10-09
DAR,0000000000940,YERBA TARAGUI FLEX 1K,4390.00,,2026-10-09
DAR,0000000003120,YERBA SINCERIDAD 1K,4390.00,si,2026-10-09
DAR,0000000029154,YERBA NOBLEZA GAUCHA SELECCION 1K,4426.00,,2026-10-09
DAR,0000000027222,YERBA MATE MAÑANITA B/CONT POLV.1K-,4429.00,,2026-10-09
DAR,0000000038083,YERBA ROSAMONTE 1K,4530.00,,2026-10-09
DAR,0000000000942,YERBA UNION SUAVE 1K.,4649.00,,2026-10-09
DAR,0000000022511,YERBA AMANDA SELECC.ESP.1K.,4711.00,,2026-10-09
DAR,0000000038343,YERBA ROSAMONTE SUAVE 1K.,4790.00,,2026-10-09
DAR,0000000034148,YERBA COSMICO 500G,4952.00,,2026-10-09
DAR,0000000016650,YERBA AGUANTADORA SUAVE C/P 1K Y0092,4996.00,,2026-10-09
DAR,0000000028775,YERBA PLAYADITO 1 K,5190.00,,2026-10-09
DAR,0000000021623,YERBA ROSAMONTE FUNDACION FAVALORO 1K,5207.00,,2026-10-09
DAR,0000000018830,YERBA LA MERCED O.C MONTE 500G,5320.00,,2026-10-09
DAR,0000000018831,YERBA LA MERCED O.C BARBACUA 500G,5320.00,,2026-10-09
DAR,0000000018832,YERBA LA MERCED O.C CAMPO 500G,5320.00,,2026-10-09
DAR,0000000022434,YERBA ROSAMONTE SUAVE ESPEC. 1 K.,5579.00,,2026-10-09
DAR,0000000034309,YERBA TERERE REIVERDE LIMON C/MENTA 250,5890.00,,2026-10-09
DAR,0000000034310,YERBA TERERE REIVERDE NARANJA C/MENT.250,5890.00,,2026-10-09
DAR,0000000034307,YERBA REIVERDE 500G,6210.00,,2026-10-09
DAR,0000000027263,YERBA ROSAMONTE DESPALADA 1 K.,6819.00,,2026-10-09
DAR,0000000020024,YERBA UNION FLEX BAJO CONT.POLVO O.C 1K,6943.00,,2026-10-09
DAR,0000000034523,YERBA BALDO 500G,7490.00,,2026-10-09
DAR,0000000033688,YERBA CANARIAS 500G,7590.00,,2026-10-09
DAR,0000000034524,YERBA BALDO 1KG,13790.00,,2026-10-09
DAR,0000000033689,YERBA CANARIAS 1KG,14290.00,,2026-10-09
DAR,0000000113733,GAS COCA COLA C/CAFE LATA 220CC,1552.00,,2026-10-09
DAR,0000000033398,POSTRE MANTECOL CAFE 111G,2990.00,,2026-10-09
DAR,0000000010052,CAFE ARLISTAN SOLUBLE FRASCO 50G,3327.00,,2026-10-09
DAR,0000000032882,CAFE VELEZ EN SAQUITOS 25 UNIDADES,3490.00,,2026-10-09
DAR,0000000029598,GRANOS DE CAFE VIZZIO BAÑO CHOCOLATE 80G,3690.00,,2026-10-09
DAR,0000000027432,CAFE LA VIRGINIA INSTANTANEO SUAVE 50G.,3852.00,,2026-10-09
DAR,0000000027433,CAFE LA VIRGINIA INSTANTANEO CLASICO 50G.,3852.00,,2026-10-09
DAR,0000000009352,CAFE LA MORENITA INTENSO BOLSA 125 G.,3979.00,,2026-10-09
DAR,0000000000118,CAFE LA VIRGINIA EQUILIBRADO 125G.,4273.00,,2026-10-09
DAR,0000000034330,CAFE CABRALES LA PTA.DE CAFE MOL. 190G,4290.00,,2026-10-09
DAR,0000000021610,CAFE DOLCA ORIGINAL FCO. 50G,4444.00,,2026-10-09
DAR,0000000006993,FILTRO CAFE LA VIRGINIA 40U.PAPEL F.RAP.,4817.00,,2026-10-09
DAR,0000000028448,CAFE BONAFIDE TORRADO INTENSO EN SAQUITOS 18U,4890.00,,2026-10-09
DAR,0000000028720,CAFE CABRALES LA PLANTA DE CAFE EN SAQUITOS 18U,4990.00,,2026-10-09
DAR,0000000008490,CAFE LA VIRGINIA EN SAQUITOS 20 UNIDADES,5090.00,,2026-10-09
DAR,0000000000144,CAFE ARLISTAN SOLUBLE FRASCO 100G,5490.00,,2026-10-09
DAR,0000000110050,CAFE LA MORENITA TORRADO INTENSO 20 SAQUITOS,5650.00,,2026-10-09
DAR,0000000033470,CAFE DOLCA SUAVE DOYPACK 100G,6349.00,,2026-10-09
DAR,0000000021655,CAFE LA VIRGINIA EQUILIBRADO 250G.,6390.00,,2026-10-09
DAR,0000000018101,CAFE BONAFIDE MOLIDO TORRADO SUAVE 250G,6590.00,,2026-10-09
DAR,0000000018103,CAFE BONAFIDE MOLIDO TORRADO INTENSO 250G,6590.00,,2026-10-09
DAR,0000000021607,CAFE DOLCA GRANULADO FRASCO 100G,6790.00,,2026-10-09
DAR,0000000021609,CAFE DOLCA SUAVE FRASCO 100G,6790.00,,2026-10-09
DAR,0000000001227,CAFE LA VIRGINIA INSTANTANEO CLASICO 100 GRS,6957.00,,2026-10-09
DAR,0000000021767,CAFE LA MORENITA INTENSO BOLSA 250G,7118.00,,2026-10-09
DAR,0000000009458,CAFE CABRALES LA PLANTA DE CAFE MOLIDO 250G.,7481.00,,2026-10-09
DAR,0000000026933,CAFE LA VIRGINIA INSTANTANEO CLASICO DOYPACK 170G,8290.00,,2026-10-09
DAR,0000000017261,CAFE LA VIRGINIA INSTANTANEO SUAVE 170G.,8390.00,si,2026-10-09
DAR,0000000017262,CAFE LA VIRGINIA INSTANTANEO CLASICO 170G,8390.00,si,2026-10-09
DAR,0000000034655,CAFE BONAFIDE TOSTADO MOL. BRASIL 200G,8390.00,,2026-10-09
DAR,0000000033966,CAFE BONAFIDE TOSTADO MOL.EQUILIB. 200G,8590.00,,2026-10-09
DAR,0000000033967,CAFE BONAFIDE TOSTADO MOL.INTENSO 200G,8590.00,,2026-10-09
DAR,0000000025984,CAFE DOLCA SUAVE DOYPACK 170G,8940.00,,2026-10-09
DAR,0000000025985,CAFE DOLCA ORIGINAL DOYPACK 170G,8940.00,,2026-10-09
DAR,0000000010786,CAFE ARLISTAN SOLUBLE FRASCO 170G,8950.00,,2026-10-09
DAR,0000000021611,CAFE DOLCA SUAVE FRASCO 170G,9390.00,,2026-10-09
DAR,0000000021608,CAFE DOLCA GRANULADO FRASCO 170G,9950.00,,2026-10-09
DAR,0000000028898,CAPS. DOLCE G. CABRALES CAFE C LECHE 10U,10390.00,,2026-10-09
DAR,0000000033350,CAFE NESCAFE TRADICION DOYPACK 100G,10910.00,,2026-10-09
DAR,0000000033762,CAPS. DOLCE G. NESCAFE CAFE LUNGO 10U,11590.00,,2026-10-09
DAR,0000000033763,CAPS. DOLCE G. NESCAFE EXPRESSO 10U,11590.00,,2026-10-09
DAR,0000000018102,CAFE BONAFIDE MOLIDO TORRADO SUAVE 500G,12390.00,,2026-10-09
DAR,0000000018104,CAFE BONAFIDE MOLIDO TORRADO INTENSO 500G,12390.00,,2026-10-09
DAR,0000000025597,CAPS. DOLCE G. NESCAFE CAPPUCCINO 10U,12690.00,,2026-10-09
DAR,0000000009459,CAFE CABRALES LA PLANTA DE CAFE MOLIDO 500G.,12990.00,,2026-10-09
DAR,0000000033516,CAFE NESCAFE TOSTADO MOLIDO 190G,12990.00,,2026-10-09
DAR,0000000032545,CAFE CABRALES INSTANTANEO SUAVE 170G,13323.00,,2026-10-09
DAR,0000000032952,CAFE CABRALES INSTANTANEO CLASICO 170G,13323.00,,2026-10-09
DAR,0000000116348,CAFE LA VIRGINIA TOSTADO MOLIDO 250G,13485.00,,2026-10-09
DAR,0000000116484,CAFE LA VIRGINIA TOSTADO MOL.INTEN.250G,13485.00,,2026-10-09
DAR,0000000009354,CAFE LA MORENITA INTENSO BOLSA 500G.,14240.00,,2026-10-09
DAR,0000000033861,CAFE LA MORENITA COLOMBIA MOLIDO 250G,14296.00,,2026-10-09
DAR,0000000033863,CAFE LA MORENITA BLEN ITALIA MOLIDO 250G,14296.00,,2026-10-09
DAR,0000000000122,CAFE LA VIRGINIA EQUILIBRADO 500G,14390.00,,2026-10-09
DAR,0000000028721,CAFE CABRALES SUPER TOSTADO MOLIDO 250 G,15989.30,,2026-10-09
DAR,0000000001752,CAFE NESCAFE SIN CAFEINA 100G,17590.00,,2026-10-09
DAR,0000000034581,CAFE SEGAFREDO MOLIDO INTERMEZZO 250G,18980.00,,2026-10-09
DAR,0000000034582,CAFE SEGAFREDO MOLIDO ESPRESSO 250G,18980.00,,2026-10-09
DAR,0000000033748,CAFE NESCAFE GOLD SIGNATURE FCO. 95G,20816.00,,2026-10-09
DAR,0000000033531,CAFE NESCAFE EXPRESSO DOYPACK 100G,21070.00,,2026-10-09
DAR,0000000000972,CAFE NESCAFE ESPRESSO FRASCO 100G,23737.00,,2026-10-09
DAR,0000000032972,PURE DE TOMATE BIG CHOICE T-B 208G.,419.00,,2026-10-09
DAR,0000000033125,ALFAJOR VIMAR 2 CHOCOLATE 38G,490.00,,2026-10-09
DAR,0000000029208,PURE DE TOMATE ALCO T-B 260G.,672.00,,2026-10-09
DAR,0000000033127,ALFAJOR VIMAR 3 CHOCOLATE 60G,690.00,,2026-10-09
DAR,0000000010091,GALLETITAS LIA POLVORITA CHOCOLATE 81G,760.00,,2026-10-09
DAR,0000000020962,TE COM-PRO 25 SAQUITOS,790.00,,2026-10-09
DAR,0000000033759,CHOCOLATE BONAFIDE LECHE/MANI 30G,790.00,,2026-10-09
DAR,0000000113917,BICARBONATO ALICANTE 50G.,838.00,,2026-10-09
DAR,0000000113927,CHOCOLATE ARCOR MILK 12G,871.00,,2026-10-09
DAR,0000000024845,GALLETITAS OBLITA CHOCOLATE 100G,890.00,,2026-10-09
DAR,0000000005689,TE ROSAMONTE 25 SAQ.,914.00,,2026-10-09
DAR,0000000032010,ESPONJA GO POWER PROTEGE UÑAS,937.00,,2026-10-09
DAR,0000000007809,PURE DE TOMATE COM-PRO T-B 520G.,950.00,,2026-10-09
DAR,0000000034316,GALLETITAS PEPAS TEREPIN MEMBRILLO 200G.,980.00,,2026-10-09
DAR,0000000010134,PURE DE TOMATE NOEL T-B 520 G.,990.00,,2026-10-09
DAR,0000000034444,CHOCOLATE BALLCHOC LECHE Y MANI 70G,990.00,,2026-10-09
DAR,0000000034677,GALLETITAS BAUDUCCO WAFER CHOCOLATE 78G,990.00,,2026-10-09
DAR,0000000014477,ESPONJA ACERO INOX. DEA GIGANTE 30G,1003.66,,2026-10-09
DAR,0000000021018,TE LA VIRGINIA 25 SAQ.NAT.INT.,1050.00,,2026-10-09
DAR,0000000116432,TOMILLO ALICANTE 10G.,1087.00,,2026-10-09
DAR,0000000112469,YOGUR ILOLAY ENTERO FRUTILLA 120G,1125.00,,2026-10-09
DAR,0000000112470,YOGUR ILOLAY ENTERO VAINILLA 120G,1125.00,,2026-10-09
DAR,0000000028309,ROMERO ALICANTE 15G.,1151.00,,2026-10-09
DAR,0000000111528,CONDIMENTO P/ TUCO O GUISO ALICANTE 25G,1161.00,,2026-10-09
DAR,0000000009362,TE LA MORENITA 25 SAQ,1166.00,,2026-10-09
DAR,0000000033223,ALBAHACA ALICANTE 20G.,1177.00,,2026-10-09
DAR,0000000019922,TOALLAS DONCELLA S/DESODORANTE 8U.,1178.00,,2026-10-09
DAR,0000000000030,AJI MOLIDO ALICANTE 25G.,1189.00,,2026-10-09
DAR,0000000012635,MANI CON CHOCOLATE PALMESANO 100G,1190.00,,2026-10-09
DAR,0000000020882,ALFAJOR BON-O-BON LECHE CHOCOLATE 40G,1190.00,,2026-10-09
DAR,0000000034653,CHOCOLATE KINDER BARRITA T1 12.5G,1190.00,,2026-10-09
DAR,0000000116526,PAN LOMITERO MOL.CAÑUELAS PRECOCIDO UNID,1190.00,,2026-10-09
DAR,0000000014705,PAÑO ABSORBENTE MEDIA NARANJA 1 UNIDAD 38X40CM,1205.00,,2026-10-09
DAR,0000000000520,PIMENTON ALICANTE 25G,1208.00,,2026-10-09
DAR,0000000012427,TE LA MORENITA MANZANILLA 20 SAQ.,1254.00,,2026-10-09
DAR,0000000018900,BIZCOCHOS LA CUMBRE MATEROS 170G,1257.00,,2026-10-09
DAR,0000000023946,GALLETITAS TERRABUSI MINI PEPITOS 50G,1257.00,,2026-10-09
DAR,0000000001050,CONDIMENTO PARA PIZZA ALICANTE 25G.,1259.00,,2026-10-09
DAR,0000000001209,TOMATES ALCO PERITA NAT.400G,1280.00,,2026-10-09
DAR,0000000007628,PATE DE FOIE SWIFT LATA 90G,1280.00,,2026-10-09
DAR,0000000029332,GALLETITAS TERRABUSI TITA 19G,1280.00,,2026-10-09
DAR,0000000103640,YOGUR ILOLAY FIRME ENTERO VAINILLA 190G,1290.00,si,2026-10-09
DAR,0000000103641,YOGUR ILOLAY FIRME ENTERO FRUTILLA 190G,1290.00,si,2026-10-09
DAR,0000000103642,YOGUR ILOLAY FIRME ENTERO DULCE LECHE 190G,1290.00,si,2026-10-09
DAR,0000000029838,LENTEJAS DOÑA PUPA T-B 340G,1333.00,,2026-10-09
DAR,0000000015158,PICADILLO CARNE SWIFT PICANTE 90G.,1338.00,,2026-10-09
DAR,0000000034701,PATE DE FOIE SWIFT JALAPEÑO 90G,1338.00,,2026-10-09
DAR,0000000014623,TOMATES ALCO PERITA CUBETEADO 400G,1344.93,,2026-10-09
DAR,0000000111529,CONDIMENTO PARA MILANESA ALICANTE 25G,1350.00,,2026-10-09
DAR,0000000034699,PATE DE FOIE SWIFT A LA CREMA 88G,1352.00,,2026-10-09
DAR,0000000010644,MERMELADA ORIETA DURAZNO POTE 500G,1358.00,,2026-10-09
DAR,0000000032743,LENTEJAS MOLTO T-B 340G,1370.33,,2026-10-09
DAR,0000000007649,LENTEJAS NATURAL COM-PRO LATA 300G,1390.00,,2026-10-09
DAR,0000000019049,LENTEJAS SECAS COM-PRO 400G,1390.00,,2026-10-09
DAR,0000000033185,PAÑUELOS PAPEL ELEGANTE D/H 6P.10U,1390.00,,2026-10-09
DAR,0000000034525,GALLETITAS PITUSAS CHOCOLATE/RELL. 160G,1390.00,,2026-10-09
DAR,0000000103948,POSTRE ILOLAY CHOCOLATE 120G,1390.00,si,2026-10-09
DAR,0000000010101,PURE DE TOMATE ARCOR T-B 520G.,1396.00,,2026-10-09
DAR,0000000012360,TE TARAGUI 25 SAQ.C/FILTRO ESPECIAL,1396.00,,2026-10-09
DAR,0000000025822,ESCARBADIENTES IDEAL 100 UN.,1405.66,,2026-10-09
DAR,0000000014485,ESPONJA DEA ESPONJOSA P/TEFLON/MICR,1406.00,,2026-10-09
DAR,0000000000151,COMINO MOLIDO ALICANTE 25G NI,1418.00,,2026-10-09
DAR,0000000033550,PAÑO SED METAL ANTIBACTERIAS 1U.,1422.00,,2026-10-09
DAR,0000000116185,GALLETITAS COFLER CHOCOLATE/VAINILLA 85G,1446.00,,2026-10-09
DAR,0000000116186,GALLETITAS COFLER VAINILLA/CHOCOLATE 85G,1446.00,,2026-10-09
DAR,0000000116187,GALLETITAS COFLER CHOCOLATE/BON O BON 85G,1446.00,,2026-10-09
DAR,0000000110045,CALDO SAB.ALICANTE VER/S/S.PAQ.4 SOBRES,1463.00,,2026-10-09
DAR,0000000110054,CALDO SAB.ALICANTE CARNE PAQ.4 SOBRES,1463.00,,2026-10-09
DAR,0000000110056,CALDO SAB.ALICANTE GALL.PAQ.4 SOBRES,1463.00,,2026-10-09
DAR,0000000110057,CALDO SAB.ALICANTE VERD.PAQ.4 SOBRES,1463.00,,2026-10-09
DAR,0000000023642,GALLETITAS TERRABUSI RHODESIA 22G,1490.00,,2026-10-09
DAR,0000000027242,GALLETITAS 9 DE ORO CHIPS CHOCOLATE 120G,1490.00,,2026-10-09
DAR,0000000032883,EDULCORANTE VELEZ CLASICO LIQUIDO 250C,1490.00,,2026-10-09
DAR,0000000032973,PURE DE TOMATE BIG CHOICE T-B 1040GRS,1490.00,,2026-10-09
DAR,0000000100256,PASTELITOS (UNIDAD),1490.00,,2026-10-09
DAR,0000000033355,ALFAJOR ANGIOLA CHOCOLATE S/TACC 55G,1498.00,,2026-10-09
DAR,0000000111530,CONDIMENTO P/EMPANADAS ALICANTE 25G,1509.00,,2026-10-09
DAR,0000000011395,MERMELADA EMETH DAMASCO POTE 420G.,1523.00,,2026-10-09
DAR,0000000011397,MERMELADA EMETH DURAZNO POTE 420 G.,1523.00,,2026-10-09
DAR,0000000012129,ACEITUNAS NUCETE VERDES SACHET 100G,1523.00,,2026-10-09
DAR,0000000028926,LENTEJAS SECAS ELIO 400 G,1523.00,,2026-10-09
DAR,0000000012429,TE LA MORENITA BOLDO 20 SAQ.,1525.00,,2026-10-09
DAR,0000000021130,ESPONJA PLATEADA MORTIMER,1539.66,,2026-10-09
DAR,0000000024510,ALFAJOR CERAL LIGHT CON STEVIA 45G,1540.00,,2026-10-09
DAR,0000000027589,JABON LIQ.SUAVE COCO Y KARITE 220C,1560.00,,2026-10-09
DAR,0000000000277,EDULCORANTE SI DIET LIQUIDO 200C,1570.00,,2026-10-09
DAR,0000000008817,CONDIMENTO P/CARNE ALICANTE 25G,1573.00,,2026-10-09
DAR,0000000023438,CHIMICHURRI ALICANTE 25G,1573.00,,2026-10-09
DAR,0000000011799,MERMELADA EMETH DURAZNO LIGHT POTE 420G.,1587.00,,2026-10-09
DAR,0000000014854,TOMATES NOEL PELADO PERITA 400 G.,1590.00,,2026-10-09
DAR,0000000034318,GALLETITAS PEPAS TEREPIN FRUT.BOSQ. 260G,1590.00,,2026-10-09
DAR,0000000003395,PURE DE TOMATE LA CAMPAGNOLA T-B 520G.,1608.00,,2026-10-09
DAR,0000000113875,CHOCOLATE ARCOR C/LECHE 25G.,1609.00,,2026-10-09
DAR,0000000113876,CHOCOLATE ARCOR BLANCO 25G.,1609.00,,2026-10-09
DAR,0000000004356,PATE DE FOIE SWIFT PROVENZAL 85G,1616.00,,2026-10-09
DAR,0000000004357,PATE DE FOIE SWIFT C/HONGOS 85G,1616.00,,2026-10-09
DAR,0000000009792,PROVENZAL ALICANTE 25G,1618.00,,2026-10-09
DAR,0000000033046,VELAS LOURDES PAQUETE 110 G.,1625.00,,2026-10-09
DAR,0000000028829,EDULCORANTE TUY CLASICO POLVO 50 SOBRES,1626.00,,2026-10-09
DAR,0000000028485,PAÑUELOS ELEGANTE H/T 100U.,1634.00,,2026-10-09
DAR,0000000003135,ACEITUNAS NUCETE VERDES DESCAROZADAS 80G,1650.00,,2026-10-09
DAR,0000000116983,LECHE ILOLAY PROTEINA LATTE CARAMEL 200C,1660.00,,2026-10-09
DAR,0000000029187,GALLETITAS ARCOR FORMIS VAINILLA/CHOCOLATE 102G,1666.00,,2026-10-09
DAR,0000000029193,GALLETITAS BAGLEY PORTEÑITAS 139G,1666.00,,2026-10-09
DAR,0000000110760,MANI MANTECA JULICROC 100G,1674.00,,2026-10-09
DAR,0000000000596,TE CACHAMAI DIGESTIVO AMARILLO 20 SAQUITOS,1676.00,,2026-10-09
DAR,0000000029693,MIX FINAS HIERBAS ALICANTE 25G.,1681.00,,2026-10-09
DAR,0000000029694,MIX ITALIANO ALICANTE 20G.,1681.00,,2026-10-09
DAR,0000000033637,CURRY ALICANTE 25G.,1681.00,,2026-10-09
DAR,0000000034058,MIX PARRILLA ALICANTE BARBACOA 25G,1681.00,,2026-10-09
DAR,0000000034067,MIX PARRILLA ALICANTE CARNES GRI. 25G,1681.00,,2026-10-09
DAR,0000000034069,MIX PARRILLA ALICANTE HAMBURGUESAS 25G,1681.00,,2026-10-09
DAR,0000000110058,CALDO SAB.ALICANTE FI/HIER.PAQ.4 SOBRES,1683.00,,2026-10-09
DAR,0000000110059,CALDO SAB.ALICANTE PANC/HIER.PAQ.4 SOB.,1683.00,,2026-10-09
DAR,0000000110060,CALDO SAB.ALICANTE ALB/AJO PAQ.4 SOBRES,1683.00,,2026-10-09
DAR,0000000110061,CALDO ALICANTE CHAMPIGNONES HONGOS 4 SOBRES,1683.00,,2026-10-09
DAR,0000000113783,CALDO SAB.ALICANTE CRE/VERDEO PAQ.4 SOB.,1683.00,,2026-10-09
DAR,0000000002171,GAS SPRITE LATA 354CC,1690.00,,2026-10-09
DAR,0000000006735,PIMIENTA NEGRA MOLIDA ALICANTE 25G,1709.00,,2026-10-09
DAR,0000000034382,TE ROSAMONTE CLASICO 50 SAQ.,1713.23,,2026-10-09
DAR,0000000018786,POSTRE EXQUISITA LIGHT CHOCOLATE 65G,1714.00,,2026-10-09
DAR,0000000026379,PAÑUELOS ELEGANTE H/D 150U,1714.00,,2026-10-09
DAR,0000000013359,TOSTADAS RIERA INTEGRALES 200G.,1739.00,,2026-10-09
DAR,0000000027608,GALLETITAS 9 DE ORO CHOCOLATE RELLENA CHOCOLATE 120G,1749.00,,2026-10-09
DAR,0000000027610,GALLETITAS 9 DE ORO VAINILLA RELLENA CHOCOLATE 120G,1749.00,,2026-10-09
DAR,0000000027611,GALLETITAS 9 DE ORO CHOCOLATE RELLENA LIMON 120G,1749.00,,2026-10-09
DAR,0000000017089,PIMIENTA NEGRA GRANO ALICANTE 25G,1754.00,,2026-10-09
DAR,0000000010176,GALLETITAS TERRABUSI MELBA 120G,1777.00,,2026-10-09
DAR,0000000010177,GALLETITAS TERRABUSI DUQUESA 115G,1777.00,,2026-10-09
DAR,0000000023468,DETERG.ZORRO ULTRA LIMON ORIGINAL 300C,1777.00,,2026-10-09
DAR,0000000000484,OREGANO ALICANTE 25G,1786.00,,2026-10-09
DAR,0000000008647,ALFAJOR MAXI JORGELIN CHOCOLATE 85G,1790.00,,2026-10-09
DAR,0000000025797,CHOCOLATE KINDER MAXI 21G,1790.00,,2026-10-09
DAR,0000000110029,TE LA VIRGINIA HIERBAS MANZANILLA 25 SAQ,1796.00,,2026-10-09
DAR,0000000116578,CARAMELOS ARCOR MENTA CHOCOLATE 80G.,1807.00,,2026-10-09
DAR,0000000000270,DESODORANTE INODORO BAÑOFLOR 50G,1815.00,,2026-10-09
DAR,0000000032698,EDULCORANTE LEDESMA STEVIA 50 SOBRES,1815.00,,2026-10-09
DAR,0000000116259,BEBIDA DE LECHE PROTEICA CON CACAO 200CC,1842.00,,2026-10-09
DAR,0000000032157,PAÑUELOS PAPEL ELITE TRIPLE HOJA 6X10U,1850.00,,2026-10-09
DAR,0000000116759,CARAMELOS MOGUL PALOTES SURT. 80G,1850.00,,2026-10-09
DAR,0000000021040,TOMATE PELADO PERITA ARCOR 400G,1859.00,,2026-10-09
DAR,0000000110027,TE LA VIRGINIA VERDE 20 SAQ.,1879.00,,2026-10-09
DAR,0000000022721,GALLETITAS VAINILLAS VALENTE 148G,1890.00,,2026-10-09
DAR,0000000033934,BARRA WHEY PROTEICA BANANA 46G,1890.00,si,2026-10-09
DAR,0000000033935,BARRA WHEY PROTEICA DARK CHOCOLATE 46G,1890.00,si,2026-10-09
DAR,0000000033936,BARRA WHEY PROTEICA FRUTOS ROJOS 46G,1890.00,si,2026-10-09
DAR,0000000050431,MANTECA PRIMER PREMIO 100 G.,1890.00,,2026-10-09
DAR,0000000116467,TAPAS PASTELITOS DI PASCUALLE 24U,1890.00,,2026-10-09
DAR,0000000034647,CHOCOLATE NUTELLA B READY 22G,1903.70,,2026-10-09
DAR,0000000013245,ACEITUNAS NUCETE VERDE RELLENA SACH 100G,1904.00,,2026-10-09
DAR,0000000019801,GALLETITAS TERRABUSI MANON 182G.,1904.00,,2026-10-09
DAR,0000000026595,DESODORANTE INODORO HARPIC PAST.LAVANDA,1904.00,,2026-10-09
DAR,0000000026596,DESODORANTE INODORO HARPIC PAST.PINO,1904.00,,2026-10-09
DAR,0000000029286,GALLETITAS TERRABUSI BOCA DAMA 170G,1904.00,,2026-10-09
DAR,0000000008887,AJO TRITURADO ALICANTE 50G,1907.00,,2026-10-09
DAR,0000000120795,CANELA MOLIDA ALICANTE 25 G,1924.00,,2026-10-09
DAR,0000000113864,MANI C/CHOCOLATE ROCKLETS 40G.,1934.00,,2026-10-09
DAR,0000000024147,JABON LIQ.ALGABO G/TEA D-P 300C,1940.00,,2026-10-09
DAR,0000000010647,MERMELADA ORIETA NARANJA POTE 500G,1968.00,,2026-10-09
DAR,0000000000636,TE GREEN HILLS 25 SAQUITOS 2G,1979.00,,2026-10-09
DAR,0000000016255,PAPEL HIG.ELEGANTE H/S EXTRA BCO 4U 30M,1980.00,,2026-10-09
DAR,0000000116656,AGUA SAB LEVITE LIMONADA S/G 500CC,1980.00,,2026-10-09
DAR,0000000009464,ALFAJOR TERRABUSI TRIPLE CHOCOLATE 70G,1990.00,,2026-10-09
DAR,0000000014599,ALFAJOR TERRABUSI TRIPLE TORTA 70G,1990.00,,2026-10-09
DAR,0000000014667,SERVILLET.ELEGANTE BCA.80U.32X32 CM,1990.00,,2026-10-09
DAR,0000000026163,MANI BONAFIDE BAÑO CHOCOLATE 80G,1990.00,,2026-10-09
DAR,0000000029515,CHOCOLATE VIZZIO LECHE/ALMENDRAS 35G.,1990.00,,2026-10-09
DAR,0000000038150,PAÑUELOS PAPEL ELEGANTE T/H 6P.10U,1990.00,,2026-10-09
DAR,0000000056011,MANTECA COM-PRO 100G,1990.00,si,2026-10-09
DAR,0000000017614,GALLETITAS ARCOR MANA CHOCOLATE RELLENA VAINILLA 152G,1999.00,,2026-10-09
DAR,0000000017616,GALLETITAS ARCOR MANA RELLENAS CHOCOLATE 152G,1999.00,,2026-10-09
DAR,0000000008489,ESPECIAS SURTIDAS ALICANTE 25G.,2003.00,,2026-10-09
DAR,0000000003122,MERMELADA DULCOR DAMASCO POTE 500G,2019.00,,2026-10-09
DAR,0000000034006,AROMAT.POWER POCKET BERRY VIBRANTE 10G,2019.00,,2026-10-09
DAR,0000000016694,TOMATES PELADO PERITA LA CAMPAGNOLA 400G,2023.00,,2026-10-09
DAR,0000000008880,TE LA VIRGINIA HIERBAS NAT.INT.25 SAQ.,2024.00,,2026-10-09
DAR,0000000111541,SOPA ALICANTE CREMA ZAPALLO 73G R-44157,2030.00,,2026-10-09
DAR,0000000025070,TOALLAS DONCELLA S/DESODORANTE 16U,2049.00,,2026-10-09
DAR,0000000025071,TOALLAS DONCELLA C/DESODORANTE 16U,2049.00,,2026-10-09
DAR,0000000020150,DETERG.ALA CONCENTRADO LIMON 300C,2050.00,,2026-10-09
DAR,0000000032611,DETERG.ALA CONCENTRADO POMELO 300C,2050.00,,2026-10-09
DAR,0000000032613,DETERG.ALA CONCENTRADO OCEANO 300C,2050.00,,2026-10-09
DAR,0000000116299,YOGUR ILOLAY ENTERO CON ARANDANOS 150G,2083.00,,2026-10-09
DAR,0000000015353,DETERG.CIF BIOACTIVE LIMA.300C,2090.00,si,2026-10-09
DAR,0000000019050,LENTEJON COM-PRO 400G,2090.00,,2026-10-09
DAR,0000000021770,ROLLO COC.ELEGANTE 3U(150 PAÑOS),2090.00,,2026-10-09
DAR,0000000022469,DETERG.CIF BIOACTIVE LIMON 300C,2090.00,si,2026-10-09
DAR,0000000024998,CHOCOLATE PARA TAZA BOMBONETT 100G.,2090.00,,2026-10-09
DAR,0000000029090,GALLETITAS PEPITOS 119G,2090.00,si,2026-10-09
DAR,0000000034319,GALLETITAS PEPAS TEREPIN SURTIPEPAS 360G,2090.00,,2026-10-09
DAR,0000000017213,TE CACHAMAI BOLDO 20 SAQ.,2107.00,,2026-10-09
DAR,0000000032993,GALLETITAS LA PROVIDENCIA C/CHIPS CHOCOLATE 220G,2119.63,,2026-10-09
DAR,0000000113863,CONFITES ROCKLETS 40 G.,2145.00,,2026-10-09
DAR,0000000113866,BARRA COFLER CHOCOLINAS BAÑADA CHOCOLATE 40G.,2145.00,,2026-10-09
DAR,0000000012470,ACEITUNAS MARVAVIC VERDES FILETEADAS 80G,2146.00,,2026-10-09
DAR,0000000029257,LENTEJON NACIONAL ELIO 400 G,2146.00,,2026-10-09
DAR,0000000034426,ALFAJOR TERRABUSI INTENSO EXTRA DDL 55G,2146.00,,2026-10-09
DAR,0000000116574,CARAMELOS BUTTER TOFFES LECHE 80G,2147.00,,2026-10-09
DAR,0000000110063,TE LA VIRGINIA CEDRON M.CONT 25 SAQ.,2149.00,,2026-10-09
DAR,0000000111628,PAPAS FRITAS JULICROC SABOR CREMA/CIBOULETTE 70G,2150.00,si,2026-10-09
DAR,0000000115363,PAPAS FRITAS JULICROC CORTE AMERICANO 80G,2150.00,si,2026-10-09
DAR,0000000018428,DESODORANTE INODORO GLADE PAST.LAVANDA,2158.00,,2026-10-09
DAR,0000000033587,PAÑUELOS PAPEL ELITE DISNEY 6P.10U,2158.00,,2026-10-09
DAR,0000000034174,JABON JOHNSON BABY PARA ANTES DORMIR 80G,2158.00,,2026-10-09
DAR,0000000029281,PAPEL HIG.ELEGANTE H/S MEGAMAX 120M,2159.00,,2026-10-09
DAR,0000000009791,PIMENTON ALICANTE 50G,2174.00,,2026-10-09
DAR,0000000009784,COCO RALLADO ALICANTE N.I 50 G.,2187.00,,2026-10-09
DAR,0000000009428,GAS SPRITE 500CC,2189.00,,2026-10-09
DAR,0000000013034,GAS SPRITE ZERO 500CC,2189.00,,2026-10-09
DAR,0000000027780,DETERG.MAGISTRAL ULTRA LIMON 225C,2190.00,,2026-10-09
DAR,0000000029088,GALLETITAS OREO 118G,2190.00,si,2026-10-09
DAR,0000000033760,CHOCOLATE BONAFIDE LECHE/MANI 90G,2190.00,,2026-10-09
DAR,0000000104825,MANTECA MILKAUT 100G,2190.00,si,2026-10-09
DAR,0000000115495,YOGUR ILOLAY BEBIBLE ENTERO FRUTILLA 900G,2190.00,si,2026-10-09
DAR,0000000115496,YOGUR ILOLAY BEBIBLE ENTERO VAINILLA 900G,2190.00,si,2026-10-09
DAR,0000000115497,YOGUR ILOLAY BEBIBLE ENTERO DURAZNO 900G,2190.00,si,2026-10-09
DAR,0000000115498,YOGUR ILOLAY BEBIBLE ENTERO FRUTILLA/KIWI 900G,2190.00,si,2026-10-09
DAR,0000000010720,PIMIENTA BLANCA GRANO ALICANTE 25G,2199.00,,2026-10-09
DAR,0000000110025,TE LA VIRGINIA MANZ/ANIS M.C.25 SAQ.,2231.00,,2026-10-09
DAR,0000000116945,LECHE* LA SERENISIMA DESC.PROTEI.SACH 1L,2240.00,,2026-10-09
DAR,0000000000585,TE LA VIRGINIA BOLDO 25 SAQUITOS,2241.00,,2026-10-09
DAR,0000000010655,MERMELADA ORIETA LIGHT DURAZNO POTE 420G,2247.00,,2026-10-09
DAR,0000000034756,ALFAJOR MILKA SUPER DDL CHOCOLATE 70G,2265.00,,2026-10-09
DAR,0000000115493,MANTECA ILOLAY RED.EN SODIO 100 GRS,2270.00,si,2026-10-09
DAR,0000000116569,CARAMELOS DE GOMA MOGUL DIENTES 80G,2271.00,,2026-10-09
DAR,0000000021917,TE LA VIRGINIA 50 SAQ.NAT.INT.,2273.00,,2026-10-09
DAR,0000000113850,CHOCOLATE COFLER BLOCK C/MANI 38G.,2279.00,,2026-10-09
DAR,0000000003382,GALLETITAS TERRABUSI LINCOLN 153G,2285.00,,2026-10-09
DAR,0000000019634,DESODORANTE INODORO PATO CITRUS 25G,2285.00,,2026-10-09
DAR,0000000033448,DESODORANTE INODORO PATO LAVANDA 25G,2285.00,,2026-10-09
DAR,0000000016732,PAPEL HIG.ELEGANTE H/D 4U 20M,2290.00,,2026-10-09
DAR,0000000027496,OBLEA KIT KAT WHITE 41.5G,2290.00,,2026-10-09
DAR,0000000008879,TE LA VIRGINIA C/LIMON 20 SAQUITOS,2312.00,,2026-10-09
DAR,0000000029285,GALLETITAS TERRABUSI ANILLOS 170G,2323.00,,2026-10-09
DAR,0000000000614,VELAS RANCHERA PAQUETE 68G,2343.66,,2026-10-09
DAR,0000000008317,ACEITUNAS NUCETE VERDES 180G,2387.00,,2026-10-09
DAR,0000000023937,CEREAL GRANIX BALONCITOS CHOCOLATE 150G,2387.00,,2026-10-09
DAR,0000000001213,TOMATES TRITURADOS COM-PRO BOTELLA 1K,2390.00,si,2026-10-09
DAR,0000000014739,DESODORANTE ETIQUET ROLL-ON CLASICO 60G,2390.00,,2026-10-09
DAR,0000000022630,DESODORANTE ETIQUET ROLL-ON BLUE ICE 60G,2390.00,,2026-10-09
DAR,0000000022634,DESODORANTE ETIQUET ROLL-ON AC.PROT.60G.,2390.00,,2026-10-09
DAR,0000000032602,SOPA KNORR S.CAS.POLLO DEDALI INTEGRALES,2390.00,,2026-10-09
DAR,0000000034317,GALLETITAS PEPAS TEREPIN MEMBRILLO 500G.,2390.00,,2026-10-09
DAR,0000000100674,PREPIZZA DAR TOMATE (U),2390.00,,2026-10-09
DAR,0000000032590,GALLETITAS OREO CHOCOLATE 118G,2393.00,,2026-10-09
DAR,0000000032633,GALLETITAS OREO MILKSHAKE FRUTILLA 118G,2393.00,,2026-10-09
DAR,0000000002619,LENTEJAS AL NATURAL LA CAMPAGNOLA 300G.,2403.00,,2026-10-09
DAR,0000000009788,LAUREL HOJA ALICANTE 10 G.,2407.00,,2026-10-09
DAR,0000000028988,JABON VERITAS GLIC. ANTIBACTERIAL 120G.,2411.73,,2026-10-09
DAR,0000000032708,PAÑUELOS PAPEL ELITE BOX 90U.,2411.73,,2026-10-09
DAR,0000000029573,EDULCORANTE TUY CLASICO LIQUIDO 200CC,2414.00,,2026-10-09
DAR,0000000028307,EDULCORANTE TUY STEVIA POLVO 50 SOBRES,2437.00,,2026-10-09
DAR,0000000115964,YOGUR MILKAUT ENTERO CON FRUTILLAS 150G,2438.00,,2026-10-09
DAR,0000000115965,YOGUR MILKAUT ENTERO CON DURAZNOS 150G,2438.00,,2026-10-09
DAR,0000000107222,HELADO LA MONTEVIDEANA CUORE 75G,2442.00,,2026-10-09
DAR,0000000027233,PAÑO MULTIUSO CIF ANTIBACTERIAL,2451.00,,2026-10-09
DAR,0000000012685,TE TARAGUI VERDE ENSOB.DIAMANTADO 20 SAQ,2476.00,,2026-10-09
DAR,0000000027706,PAPEL HIG.HIGIENOL TEXTURADO 4U 30M,2476.00,,2026-10-09
DAR,0000000012029,GALLETITAS OKEBON PANAL CHOCOLATE 247G,2488.00,,2026-10-09
DAR,0000000013806,JABON TOC.DOVE EXFOLIANTE 90G,2490.00,,2026-10-09
DAR,0000000020326,ROLLO COC.ELEGANTE PREM.3U.(60 PAÑOS),2490.00,,2026-10-09
DAR,0000000026127,JABON TOC.DOVE KARITE 90G,2490.00,,2026-10-09
DAR,0000000029053,JABON TOC.DOVE CUIDA Y PROTEGE 90G,2490.00,,2026-10-09
DAR,0000000033164,JABON TOC.DOVE NUTRICION INDULGENTE 90G,2490.00,,2026-10-09
DAR,0000000033340,GUANTES ASAPRACTIC MULTIUSO CHICO,2490.00,,2026-10-09
DAR,0000000033588,PAÑUELOS PAPEL ELITE DISNEY BOX 90U,2490.00,,2026-10-09
DAR,0000000100627,PAN BAGUETTE UNIDAD,2490.00,,2026-10-09
DAR,0000000113200,CERVEZA AMSTEL LAGER LATA 473CC,2490.00,,2026-10-09
DAR,0000000102808,TAPAS PASTELITOS MIL HOJAS 24 UNIDADES,2530.00,,2026-10-09
DAR,0000000019793,TE TARAGUI 50 SAQ.C/FILTRO ESPECIAL,2539.00,,2026-10-09
DAR,0000000023969,EDULCORANTE HILERET STEVIA 50 SOBRES,2545.00,,2026-10-09
DAR,0000000032986,DESINFECTANTE CIF GEL ORIGINAL BOT 250G,2565.00,,2026-10-09
DAR,0000000115800,PAN LACTEADO CHICO FACILITAS 360G,2566.00,,2026-10-09
DAR,0000000029575,EDULCORANTE TUY SUCRA LIQUIDO 200CC,2567.00,,2026-10-09
DAR,0000000033220,TE LA VIRGINIA FLUIR 25 SAQUITOS,2577.00,,2026-10-09
DAR,0000000110024,TE LA VIRGINIA TILO C/MANZ/CED.25 SAQ.,2583.00,,2026-10-09
DAR,0000000002134,DETERG.ALA CREM.GLICERINA 750C,2590.00,,2026-10-09
DAR,0000000002135,DETERG.ALA CREM. LIMON 750C,2590.00,,2026-10-09
DAR,0000000023962,CREMA DENT.COLGATE ORIG.PROT.ANTICA.70G,2590.00,si,2026-10-09
DAR,0000000025494,BUDIN BONAFIDE CHIPS CHOCOLATE 180G.,2590.00,,2026-10-09
DAR,0000000028620,TOALLAS KOTEX ESENCIAL 8U,2612.00,,2026-10-09
DAR,0000000116980,YOGUR ILOLAY PROTEINA 15G. FRUTILLA 180G,2665.00,,2026-10-09
DAR,0000000116981,YOGUR ILOLAY PROTEINA 15G. VAINILLA 180G,2665.00,,2026-10-09
DAR,0000000021368,BIZC.BARBARA CHOCOLATE 450G.,2665.73,,2026-10-09
DAR,0000000010943,ACEITUNAS NUCETE VERDES DESCAROZADAS 150G,2666.00,,2026-10-09
DAR,0000000011767,ACEITUNAS NUCETE VERDES RODAJAS D/P.150G,2666.00,,2026-10-09
DAR,0000000013313,ACEITUNAS NUCETE NEGRAS D-P 180G,2666.00,,2026-10-09
DAR,0000000016948,CEP.DENT.COLGATE CLASSIC CLEAN MEDIO,2666.00,,2026-10-09
DAR,0000000034326,CUBETERA PACK 2U,2666.00,,2026-10-09
DAR,0000000020049,DESODORANTE NIVEA ANT.DRY ROLL-ON 50C,2690.00,,2026-10-09
DAR,0000000020052,DESODORANTE NIVEA PEARL&BEAUT ROLL-ON 50,2690.00,,2026-10-09
DAR,0000000021309,DESODORANTE NIVEA B&W CLEAR ROLL-ON 50CC,2690.00,,2026-10-09
DAR,0000000021313,DESODORANTE NIVEA B&W POWER ROLL ON 50CC,2690.00,,2026-10-09
DAR,0000000025365,"AMARGO TERMA LIMON 1,350L",2690.00,,2026-10-09
DAR,0000000025366,"AMARGO TERMA LIMON CERO 1,350L",2690.00,,2026-10-09
DAR,0000000025369,"AMARGO TERMA SERRANO 1,350L",2690.00,,2026-10-09
DAR,0000000025370,"AMARGO TERMA SERRANO CERO 1,350L",2690.00,,2026-10-09
DAR,0000000025371,"AMARGO TERMA CUYANO 1,350L",2690.00,,2026-10-09
DAR,0000000025374,"AMARGO TERMA POMELO 1,350L",2690.00,,2026-10-09
DAR,0000000025825,"AMARGO TERMA MANZANA CERO 1,350L",2690.00,,2026-10-09
DAR,0000000027000,"AMARGO TERMA CITRUS 1,350L",2690.00,,2026-10-09
DAR,0000000028703,DETERG.MAGISTRAL ULTRA LIMON 300C,2690.00,,2026-10-09
DAR,0000000028704,DETERG.MAGISTRAL ULTRA MARINA 300C,2690.00,,2026-10-09
DAR,0000000029802,SEMILLAS GIRASOL PIPAS GIGANTES 160G,2690.00,,2026-10-09
DAR,0000000029990,"AMARGO TERMA POMELO ROSADO S/AZUC 1,350L",2690.00,,2026-10-09
DAR,0000000029991,"AMARGO TERMA PATAGONICO S/AZUC 1,350L",2690.00,,2026-10-09
DAR,0000000032152,"AMARGO TERMA POMELO S/AZUC 1,350L",2690.00,,2026-10-09
DAR,0000000032153,"AMARGO TERMA CITRUS S/AZUC 1,350L",2690.00,,2026-10-09
DAR,0000000032990,CHOCOLATE SHOT 35G,2690.00,,2026-10-09
DAR,0000000034689,DESODORANTE NIVEA NATURAL ROLL-ON 50C,2690.00,,2026-10-09
DAR,0000000110959,GALLETAS MARINERAS CROCANTES MAJO 250G,2690.00,,2026-10-09
DAR,0000000110962,GALLETITAS LENGUITAS CROCANTES MAJO 250G,2690.00,,2026-10-09
DAR,0000000116280,GALLETAS MARINERAS CROCANTES MAJO CH/QUIN 250G,2690.00,,2026-10-09
DAR,0000000116281,GALLETAS MARINAS CROCANTES MAJO SESAMO/LINO 250G,2690.00,,2026-10-09
DAR,0000000027919,DETERG.ALA ULTRA LIMON DP 450C.,2692.00,,2026-10-09
DAR,0000000038231,DETERG.ALA CREM.FLORES BLANCAS 750C,2692.00,,2026-10-09
DAR,0000000008874,TE LA VIRGINIA ISLAND 25 SAQ.,2704.00,,2026-10-09
DAR,0000000029567,GALLETITAS CERAL INTEGRALES LIMON 180G,2730.00,,2026-10-09
DAR,0000000034144,ALMOHADITAS ECOSAN REL.CHOCOLATE 200G,2768.00,,2026-10-09
DAR,0000000002096,DESODORANTE ODORONO PLUS CEL.60G,2790.00,,2026-10-09
DAR,0000000013273,MADALENAS VALENTE MARMOLADAS 200G,2790.00,,2026-10-09
DAR,0000000013274,MADALENAS VALENTE RELLENA C/DDL 200G,2790.00,,2026-10-09
DAR,0000000022453,BUDIN VALENTE VAINILLA 170G.,2790.00,,2026-10-09
DAR,0000000022454,BUDIN VALENTE MARMOLADO 170G.,2790.00,,2026-10-09
DAR,0000000022456,BUDIN VALENTE C/FRUTAS 170G,2790.00,,2026-10-09
DAR,0000000022635,DESODORANTE HINDS ROLL-ON DELICIOUS 60G,2790.00,,2026-10-09
DAR,0000000023316,BUDIN VALENTE C/CHIPS CHOCOLATE 170G.,2790.00,,2026-10-09
DAR,0000000027601,ROLLO COC.ELEGANTE X 1U.(200 PAÑOS),2790.00,,2026-10-09
DAR,0000000027977,CREMA DENT.COLGATE TRIPLE ACCION 70G,2790.00,,2026-10-09
DAR,0000000029885,DESODORANTE HINDS ROLL-ON FLOWERS 60G,2790.00,,2026-10-09
DAR,0000000029887,DESODORANTE HINDS ROLL-ON ROSA INSP 60G,2790.00,,2026-10-09
DAR,0000000008889,CEBOLLA DESHIDRATADA ALICANTE 50G,2792.00,,2026-10-09
DAR,0000000008173,DETERG.LIBERTADOR 1L,2793.00,,2026-10-09
DAR,0000000015127,CHOCOLATE PARA TAZA ALTEZA 90 G.,2793.00,,2026-10-09
DAR,0000000021121,DESODORANTE INODORO POETT PAST.C/RED LAV,2793.00,,2026-10-09
DAR,0000000021122,DESODORANTE INODORO POETT PAST.C/R BRISA,2793.00,,2026-10-09
DAR,0000000116061,CEREALES ARCOR FORMIS CHOCOLATE 145G,2832.00,,2026-10-09
DAR,0000000032332,DETERG.ZORRO ULTRA LIMON ORIGINAL 500C,2844.00,,2026-10-09
DAR,0000000116978,YOGUR ILOLAY PROTEINA 15G. FRUTILLA 220G,2845.00,,2026-10-09
DAR,0000000116374,HELADO LA MONTEVIDEANA CONO TUO DDL 85G,2856.00,,2026-10-09
DAR,0000000029247,QUITAMANCHA AYUDIN BCOS INTENSOS FLOR.1L,2856.23,,2026-10-09
DAR,0000000000259,EDULCORANTE CHUKER LIQUIDO 200C,2867.00,,2026-10-09
DAR,0000000050200,MANTECA LA PAULINA 100G,2873.10,,2026-10-09
DAR,0000000005360,CREMA PONDS HUMECTANTE NUTRITIVA 50G,2882.00,,2026-10-09
DAR,0000000033755,CREMA PONDS BIOHIDRATANTE 50G,2882.00,,2026-10-09
DAR,0000000026905,CREMA DENTAL COLGATE HERBAL NATURAL PROTECCION 70G,2890.00,,2026-10-09
DAR,0000000028242,MADALENAS DON SATUR CHIPS CHOCOLATE 200G,2890.00,,2026-10-09
DAR,0000000028855,MADALENAS DON SATUR CHOCOLATE C/DDL 220G,2890.00,,2026-10-09
DAR,0000000029000,DULCE DE LECHE COM-PRO REPOSTERO 400G,2890.00,,2026-10-09
DAR,0000000034212,ENJUAGUE BUCAL COLGATE PLAX ICE INF 180C,2890.00,,2026-10-09
DAR,0000000115888,YOGUR LA SERENISIMA BEBIBLE ENTERO VAINILLA 900G,2890.00,si,2026-10-09
DAR,0000000115889,YOGUR LA SERENISIMA ENTERO FRUTILLA 900G,2890.00,si,2026-10-09
DAR,0000000115890,YOGUR LA SERENISIMA BEBIBLE ENTERO DURAZNO 900G,2890.00,si,2026-10-09
DAR,0000000033162,MAYONESA HELLMANN PICANTE D-P 250G,2895.00,,2026-10-09
DAR,0000000108569,MANTECA LA SERENISIMA EXTRA PAQ.100G,2904.00,,2026-10-09
DAR,0000000014479,ESPONJA DORADA DEA GIGANTE 30G,2907.00,,2026-10-09
DAR,0000000006734,PROVENZAL ALICANTE 50G,2913.00,,2026-10-09
DAR,0000000000189,NUEZ MOSCADA MOLIDA ALICANTE 25G,2916.00,,2026-10-09
DAR,0000000003328,ACEITUNAS NUCETE VERDES SACHET 200C,2920.00,,2026-10-09
DAR,0000000116936,BARRA RAPTOR PROTEICA MANI 50G,2920.60,,2026-10-09
DAR,0000000001156,CHIMICHURRI ALICANTE 50G,2927.00,,2026-10-09
DAR,0000000016256,PAPEL HIG.ELEGANTE H/S EXTRA BCO. 6U 30M,2970.00,si,2026-10-09
DAR,0000000029568,GALLETITAS CERAL INTEGRALES AVENA/PASAS 180G,2984.00,,2026-10-09
DAR,0000000000284,EDULCORANTE SI DIET LIQUIDO 500C,2990.00,,2026-10-09
DAR,0000000001637,ATUN ENTERO AL NATURAL COM-PRO LATA 160G,2990.00,,2026-10-09
DAR,0000000012595,"AGUA SAB LEVITE POMELO S/G 1,5L",2990.00,,2026-10-09
DAR,0000000015783,"AGUA SAB LEVITE MANZANA S/G 1,5L",2990.00,,2026-10-09
DAR,0000000016145,"AGUA SAB LEVITE NARANJA S/G 1,5L",2990.00,,2026-10-09
DAR,0000000020173,"AGUA SAB LEVITE PERA S/G 1,5L",2990.00,,2026-10-09
DAR,0000000023301,"AGUA SAB LEVITE CERO POMELO S/G 1,5L",2990.00,,2026-10-09
DAR,0000000023520,AFEIT.GILLETTE VENUS SIMPLY 3 SUAVE,2990.00,si,2026-10-09
DAR,0000000028193,VIZZIO NUGATON BAÑO CHOCOLATE 80G,2990.00,,2026-10-09
DAR,0000000029102,DETERG.BORA MAGIC ULTRA NAR/POMELO 500C.,2990.00,,2026-10-09
DAR,0000000029103,DETERG.BORA MAGIC ULTRA COLAGENO 500C.,2990.00,,2026-10-09
DAR,0000000029104,DETERG.BORA MAGIC ULTRA LIMON 500C.,2990.00,,2026-10-09
DAR,0000000050162,MARG.DANICA SOFT&LIGHT N/S POTE 200G,2990.00,,2026-10-09
DAR,0000000109647,YOGUR DAHI FIRME ENTERO VAINILLA 190G,2990.00,,2026-10-09
DAR,0000000116282,"AGUA SAB LEVITE POMELO ROSADO S/G 1,5L",2990.00,,2026-10-09
DAR,0000000116544,"AGUA SAB LEVITE LIMONADA S/G 1,5L",2990.00,,2026-10-09
DAR,0000000034416,GUANTES MORTIMER VERDE CHICOS,3022.00,,2026-10-09
DAR,0000000034417,GUANTES MORTIMER VERDE MEDIANOS,3022.00,,2026-10-09
DAR,0000000034418,GUANTES MORTIMER VERDE GRANDES,3022.00,,2026-10-09
DAR,0000000032699,EDULCORANTE LEDESMA STEVIA 100 SOBRES,3046.73,,2026-10-09
DAR,0000000317652,GUANTES DE LATEX EXTRALIMP L,3048.00,,2026-10-09
DAR,0000000018052,PAÑO ABSORVENTE PARA PISO M.NARANJA,3081.00,,2026-10-09
DAR,0000000023219,QUITAESMALTE CUTEX HUM.C/A.ALMEN.50C,3081.00,,2026-10-09
DAR,0000000023221,QUITAESMALTE CUTEX FORT.VIT.E/CALCIO 50C,3081.00,,2026-10-09
DAR,0000000023942,QUITAESMALTE CUTEX HIPOAL.C/GLIC.50C,3081.00,,2026-10-09
DAR,0000000025897,"RECIPIENTE HERMETICO BGA CUAD.2,4 L",3081.00,,2026-10-09
DAR,0000000028830,EDULCORANTE TUY CLASICO POLVO 100 SOBRES,3081.00,,2026-10-09
DAR,0000000009265,CREMA DENT.COLGATE TRIPLE ACCION.90G,3090.00,,2026-10-09
DAR,0000000033219,GALLETITAS LA PROVIDENCIA C/CHIPS CHOCOLATE 357G,3090.00,si,2026-10-09
DAR,0000000029228,GALLETITAS TERRABUSI VARIEDAD DORADA 300G,3097.00,,2026-10-09
DAR,0000000013090,DESODORANTE INODORO POETT BLOQ.SURT.REP,3162.00,,2026-10-09
DAR,0000000024144,JABON LIQ.ALGABO G/TEA C/VAL.300C,3163.00,,2026-10-09
DAR,0000000013255,GUANTES AFELP.PLUMITA MEDIANO,3169.84,,2026-10-09
DAR,0000000013256,GUANTES AFELP.PLUMITA GRANDE,3169.84,,2026-10-09
DAR,0000000012740,GALLETITAS TERRABUSI VARIEDAD CHOCO 300G,3174.00,,2026-10-09
DAR,0000000028295,GRISINES NAQUET C/QUESO S/GLUTEN 140G,3174.00,,2026-10-09
DAR,0000000028296,GRISINES NAQUET CLÁSICO LIBRE GLUTE 140G,3174.00,,2026-10-09
DAR,0000000024665,PASAS UVA VIZZIO BAÑADAS CHOCOLATE 80G.,3190.00,,2026-10-09
DAR,0000000028927,CEREAL VIZZIO BAÑADO CHOCOLATE 80G,3190.00,,2026-10-09
DAR,0000000032614,DETERG.ALA CONCENTRADO OCEANO 500C,3190.00,,2026-10-09
DAR,0000000032816,DETERG.ALA CONCENTRADO LIMON 500C,3190.00,,2026-10-09
DAR,0000000033300,PAN DULCE MYLEN C/CHIPS CHOCOLATE 360G,3190.00,,2026-10-09
DAR,0000000111590,CERVEZA STELLA ARTOIS LATA 473CC,3190.00,,2026-10-09
DAR,0000000116688,TOMATES DESHIDRATADOS CAMPOS BAND. 80GR,3190.00,,2026-10-09
DAR,0000000009789,OREGANO ALICANTE 50G.,3215.00,,2026-10-09
DAR,0000000014486,GUANTES DEA AFELPADOS CHICO,3282.00,,2026-10-09
DAR,0000000014487,GUANTES DEA AFELPADOS MEDIANO,3282.00,,2026-10-09
DAR,0000000014488,GUANTES DEA AFELPADOS GRANDES,3282.00,,2026-10-09
DAR,0000000024695,DETERG.CIF BIOACTIVE LIMA D/P 450C,3290.00,,2026-10-09
DAR,0000000027208,DETERG.CIF BIOACTIVE LIMON D/P 450C,3290.00,,2026-10-09
DAR,0000000029336,POSTRE MANTECOL 111G,3290.00,,2026-10-09
DAR,0000000020293,GALLETITAS GRANIX FRUTIGRAN C/CHIPS CHOCOLATE 255G,3301.00,,2026-10-09
DAR,0000000028171,CEP.DENT.COLGATE KIDS 5+ AÑOS 2U,3301.00,,2026-10-09
DAR,0000000115802,PAN LACTEADO GRANDE FACILITA 540G.,3319.00,,2026-10-09
DAR,0000000029262,POROTOS MANTECA ELIO 500 G,3365.00,,2026-10-09
DAR,0000000032096,COLOR L EAU VIVE RUB.CHOCOLATE KIT N 7.7,3390.00,,2026-10-09
DAR,0000000032097,COLOR L EAU VIVE ROJO INTENSO KIT N 6.5,3390.00,,2026-10-09
DAR,0000000032700,EDULCORANTE LEDESMA STEVIA LIQUIDO 200C,3390.00,,2026-10-09
DAR,0000000107915,DULCE DE LECHE SAN IGNACIO REPOSTERO 410G,3390.00,,2026-10-09
DAR,0000000115979,POSTRE DANETTE COPA CHOC.C/CREMA 100G,3391.00,,2026-10-09
DAR,0000000115980,POSTRE DANETTE COPA DDL 100G,3391.00,,2026-10-09
DAR,0000000028294,PALMERITAS NAQUET HOJALDRE S/GLUTEN 160G,3428.00,,2026-10-09
DAR,0000000116188,GALLETITAS COFLER BAÑO CHOCOLATE 132G,3443.00,,2026-10-09
DAR,0000000116189,GALLETITAS COFLER BON O BON BAÑO CHOCOLATE 132G,3443.00,,2026-10-09
DAR,0000000116190,GALLETITAS COFLER CHOCOLATE BAÑO CHOCOLATE 132G,3443.00,,2026-10-09
DAR,0000000115804,PAN INTEGRAL FACILITAS SEM.ANDINAS 360G,3448.00,,2026-10-09
DAR,0000000025308,HISOPOS QSOFT POTE 100 U.,3483.00,,2026-10-09
DAR,0000000014394,CERVEZA STELLA ARTOIS BOT 330CC,3490.00,,2026-10-09
DAR,0000000017754,DESODORANTE REXONA ROLL-ON V8 H 50G,3490.00,,2026-10-09
DAR,0000000026586,DESODORANTE REXONA ROLL-ON.ACT.EM F 50C,3490.00,,2026-10-09
DAR,0000000029775,SUAVIZ.ROPA VIVERE ETERNA PRIMAV.DP 900C,3490.00,,2026-10-09
DAR,0000000033414,DESODORANTE REXONA ROLL-ON POWDER F 50G,3490.00,,2026-10-09
DAR,0000000034072,DESODORANTE REXONA ROLL-ON INVISI H 50G,3490.00,,2026-10-09
DAR,0000000034521,CHOCOLATE BONAFIDE LECHE/MANI 160G,3490.00,,2026-10-09
DAR,0000000033302,SUAVIZANTE ZORRO ELEGANTE D-P 900CC,3493.00,,2026-10-09
DAR,0000000028533,GALLETITAS OREO 182.5G,3555.00,,2026-10-09
DAR,0000000109650,YOGUR DAHI BATIDO ENTERO FRUTILLA 190G.,3590.00,,2026-10-09
DAR,0000000109651,YOGUR DAHI BATIDO ENTERO FRUTOS DEL BOSQUE 190G.,3590.00,,2026-10-09
DAR,0000000109654,YOGUR DAHI BATIDO ENTERO DURAZNO 190G.,3590.00,,2026-10-09
DAR,0000000000597,TE LA VIRGINIA TILO 25 SAQUITOS,3592.00,,2026-10-09
DAR,0000000000261,EDULCORANTE SUCARYL LIQUIDO 180C,3617.00,,2026-10-09
DAR,0000000115667,YOGUR LA SERENISIMA BATIDO ENTERO C/CEREALES 159G.,3638.00,,2026-10-09
DAR,0000000034414,GUANTES MORTIMER NARANJA MEDIANOS,3643.63,,2026-10-09
DAR,0000000034415,GUANTES MORTIMER NARANJA GRANDES,3643.63,,2026-10-09
DAR,0000000110111,GALLETITAS DONINAS C/CHIPS CHOCOLATE200G,3662.00,,2026-10-09
DAR,0000000000376,REPELENTE OFF CREMA 60G,3682.00,,2026-10-09
DAR,0000000012680,ALMENDRAS VIZZIO BAÑO CON CHOCOLATE 80G,3690.00,si,2026-10-09
DAR,0000000023964,CREMA DENT.COLGATE ORIG.PROT.ANTICA.90G,3690.00,,2026-10-09
DAR,0000000029224,GALLETITAS TERRABUSI VARIEDAD 390G,3690.00,,2026-10-09
DAR,0000000032396,PAPEL HIG.ELEGANTE H/DOB BCO 4U 30M,3690.00,,2026-10-09
DAR,0000000000607,VELAS RANCHERA PAQUETE 120G,3737.26,,2026-10-09
DAR,0000000033513,DETERG.MAGISTRAL ULTRA LIMON D-P. 450C,3780.00,,2026-10-09
DAR,0000000027203,DETERG.CIF BIOACTIVE LIMA 500C,3790.00,,2026-10-09
DAR,0000000027204,DETERG.CIF BIOACTIVE LIMON 500C,3790.00,,2026-10-09
DAR,0000000029016,DESODORANTE POETT EXTRA LAVANDA 360C,3790.00,,2026-10-09
DAR,0000000029017,DESODORANTE POETT EXTRA PRIMAVERA 360C,3790.00,,2026-10-09
DAR,0000000029018,DESODORANTE POETT EXTRA BEBE 360C,3790.00,,2026-10-09
DAR,0000000029019,DESODORANTE POETT EXTRA SUAV.ALGOD. 360C,3790.00,,2026-10-09
DAR,0000000029130,DESINFECTANTE JARDIN CAMP.LAV.AER. 360C,3790.00,,2026-10-09
DAR,0000000029131,DESINFECTANTE JARDIN FRUT.BOSQ.AER. 360C,3790.00,,2026-10-09
DAR,0000000029132,DESINFECTANTE JARDIN BRISA MAR AER. 360C,3790.00,,2026-10-09
DAR,0000000029234,DESODORANTE POETT EXTRA MUS.PRIMAV.360C,3790.00,,2026-10-09
DAR,0000000029235,DESODORANTE POETT EXTRA ESPIR.PLAY 360C,3790.00,,2026-10-09
DAR,0000000029236,DESODORANTE POETT EXT.SOLO PARA TI 360C.,3790.00,,2026-10-09
DAR,0000000029238,DESODORANTE POETT EXTRA ALEG.TU DIA 360C,3790.00,,2026-10-09
DAR,0000000033407,CREMA DENT.COLGATE SENSIT.ORIGINAL 60G.,3790.00,,2026-10-09
DAR,0000000034738,DESODORANTE POETT HUELLITAS FRESC. 360C,3790.00,,2026-10-09
DAR,0000000050980,MANTECA COM-PRO 200G,3790.00,si,2026-10-09
DAR,0000000026744,CUBANITO OBLITA CHOCOLATE ESTUCHE 30U,3805.00,,2026-10-09
DAR,0000000026597,DESODORANTE INODORO HARPIC BLOQUE 50G,3809.00,,2026-10-09
DAR,0000000033001,GALLETITAS CHOCOLATE SMAMS S/TACC 200G,3809.00,,2026-10-09
DAR,0000000033390,QUITAMANCHAS VANISH WHITE POLVO D/P 120G,3809.00,,2026-10-09
DAR,0000000022226,PROT. DIARIOS KOTEX ESENCIAL S/P 20U,3858.00,,2026-10-09
DAR,0000000050994,QUESO CREMA LA PAULINA CIBOULETTE 250G.,3860.00,,2026-10-09
DAR,0000000034278,DETERG.CIF ACTIVE GEL ORIGINAL DP 400C,3885.00,,2026-10-09
DAR,0000000034279,DETERG.CIF ACTIVE GEL LIMON DP 400C,3885.00,,2026-10-09
DAR,0000000000227,DESINFECTANTE GLADE CAMPOS DE LAVANDA 380C,3890.00,,2026-10-09
DAR,0000000002090,CREMA PONDS HUMECTANTE NUTRITIVA 100G,3890.00,si,2026-10-09
DAR,0000000019397,DESODORANTE GLADE POTPOURRI 360C,3890.00,,2026-10-09
DAR,0000000022789,DESODORANTE GLADE PARAISO AZUL 360C,3890.00,,2026-10-09
DAR,0000000025742,DESODORANTE GLADE LIMON REFRES. 360C,3890.00,,2026-10-09
DAR,0000000033948,DESODORANTE GLADE NARAN/ORQUID 360C,3890.00,,2026-10-09
DAR,0000000115494,MANTECA ILOLAY RED.EN SODIO 200 GRS,3890.00,si,2026-10-09
DAR,0000000028820,BEBIDA ENERG.MONSTER ULTR WHITE ZER 473C,3907.00,,2026-10-09
DAR,0000000028821,BEBIDA ENERG.MONSTER MANGO LOCO 473C,3907.00,,2026-10-09
DAR,0000000028823,BEBIDA ENERGIZANTE MONSTER ULTRA SUNRISE 473C,3907.00,,2026-10-09
DAR,0000000032144,BEBIDA ENERGIZANTE MONSTER ULTRA WATERMELON 473C,3907.00,,2026-10-09
DAR,0000000111859,BEBIDA ENERG.MONSTER E.GREEN 473C,3907.00,,2026-10-09
DAR,0000000115752,BEBIDA ENERGIZANTE MONSTER PINEAPPLE 473C,3907.00,,2026-10-09
DAR,0000000116209,BEBIDA ENERG.MONSTER E.GREEN ZERO 473C,3907.00,,2026-10-09
DAR,0000000007346,VINO SAN TELMO MALBEC 750CC,3945.00,,2026-10-09
DAR,0000000008477,DESINFECTANTE AYUDIN AER.332C,3950.00,,2026-10-09
DAR,0000000017959,DESINFECTANTE AYUDIN BEBE AER 332C,3950.00,,2026-10-09
DAR,0000000019414,DESINFECTANTE AYUDIN FRESC.MAT.AER 332C,3950.00,,2026-10-09
DAR,0000000020494,AGUA SAB LEVITE POMELO S/G 2.25L,3950.00,,2026-10-09
DAR,0000000021424,AGUA SAB LEVITE PERA S/G 2.25L,3950.00,,2026-10-09
DAR,0000000022596,AGUA SAB LEVITE MANZANA S/G 2.25L,3950.00,,2026-10-09
DAR,0000000023304,AGUA SAB LEVITE CERO POMELO S/G 2.25L,3950.00,,2026-10-09
DAR,0000000116283,AGUA SAB LEVITE POMELO ROSADO S/G 2.25L,3950.00,,2026-10-09
DAR,0000000116545,AGUA SAB LEVITE LIMONADA S/G 2.25L,3950.00,,2026-10-09
DAR,0000000020043,DESODORANTE ANT.NIVEA DRY IMP.AER.150C,3980.00,si,2026-10-09
DAR,0000000020044,DESODORANTE NIVEA DRY COMF.AER.150C,3980.00,si,2026-10-09
DAR,0000000021310,DESODORANTE NIVEA INV.BWH.POW.AER.150C,3980.00,si,2026-10-09
DAR,0000000023931,DESODORANTE NIVEA FRESH COCONUT AER.150C,3980.00,si,2026-10-09
DAR,0000000029681,DESODORANTE NIVEA DARKWOOD MEN 150CC,3980.00,si,2026-10-09
DAR,0000000029711,DESODORANTE NIVEA PEARL&BEAUTY SUAV 150C,3980.00,si,2026-10-09
DAR,0000000032551,PAÑAL PAMPERS BABYSAN XG 8U,3980.00,,2026-10-09
DAR,0000000033377,VINO DON VALENTIN LACRADO WHITE 750C,3980.00,si,2026-10-09
DAR,0000000034688,DESODORANTE NIVEA TONO NATURAL TOUCH.150,3980.00,si,2026-10-09
DAR,0000000117013,PAN INTEGRAL DON YEYO 400G,3980.00,si,2026-10-09
DAR,0000000117045,YOGUR.PROTEI.DAHI BAT.NAT.S/AZUC.AG.190G,3980.00,,2026-10-09
DAR,0000000117046,YOGUR.PROTEI.DAHI BAT.VAINILLA 190G,3980.00,,2026-10-09
DAR,0000000117047,YOGUR.PROTEI.DAHI BAT.FRUT.ROJOS 190G,3980.00,,2026-10-09
DAR,0000000025552,MALVAVISCOS BUFFYS TWISTER FRUTAL 200G,3990.00,,2026-10-09
DAR,0000000025553,MALVAVISCOS BUFFYS TWISTER FRESA 200G,3990.00,,2026-10-09
DAR,0000000029608,REPELENTE ESCUDO ORIGI. NARANJA AER.180C,3990.00,,2026-10-09
DAR,0000000038049,PAPEL HIG.ELEGANTE TRIPLE HOJA 4U 20M,3990.00,,2026-10-09
DAR,0000000111735,PAN BIMBO P/PANCHO ARTESANO 240 G.,3990.00,,2026-10-09
DAR,0000000023366,TOALLAS LADYSOFT ULT.PROTECCION 16U,4018.66,,2026-10-09
DAR,0000000023222,QUITAESMALTE CUTEX FORT.VIT.E/CAL.100C,4019.00,,2026-10-09
DAR,0000000023943,QUITAESMALTE CUTEX HIPOAL.C/GLIC.100C,4019.00,,2026-10-09
DAR,0000000116456,YOGUR SER BATIDO PROTEINA NATURAL 175G,4037.00,,2026-10-09
DAR,0000000116457,YOGUR SER BATIDO PROTEINA FRUT.ROJO 175G,4037.00,,2026-10-09
DAR,0000000116459,SER BEBIBLE PROTEINA VAINILLA BOT. 190G,4037.00,,2026-10-09
DAR,0000000116994,SER BEBIBLE PROTEINA BANANA BOT. 190G,4037.00,,2026-10-09
DAR,0000000116995,YOGUR SER BATIDO PROTEINA VAINILLA 175G,4037.00,,2026-10-09
DAR,0000000033856,GRANOLA PATAGONIA GRAINS CROCANTE 250G,4038.00,,2026-10-09
DAR,0000000022550,PAPEL HIG.ELITE H/S CUIDADO CLAS. 6U 30M,4062.73,,2026-10-09
DAR,0000000008311,ALFAJOR JORGITO BAÑO CHOCOLATE 6UNID 25G,4090.00,,2026-10-09
DAR,0000000009022,DESODORANTE DOVE ROLL-ON ORIGINAL 50C,4090.00,,2026-10-09
DAR,0000000020664,DESODORANTE DOVE COMFORT P ROLL-ON H 50C,4090.00,,2026-10-09
DAR,0000000026582,DESODORANTE DOVE INVI.DRY ROLL-ON H 50C.,4090.00,,2026-10-09
DAR,0000000028705,DETERG.MAGISTRAL ULTRA LIMON 500C,4090.00,si,2026-10-09
DAR,0000000028706,DETERG.MAGISTRAL ULTRA MARINA 500C,4090.00,si,2026-10-09
DAR,0000000102501,MANTECA MILKAUT 200G,4090.00,si,2026-10-09
DAR,0000000117010,PAN LACTEADO DON YEYO 400G,4093.00,,2026-10-09
DAR,0000000026725,BIZC.M.COCINA CHOCOLATE 540G,4165.00,,2026-10-09
DAR,0000000013089,DESODORANTE INODORO POETT BLOQ.SURT.FULL,4190.00,,2026-10-09
DAR,0000000024478,JABON LIQ.WOOLITE ROP.O.450C D/P,4190.00,,2026-10-09
DAR,0000000033551,GUANTES SED METAL DUALSOFT CHICOS,4190.00,,2026-10-09
DAR,0000000033552,GUANTES SED METAL DUALSOFT MEDIANOS,4190.00,,2026-10-09
DAR,0000000026669,PAÑO ABSORBENTE MORTIMER P/COCINA 1U,4220.00,,2026-10-09
DAR,0000000033502,REPELENTE 911 AER.150C,4227.83,,2026-10-09
DAR,0000000032981,DESINFECTANTE CIF ORIGINAL 360C,4250.00,,2026-10-09
DAR,0000000032982,DESINFECTANTE CIF LAVANDA 360C,4250.00,,2026-10-09
DAR,0000000032983,DESINFECTANTE CIF FRESCURA CÍTRICA 360C,4250.00,,2026-10-09
DAR,0000000028828,EDULCORANTE TUY STEVIA POLVO 100 SOBRES,4251.00,,2026-10-09
DAR,0000000012154,CHOCOLATE KINDER 4 BARRITAS,4287.00,,2026-10-09
DAR,0000000017300,ROLLO COC.ELEGANTE PREM X 3U.(300 PAÑOS),4290.00,,2026-10-09
DAR,0000000018283,ENJUAGUE BUCAL COLGATE PLAX ROJO 250C,4290.00,,2026-10-09
DAR,0000000023524,ENJUAGUE BUCAL COLGATE PLAX FRESH 250C,4290.00,,2026-10-09
DAR,0000000024476,JABON LIQ.WOOLITE M.BEBE MATIC 450C D-P,4290.00,,2026-10-09
DAR,0000000024477,JABON LIQ.WOOLITE ROPA BCA 450C DP-3218,4290.00,,2026-10-09
DAR,0000000024888,DESODORANTE AXE BS.MUSK 97G,4290.00,,2026-10-09
DAR,0000000024889,DESODORANTE AXE BS.MARINE 97G,4290.00,,2026-10-09
DAR,0000000024892,DESODORANTE AXE BS.DARK TEMP.97G,4290.00,,2026-10-09
DAR,0000000024895,DESODORANTE AXE BS.APOLLO 97G,4290.00,,2026-10-09
DAR,0000000029124,DESINFECTANTE X5 CITRICO AER. 360C,4290.00,,2026-10-09
DAR,0000000029125,DESINFECTANTE X5 BEBE AER. 360C,4290.00,,2026-10-09
DAR,0000000038070,DESODORANTE AXE BLACK 97G,4290.00,,2026-10-09
DAR,0000000021503,JABON LIQ.WOOLITE PYC D-P 450C-3272648,4305.00,,2026-10-09
DAR,0000000026381,CEP.DENT.COLGATE SMILE 2-5 AÑOS,4306.00,,2026-10-09
DAR,0000000034167,DESODORANTE OLD SPICE LEÑA ROLL-ON 52G,4317.00,,2026-10-09
DAR,0000000009790,PIMIENTA BLANCA MOLIDA ALICANTE 50G,4341.00,,2026-10-09
DAR,0000000022741,CHOCOLATE ARCOR MARMOLADO 80G,4378.00,,2026-10-09
DAR,0000000107951,DULCE DE LECHE MILKAUT REPOSTERO 400GR,4379.00,,2026-10-09
DAR,0000000000739,VINO ETCHART PRIVADO TORRONTES 750CC,4390.00,,2026-10-09
DAR,0000000002611,COCTEL DE 4 FRUTAS ALCO 820G.,4390.00,,2026-10-09
DAR,0000000019142,PAPEL HIG.ELITE H/D ULTRA SUAVE 4U 30M,4390.00,,2026-10-09
DAR,0000000029435,CHOCOLATE NESTLE CON MANI 90G,4390.00,,2026-10-09
DAR,0000000029576,EDULCORANTE TUY STEVIA LIQUIDO 200CC,4426.00,,2026-10-09
DAR,0000000115326,PAN PAPA BIMBO HAMB.ARTESANA 240G,4442.00,,2026-10-09
DAR,0000000032625,FILM ADHERENTE LIMPITAS ROLLO X 30 METROS,4444.00,,2026-10-09
DAR,0000000029368,EDULCORANTE HILERET CLASICO FORTE LIQUIDO 500C,4475.00,,2026-10-09
DAR,0000000032987,DESINFECTANTE CIF GEL ORIGINAL BOT 500G,4508.00,,2026-10-09
DAR,0000000033048,PAPEL HIGIENICO ELITE HOJA SIMPLE CLASICO 4 ROLLOS 50M,4571.00,,2026-10-09
DAR,0000000002118,DESODORANTE REXONA ANT.INVISIBLE 87G,4590.00,,2026-10-09
DAR,0000000008482,DESODORANTE REXONA ANT.COTTON DRY 89G,4590.00,,2026-10-09
DAR,0000000011050,DESODORANTE REXONA ANT.BAMBOO FRESH 89G,4590.00,,2026-10-09
DAR,0000000019126,DESODORANTE REXONA ANT.NUTRITIVE 89G,4590.00,,2026-10-09
DAR,0000000019733,DESODORANTE REXONA ANT.ACTIVE EMOT.89G,4590.00,,2026-10-09
DAR,0000000021361,CEP.DENT.COLGATE TRI.ACC MEDIO 2X1,4590.00,,2026-10-09
DAR,0000000023124,DESODORANTE REXONA ANT.SENSITIVE H. 89G,4590.00,,2026-10-09
DAR,0000000023125,DESODORANTE REXONA ANT.V8 DRY HOM. 89G,4590.00,,2026-10-09
DAR,0000000023128,DESODORANTE REXONA ANT. XTRACOOL HOM.89G,4590.00,,2026-10-09
DAR,0000000023130,DESODORANTE REXONA ANT.INVISIBLE HOM.87G,4590.00,,2026-10-09
DAR,0000000023493,DESODORANTE REXONA ANT.FUTBOL HOM. 89G,4590.00,,2026-10-09
DAR,0000000024336,DESODORANTE REXONA ANTIBACTERIAL PROT.89,4590.00,,2026-10-09
DAR,0000000024337,DESODORANTE REXONA ANT.ANTIBAC. HOM. 89G,4590.00,,2026-10-09
DAR,0000000027898,DESODORANTE REXONA ANT. FUTBOL 89G,4590.00,,2026-10-09
DAR,0000000023970,EDULCORANTE HILERET STEVIA 100 SOBRES,4595.00,,2026-10-09
DAR,0000000000297,BIZCOCHUELO EXQUISITA CHOCOLATE 540G,4597.00,,2026-10-09
DAR,0000000006977,DESODORANTE INODORO AYUDIN VDE.CANAS.16G,4660.00,,2026-10-09
DAR,0000000013787,GAS SPRITE RET 2L,4682.00,,2026-10-09
DAR,0000000001510,GUANTES MAPA PLISSE USO DIARIO CHICOS,4690.00,,2026-10-09
DAR,0000000001511,GUANTES MAPA PLISSE USO DIARIO MEDIANOS,4690.00,,2026-10-09
DAR,0000000001512,GUANTES MAPA PLISSE USO DIARIO GRANDES,4690.00,,2026-10-09
DAR,0000000007726,GUANTES MAPA PLISSE USO DIARIO EXT.GDES,4690.00,,2026-10-09
DAR,0000000024106,SHAMPOO PLUSBELLE PROTECCION 1L,4690.00,,2026-10-09
DAR,0000000024116,ACONDIC.PLUSBELLE PROTECCION 1L,4690.00,,2026-10-09
DAR,0000000029185,CHOCOLATE PARA TAZA BONAFIDE BLANCO 100G,4690.00,,2026-10-09
DAR,0000000032553,PAÑAL PAMPERS BABYSAN M 10U,4690.00,,2026-10-09
DAR,0000000033033,SHAMPOO PLUSBELLE NUTRICION INTENSA 700C,4690.00,,2026-10-09
DAR,0000000033848,ROLLO COC.ELITE 120/P ULTRA 2U.,4697.73,,2026-10-09
DAR,0000000023693,CREMA DENT.COLGATE HERBAL NATURAL 90G,4698.00,,2026-10-09
DAR,0000000026556,CREMA DENT.COLGATE KIDS FRUT.50G.,4698.00,,2026-10-09
DAR,0000000025869,EDULCORANTE HILERET STEVIA BOT 200C,4756.00,,2026-10-09
DAR,0000000018519,VINO CAFAYATE TORRONTES TARDIO 750CC,4790.00,,2026-10-09
DAR,0000000018520,VINO CAFAYATE CABERNET SAUVIGNON 750CC,4790.00,,2026-10-09
DAR,0000000018521,VINO CAFAYATE MALBEC 750CC,4790.00,,2026-10-09
DAR,0000000034367,DESODORANTE AXE MARSHMALLOW SMOKE 96G,4790.00,si,2026-10-09
DAR,0000000034368,DESODORANTE AXE WHITE VETIVER 96G,4790.00,si,2026-10-09
DAR,0000000034273,DETERG.CIF ACTIVE GEL ORIGINAL BOT 500C,4800.00,,2026-10-09
DAR,0000000034275,DETERG.CIF ACTIVE GEL LIMON BOT 500C,4800.00,,2026-10-09
DAR,0000000023939,GRANOLA CROCANTE GRANIX 350G,4825.00,,2026-10-09
DAR,0000000105481,DULCE DE LECHE ILOLAY REPOSTERO 400G,4826.00,,2026-10-09
DAR,0000000028484,ROLLO COC.ELEGANTE PREM.3 U.(120 PAÑOS),4889.00,,2026-10-09
DAR,0000000017900,PAPEL HIG.ELEGANTE H/S MAX BCO.4U 80M,4890.00,,2026-10-09
DAR,0000000020287,ACEITUNAS NUCETE VERDES PREMIUM FRASCO 220C,4890.00,,2026-10-09
DAR,0000000022722,GALLETITAS VAINILLAS VALENTE 444G,4890.00,,2026-10-09
DAR,0000000023317,PAN DULCE VALENTE S/FRUTAS 350G,4890.00,,2026-10-09
DAR,0000000027889,CREMA DENT.COLGATE MINIONS 100G.,4890.00,,2026-10-09
DAR,0000000038048,CEP.DENT.COLGATE ZIG ZAG CARBON MED. X2,4890.00,,2026-10-09
DAR,0000000120643,MANTECA LA SERENISIMA EXTRA PAQUETE 200G,4890.00,,2026-10-09
DAR,0000000033972,DESODORANTE PATRICHS GRAND PRIX 97G,4927.00,,2026-10-09
DAR,0000000016625,CHOCOLATE PARA TAZA BONAFIDE 100G.,4950.00,,2026-10-09
DAR,0000000024312,NUTELLA 140G,4990.00,,2026-10-09
DAR,0000000038282,VINO COLON VAR.TORRONTES VIOGNIER 750CC,4990.00,,2026-10-09
DAR,0000000104258,LECHUGA MANTECOSA K,4990.00,,2026-10-09
DAR,0000000112397,CERVEZA WARSTEINER RET 1L,4990.00,,2026-10-09
DAR,0000000116557,PATITAS DE POLLO PICANTE 400G,4990.00,,2026-10-09
DAR,0000000003574,"GAS SPRITE 1,5L",5053.00,,2026-10-09
DAR,0000000013035,"GAS SPRITE ZERO 1,5L",5053.00,,2026-10-09
DAR,0000000033634,PAN RALL.M.COCINA S/GLUTEN 350G.,5067.00,,2026-10-09
DAR,0000000013002,PAPEL MANTECA FROZENS ROLLO X 5MT.,5091.00,,2026-10-09
DAR,0000000026051,CREMA DENT.COLGATE LUMINOUS WHITE 70G,5190.00,,2026-10-09
DAR,0000000029225,GALLETITAS TERRABUSI VARIEDAD 590G,5190.00,,2026-10-09
DAR,0000000034063,DESODORANTE REXONA ALL BODY ROSE F 150C,5190.00,,2026-10-09
DAR,0000000034065,DESODORANTE REXONA ALL BODY OCEAN H 150C,5190.00,,2026-10-09
DAR,0000000034066,DESODORANTE REXONA ALL BODY FRESH H 150C,5190.00,,2026-10-09
DAR,0000000113199,CERVEZA AMSTEL LAGER 1L,5214.00,,2026-10-09
DAR,0000000025868,EDULCORANTE HILERET ZUCRA BOT 400C.,5224.66,,2026-10-09
DAR,0000000029253,BIZC.EXQUISITA VAINILLA LIBRE GLUTEN450G,5233.00,,2026-10-09
DAR,0000000117014,PAN INTEGRAL DON YEYO 100% 450G,5243.00,,2026-10-09
DAR,0000000111363,DULCE DE LECHE LA SERENISIMA REPOSTERO 400G,5247.00,,2026-10-09
DAR,0000000050300,MANTECA LA PAULINA 200G,5247.70,,2026-10-09
DAR,0000000002153,DESODORANTE COLBERT NOIR AER.150CC,5290.00,,2026-10-09
DAR,0000000008391,DESINFECTANTE LYSOFORM ORIGINAL 360C,5290.00,,2026-10-09
DAR,0000000008688,GALLETITAS TERRABUSI RHODESIA 4 UNIDADES 22G,5290.00,,2026-10-09
DAR,0000000009493,DESINFECTANTE LYSOFORM AIR MONT.360C,5290.00,,2026-10-09
DAR,0000000013423,DESINFECTANTE LYSOFORM BEBE AER.360C,5290.00,,2026-10-09
DAR,0000000014428,DESODORANTE ACQUA DI COLBERT AER.150CC,5290.00,,2026-10-09
DAR,0000000018060,DESINFECTANTE LYSOFORM FRES.CIT.AER.360C,5290.00,,2026-10-09
DAR,0000000018589,DESODORANTE AXE ANTI DARK TEMP.88G,5290.00,,2026-10-09
DAR,0000000020468,DESINFECTANTE LYSOFORM LAVANDA 360C,5290.00,,2026-10-09
DAR,0000000022549,DESODORANTE AXE ANTI APOLLO AER.88G,5290.00,,2026-10-09
DAR,0000000024807,DESINFECTANTE LYSOFORM FRUT.BOS.AER.360C,5290.00,,2026-10-09
DAR,0000000034433,DESODORANTE PAULA CAHEN DANVERS AER.123C,5290.00,,2026-10-09
DAR,0000000034434,DESODORANTE CAROCUORE AER.123C,5290.00,,2026-10-09
DAR,0000000034435,DESODORANTE CAROCUORE CUORE AER.123C,5290.00,,2026-10-09
DAR,0000000034593,DESODORANTE KEVIN DUBAI AER.150CC,5290.00,,2026-10-09
DAR,0000000034595,DESODORANTE PAULA AURA AER.123CC,5290.00,,2026-10-09
DAR,0000000038261,ACONDIC.SUAVE LARGO Y FUERTE 930C,5290.00,,2026-10-09
DAR,0000000038264,SHAMPOO SUAVE HIDRATACIÓN INTENSA 930C,5290.00,,2026-10-09
DAR,0000000028273,OBLEA MILKA BIS OREO 16 UNID. 105.6G,5322.00,,2026-10-09
DAR,0000000020694,HILO DENTAL COLGATE 2 UN(1GRATIS),5333.00,,2026-10-09
DAR,0000000022132,DESODORANTE CIEL NUIT AER.123CC,5333.00,,2026-10-09
DAR,0000000023213,DESODORANTE CIEL CRYSTAL AER.123CC,5333.00,,2026-10-09
DAR,0000000033896,DESODORANTE CIEL NOIR AER.123CC,5333.00,,2026-10-09
DAR,0000000034628,CABO METALICO DEA EXTENSIBLE HASTA 1.76M,5333.00,,2026-10-09
DAR,0000000113550,MANTECA LA SERENISIMA LIGHT 200G,5334.00,,2026-10-09
DAR,0000000000440,LIMPIADOR INODORO HARPIC EXTRA FUERTE 500C,5390.00,,2026-10-09
DAR,0000000002175,"GAS SPRITE 2,25L",5390.00,,2026-10-09
DAR,0000000007489,DESODORANTE DOVE ANT.ORIGINAL 87G.,5390.00,si,2026-10-09
DAR,0000000021762,PAN DULCE VALENTE C/FRUTAS Y PASAS 400G,5390.00,,2026-10-09
DAR,0000000026904,CREMA DENT.COLGATE HERBAL NATURAL 140G,5390.00,si,2026-10-09
DAR,0000000038050,DESODORANTE REXONA CLIN.AERO CLAS.F 91G,5390.00,si,2026-10-09
DAR,0000000106590,CERVEZA STELLA ARTOIS 975C.,5390.00,si,2026-10-09
DAR,0000000108516,"GAS SPRITE ZERO 2,25L",5390.00,,2026-10-09
DAR,0000000116997,LENTEJAS ROCKLETS ARCOR 130G.,5417.00,,2026-10-09
DAR,0000000116998,MANI COFLER BLOCK C/CHOCOLATE 130G,5417.00,,2026-10-09
DAR,0000000116999,MANI ROCKLETS C/CHOCOLATE 130G,5417.00,,2026-10-09
DAR,0000000117000,CONFITES BON-O-BON BITES 130G,5417.00,,2026-10-09
DAR,0000000028669,PAPEL HIG.ELEGANTE TRIPLE HOJA 4U 30M,5422.00,,2026-10-09
DAR,0000000016583,ACEITUNAS NUCETE VERDES DESCAROZADAS PREMIUM 180C,5449.00,,2026-10-09
DAR,0000000019221,ACONDIC.PANTENE RESTAURACION 200C,5490.00,,2026-10-09
DAR,0000000019222,SHAMPOO PANTENE RESTAURACIÓN 200C,5490.00,,2026-10-09
DAR,0000000021362,CEP.DENT.COLGATE MAX WHITE 2X1 MED,5490.00,,2026-10-09
DAR,0000000032702,ACONDIC. PANTENE PROVMIRACLES HIDR 200C,5490.00,,2026-10-09
DAR,0000000032790,SHAMPOO PANTENE PROVMIRACLES DETOX 200C,5490.00,,2026-10-09
DAR,0000000032791,ACONDIC. PANTENE PROVMIRACLES DETOX 200C,5490.00,,2026-10-09
DAR,0000000032796,ACONDIC. PANTENE PROVMIR EQUILIBRIO 200C,5490.00,,2026-10-09
DAR,0000000032797,SHAMPOO PANTENE PROVMIR EQUILIBRIO 200C,5490.00,,2026-10-09
DAR,0000000032870,SHAMPOO PANTENE PROVMIR VOLUMEN 200C,5490.00,,2026-10-09
DAR,0000000032871,ACONDIC. PANTENE PROVMIR VOLUMEN 200C,5490.00,,2026-10-09
DAR,0000000032875,ACONDIC. PANTENE PROVMIR LISO INFIN 200C,5490.00,,2026-10-09
DAR,0000000032878,SHAMPOO PANTENE PROVMIR REVITALIZA. 200C,5490.00,,2026-10-09
DAR,0000000032879,ACONDIC. PANTENE PROVMIR REVITALIZA 200C,5490.00,,2026-10-09
DAR,0000000033143,SHAMPOO PANTENE KERATINA 200CC,5490.00,,2026-10-09
DAR,0000000112926,RICOTTA GARCIA ENTERA B/SODIO 500GRS.,5516.00,,2026-10-09
DAR,0000000029254,BIZC.EXQUISITA CHOCOLATE LIBRE GLUTEN450,5525.00,,2026-10-09
DAR,0000000026320,PAPEL HIG.ELEGANTE H/S PREM.ALOE 4U 80M,5536.00,,2026-10-09
DAR,0000000028027,DESODORANTE INODORO VIM PAST OCEAN 100G,5550.00,,2026-10-09
DAR,0000000032228,SHAMPOO TIO NACHO ACLARANTE 200CC,5576.00,,2026-10-09
DAR,0000000000120,BAÑO CHOCOLATE AGUILA LECHE 150G,5585.00,,2026-10-09
DAR,0000000017547,BAÑO REPOSTERO AGUILA SEMI AMARGO 150G,5585.00,,2026-10-09
DAR,0000000029091,GALLETITAS PEPITOS 357G,5590.00,,2026-10-09
DAR,0000000034000,DESODORANTE REXONA CLIN.AERO.SPORT H 91G,5590.00,,2026-10-09
DAR,0000000034532,DESODORANTE REXONA CLIN.INV AER F 91G,5590.00,,2026-10-09
DAR,0000000034533,DESODORANTE REXONA CLIN.AERO.INV H 91G,5590.00,,2026-10-09
DAR,0000000018618,SERVILLET.ELITE GOLD NAVIDEÑA 35U.,5626.66,,2026-10-09
DAR,0000000000402,JUGO LIMON MINERVA BOTELLA 1L,5690.00,,2026-10-09
DAR,0000000005041,DESODORANTE DOVE ANT.PEPINO/TE VDE.89G,5690.00,,2026-10-09
DAR,0000000005049,DESODORANTE DOVE ANT.POMELO 87G,5690.00,,2026-10-09
DAR,0000000017757,DESODORANTE DOVE ANT.INVIS.DRY FEM.89G,5690.00,,2026-10-09
DAR,0000000020661,DESODORANTE DOVE ANT.MEN COMFORT PRO 89G,5690.00,,2026-10-09
DAR,0000000021761,PAN DULCE VALENTE C/CHIPS CHOC.400G,5690.00,,2026-10-09
DAR,0000000025931,PREMEZCLA P/PANES GLUTAL SIN GLUTEN 1K,5690.00,,2026-10-09
DAR,0000000026581,DESODORANTE DOVE ANT.INVIS.DRY MAS.89G,5690.00,,2026-10-09
DAR,0000000028043,DESODORANTE DOVE ANT.MEN ENERGY BOOST89G,5690.00,,2026-10-09
DAR,0000000029496,DESODORANTE DOVE ANT.AER.GRANADA 87G,5690.00,,2026-10-09
DAR,0000000033632,DESODORANTE AXE CHERRY SPRITZ 96G,5690.00,,2026-10-09
DAR,0000000033633,DESODORANTE AXE PEACH INFUSION 96G,5690.00,,2026-10-09
DAR,0000000033801,DESODORANTE DOVE ANT.AER.SENSIT 87G.,5690.00,,2026-10-09
DAR,0000000033996,DESODORANTE DOVE ANT.EXTRA FRESH HOM 89G,5690.00,,2026-10-09
DAR,0000000034629,SHAMPOO ELVIVE COLLAGEN LIFTER 200C,5690.00,si,2026-10-09
DAR,0000000034630,ACONDIC.ELVIVE COLLAGEN LIFTER 200C,5690.00,si,2026-10-09
DAR,0000000034288,ENJUAGUE BUCAL COLGATE PLAX ODOR 250C,5703.00,,2026-10-09
DAR,0000000038213,CREMA DENT.COLGATE TOTAL MINT 90G,5703.00,,2026-10-09
DAR,0000000004575,REPELENTE FUYI AER.170C,5790.00,,2026-10-09
DAR,0000000016930,VINO ELEMENTOS TORRONTES 750CC,5790.00,,2026-10-09
DAR,0000000038267,DESODORANTE AXE MARINE 147G,5790.00,,2026-10-09
DAR,0000000038268,DESODORANTE AXE MUSK 147G,5790.00,,2026-10-09
DAR,0000000106516,BROTE DE SOJA UNID.,5790.00,,2026-10-09
DAR,0000000032696,ENJUAGUE BUCAL COLGATE TOTAL 12 CARB 250,5829.30,,2026-10-09
DAR,0000000038162,COCTEL DE 4 FRUTAS MOLTO 820G,5841.00,,2026-10-09
DAR,0000000116865,POSTRE SER CHOCOLATE 2 X 95G,5848.00,,2026-10-09
DAR,0000000116227,PAN INTEGRAL DON YEYO 500GR,5869.00,,2026-10-09
DAR,0000000033716,CREMA DENT.COLGATE TOTAL ANTISARRO 90G,5890.00,,2026-10-09
DAR,0000000116857,FLAN DANETTE VAINILLA 2 X 95G,5913.00,,2026-10-09
DAR,0000000116858,POSTRE DANETTE CHOCOLATE 2 X 95G,5913.00,,2026-10-09
DAR,0000000116859,POSTRE DANETTE DULCE DE LECHE 2 X 95G,5913.00,,2026-10-09
DAR,0000000116879,POSTRE DANETTE PISTACHO 2 X 95G,5913.00,,2026-10-09
DAR,0000000116924,FLAN DANETTE DULCE DE LECHE 2 X 95G,5913.00,,2026-10-09
DAR,0000000032661,DETERG.CIF BIOACTIVE LIMA 750C,5919.00,,2026-10-09
DAR,0000000024957,DESODORANTE ACQUA DI COLBERT AER.250CC,5980.00,,2026-10-09
DAR,0000000029183,CHOCOLATE PARA TAZA BONAFIDE 60% CACAO 100G,5980.00,,2026-10-09
DAR,0000000023792,CHOCOLATE MILKA BCO C/DDL 67.5 GRS,5990.00,,2026-10-09
DAR,0000000032234,SHAMPOO TIO NACHO ACLARANTE D.P 400CC,5990.00,,2026-10-09
DAR,0000000032236,ACONDIC. TIO NACHO ACLARANTE D.P 400CC,5990.00,,2026-10-09
DAR,0000000034342,ACOND.FRUCTIS ALOE WATER 350C,5990.00,si,2026-10-09
DAR,0000000034343,SHAMPO FRUCTIS ALOE WATER 350C,5990.00,si,2026-10-09
DAR,0000000105813,TOMATE REDONDO K,5990.00,,2026-10-09
DAR,0000000023444,GALLETITAS TERRABUSI LINCOLN 459G,6044.00,,2026-10-09
DAR,0000000038234,JABON NIVEA ANTIBACTERIAL 3EN1 3 X 90G,6095.00,,2026-10-09
DAR,0000000024948,DESODORANTE KEVIN AER.250CC,6190.00,,2026-10-09
DAR,0000000024950,DESODORANTE KEVIN SPIRIT AER.250CC,6190.00,,2026-10-09
DAR,0000000029089,GALLETITAS OREO 354G,6190.00,,2026-10-09
DAR,0000000033895,DESODORANTE KEVIN ICE AER.250CC,6190.00,,2026-10-09
DAR,0000000034437,DESODORANTE KEVIN ABSOLUTE AER.250C,6190.00,,2026-10-09
DAR,0000000034594,DESODORANTE KEVIN DUBAI AER.250CC,6190.00,,2026-10-09
DAR,0000000104267,TOMATE PERITA K,6190.00,,2026-10-09
DAR,0000000110815,DULCE BATATA ARCOR CON CHOCOLATE K,6190.00,,2026-10-09
DAR,0000000116288,MED.GREEN LIFE LENTEJA/ZANAHORIA 4U,6200.00,,2026-10-09
DAR,0000000034348,PAPEL HIG.ELITE H/T SOFT&STRONG 4U 30M,6210.30,,2026-10-09
DAR,0000000032243,CREMA TEATRICAL HUMECTANTE 200G,6211.00,,2026-10-09
DAR,0000000022070,REPUESTO GILLETTE MACH 3 1U,6290.00,,2026-10-09
DAR,0000000024299,CEP.DENT.COLGATE 360 2X1 SUAVE,6290.00,,2026-10-09
DAR,0000000009478,DESODORANTE GLADE TOQUE LAVANDA REP,6338.00,,2026-10-09
DAR,0000000013748,DESODORANTE GLADE TOQUE LIMON REP,6338.00,,2026-10-09
DAR,0000000019445,DESODORANTE GLADE TOQUE P.FLOR/F.ROJ REP,6338.00,,2026-10-09
DAR,0000000024745,ENJUAGUE BUCAL COLGATE PLAX ICE INF.500C,6338.00,,2026-10-09
DAR,0000000026598,DESODORANTE INODORO HARPIC BLOQ 100G.2U,6338.00,,2026-10-09
DAR,0000000026846,CEP.DENT.COLGATE TWIST. 3X2,6338.00,,2026-10-09
DAR,0000000026851,ENJUAGUE BUCAL COLGATE PLAX MENT.FLU 500,6338.00,,2026-10-09
DAR,0000000033539,REPELENTE SELTON USO COTIDIANO 165C,6338.00,,2026-10-09
DAR,0000000034221,CEP.DENT.COLGATE 2X1 SMILES MINIONS,6338.00,,2026-10-09
DAR,0000000028868,BIZC.AGUILA CHOCOLATE 540G,6351.00,,2026-10-09
DAR,0000000019510,SHAMPOO HEAD SHO PROTECCION CAIDA 180C,6490.00,,2026-10-09
DAR,0000000023168,CHOCOLATE SHOT 90G,6490.00,,2026-10-09
DAR,0000000029753,DESODORANTE REXONA ANT.ACT.EMOT.148G,6490.00,,2026-10-09
DAR,0000000029754,DESODORANTE REXONA ANT.V8 HOMB.148G,6490.00,,2026-10-09
DAR,0000000034059,DESODORANTE DOVE ALL BODY LAVEN F 150C,6490.00,,2026-10-09
DAR,0000000034060,DESODORANTE DOVE ALL BODY RASPB F 150C,6490.00,,2026-10-09
DAR,0000000034061,DESODORANTE DOVE ALL BODY SHEA H 150C,6490.00,,2026-10-09
DAR,0000000034062,DESODORANTE DOVE ALL BODY FIG.SUED H150C,6490.00,,2026-10-09
DAR,0000000038068,DESODORANTE REXONA ANT.COT DR.148G,6490.00,,2026-10-09
DAR,0000000038069,DESODORANTE REXONA ANT.XTRAC.H 148G,6490.00,,2026-10-09
DAR,0000000034173,CREMA DENT.COLGATE TRIPLE ACCION 180G,6590.00,,2026-10-09
DAR,0000000024951,DESODORANTE CHESTER ICE AER.250CC,6592.00,,2026-10-09
DAR,0000000028570,PERF.P/TELAS POETT S./PRIMAVERA D/P 250C,6592.00,,2026-10-09
DAR,0000000028571,PERF.P/TELAS POETT S./ALGODON D/P 250C,6592.00,,2026-10-09
DAR,0000000029248,QUITAMANCHA AYUDIN BCOS INTENSOS FLOR.2L,6592.00,,2026-10-09
DAR,0000000116977,YOGUR ILOLAY PROTEINA 65G. VAINILLA 950G,6599.00,,2026-10-09
DAR,0000000026360,REPELENTE OFF CREMA FAMILY ACT.196G.,6603.00,,2026-10-09
DAR,0000000115364,PAPAS FRITAS JULICROC CORTE AMERICANO 270G,6715.00,,2026-10-09
DAR,0000000032212,BATERIA DURACELL 9V,6719.00,,2026-10-09
DAR,0000000033995,DESODORANTE DOVE CLIN. AERO FEM 91G,6795.00,,2026-10-09
DAR,0000000033998,DESODORANTE DOVE CLIN.AERO H 91G,6795.00,,2026-10-09
DAR,0000000028708,DETERG.MAGISTRAL ULTRA MARINA 750C,6890.00,,2026-10-09
DAR,0000000028709,DETERG.MAGISTRAL ULTRA LIMON 750C,6890.00,,2026-10-09
DAR,0000000029697,PAPEL HIG.ELITE H/S CUIDADO CLAS. 4U 80M,6890.00,,2026-10-09
DAR,0000000034277,DETERG.CIF ACTIVE GEL LIMON BOT 750C,6973.00,,2026-10-09
DAR,0000000000276,REPELENTE OFF AEROSOL 170C,6990.00,,2026-10-09
DAR,0000000028799,DESODORANTE INODOR.PATO BLOQ MOCH. 2X40G,7190.00,,2026-10-09
DAR,0000000034384,VINO LOS CARDOS SAUV.BLANC PRIVATE 750CC,7190.00,,2026-10-09
DAR,0000000021488,CREMA DENT.COLGATE SENSIT.PRO ALIVIO 110,7227.00,,2026-10-09
DAR,0000000034400,JABON TOC.PALMOLIVE NAT. KARITE 8X85G,7306.00,,2026-10-09
DAR,0000000027234,DESODORANTE PIES EFFICIENT ORIG.AER.153C,7316.00,,2026-10-09
DAR,0000000032170,CEP.DENT.SENSODYNE COMPLETE CARE SOFT,7354.00,,2026-10-09
DAR,0000000032042,CHOCOLATE CADBURY TRES SUEÑOS.TAB.82G,7390.00,,2026-10-09
DAR,0000000034438,CAPS. NESP.BONAFIDE FORTE EXTRA INT.10U,7390.00,,2026-10-09
DAR,0000000034440,CAPS. NESP.BONAFIDE ESPRESSO INTENSO 10U,7390.00,,2026-10-09
DAR,0000000034739,AROMATIZANTE POETT HUELLITAS GAT.400ML,7480.00,,2026-10-09
DAR,0000000023963,CREMA DENT.COLGATE ORIG.PROT.ANTICA.180G,7490.00,,2026-10-09
DAR,0000000008686,ALFAJOR TERRABUSI CHOCOLATE 6UNIDADES50G,7590.00,,2026-10-09
DAR,0000000010149,CHOCOLATE PARA TAZA AGUILA 100 G.,7603.00,,2026-10-09
DAR,0000000022084,CHOCOLATE AGUILA BLANCO 100G,7603.00,,2026-10-09
DAR,0000000033256,CREMA TEATRICAL ACLARADORA 200G,7607.30,,2026-10-09
DAR,0000000038093,PAPEL HIG.ELITE H/D ULTRA SUAVE 4U 50M,7607.30,,2026-10-09
DAR,0000000029752,DESODORANTE DOVE ANT.ORIGINAL 145G.,7690.00,,2026-10-09
DAR,0000000001723,AZAFRAN ALICANTE 2 CAPSULAS 2G,7862.00,,2026-10-09
DAR,0000000038075,DESODORANTE DOVE MEN COMFORT PROTEC 148G,7980.00,,2026-10-09
DAR,0000000003406,CHOCOLATE KINDER 8 BARRITAS,7990.00,,2026-10-09
DAR,0000000032510,CREMA DENT.SENSODYNE COMP.PROTEC.90G,7990.00,,2026-10-09
DAR,0000000116355,PAN BIMBO ART. MASA MADRE INTEGRAL 500G,7990.00,,2026-10-09
DAR,0000000025110,EDULCORANTE HILERET STEVIA 200 SOBRES,8038.66,,2026-10-09
DAR,0000000017621,LENTEJAS MINI ROCKLETS ARCOR 150G,8132.00,,2026-10-09
DAR,0000000034113,ESCOBILLON VIRULANA INTERIOR PRO SLIM,8173.00,,2026-10-09
DAR,0000000023280,COLOR COR INTENSA 1.0 NEGRO INT. KIT,8290.00,,2026-10-09
DAR,0000000023286,COLOR COR INTENSA 5.0 CAST.CLARO KIT,8290.00,,2026-10-09
DAR,0000000023290,COLOR COR INTENSA 6.6 ROJO INT. KIT,8290.00,,2026-10-09
DAR,0000000034364,VINO DOÑA PAULA ESTATE RED BLEND 750C,8290.00,,2026-10-09
DAR,0000000034648,VINO DOÑA PAULA ESTATE SAUV.BLANC 750CC,8290.00,,2026-10-09
DAR,0000000038214,CREMA DENT.COLGATE TOTAL MINT 140G,8370.00,,2026-10-09
DAR,0000000111769,"CAPS. NESP. LA VIRGINIA INTENSO 10/5,2",8452.00,,2026-10-09
DAR,0000000056012,MANTECA COM-PRO 500G,8690.00,,2026-10-09
DAR,0000000021943,CREMA DENT.COLGATE LUMINOUS WHITE 90G,8751.00,,2026-10-09
DAR,0000000105897,RICOTTA GARCIA ENTERA BAJA EN SODIO K,8860.00,,2026-10-09
DAR,0000000033534,REPELENTE SELTON EXTRA DURACION 165C,8878.00,,2026-10-09
DAR,0000000116236,POSTRE DANETTE CHOCOLATE 4 X 95G,8912.00,,2026-10-09
DAR,0000000116537,POSTRE DANETTE DULCE DE LECHE 4 X 95G,8912.00,,2026-10-09
DAR,0000000011088,VINO TRUMPETER CABERNET SAUVIGNON 750CC,8940.00,,2026-10-09
DAR,0000000016119,VINO TRUMPETER MALBEC 750CC,8940.00,,2026-10-09
DAR,0000000021843,VINO TRUMPETER SAUVIGNON BLANC 750CC,8940.00,,2026-10-09
DAR,0000000021844,VINO TRUMPETER SYRAH 750CC,8940.00,,2026-10-09
DAR,0000000032109,VINO TRUMPETER CABERNET FRANC 750CC,8940.00,,2026-10-09
DAR,0000000019223,ACONDIC.PANTENE RESTAURACION 400C,8950.00,,2026-10-09
DAR,0000000019224,SHAMPOO PANTENE RESTAURACION 400C,8950.00,,2026-10-09
DAR,0000000028698,SHAMPOO PANTENE BAMBOO 400C,8950.00,,2026-10-09
DAR,0000000032787,SHAMPOO PANTENE PROVMIRACLES DETOX 400C,8950.00,,2026-10-09
DAR,0000000032788,ACONDIC. PANTENE PROVMIRACLES DETOX 400C,8950.00,,2026-10-09
DAR,0000000032792,SHAMPOO PANTENE PROVMIR EQUILIBRIO 400C,8950.00,,2026-10-09
DAR,0000000032872,SHAMPOO PANTENE PROVMIR VOLUMEN 400C,8950.00,,2026-10-09
DAR,0000000032873,ACONDIC. PANTENE PROVMIR VOLUMEN 400C,8950.00,,2026-10-09
DAR,0000000032880,SHAMPOO PANTENE PROVMIR REVITALIZA. 400C,8950.00,,2026-10-09
DAR,0000000022568,AFEIT.GILLETTE VENUS SIMPLY 3 SUAVE 2U.,9099.00,,2026-10-09
DAR,0000000032460,ESPUMA AFEIT.GILLETTE SENSITIVE 175G,9132.00,,2026-10-09
DAR,0000000032461,ESPUMA AFEIT.GILLETTE MENTOL 175G,9132.00,,2026-10-09
DAR,0000000011080,VINO LATITUD 33 MALBEC 750CC,9164.00,,2026-10-09
DAR,0000000024744,CEP.DENT.COLGATE S.SOFT BLACK 2X1,9259.00,,2026-10-09
DAR,0000000032171,CEP.DENT.SENSODYNE REPARA Y PROTEGE X2,9259.00,,2026-10-09
DAR,0000000050432,MANTECA PRIMER PREMIO 500 G.,9355.00,,2026-10-09
DAR,0000000023339,CREMA ST.IVES CORP.REAFIRMANTE 532C,9650.00,,2026-10-09
DAR,0000000022221,TOALLAS KOTEX NORMAL 16U,9769.00,,2026-10-09
DAR,0000000009516,LECHE* POL.COM-PRO ENTERA C/CALCIO 800G.,9850.00,,2026-10-09
DAR,0000000018522,REPELENTE OFF EXTRA DURACION AER.165C,9850.00,,2026-10-09
DAR,0000000027321,CREMA DENT.COLGATE LUMINOUS WHITE 140G,9894.00,,2026-10-09
DAR,0000000003129,CHOCOLATE PARA TAZA AGUILA 150G.,10059.00,,2026-10-09
DAR,0000000001913,REPELENTE OFF SPRAY FAMILY 177C,10148.00,,2026-10-09
DAR,0000000116507,HELADO FREDDO D. LECHE TENTACION 320G,10544.00,,2026-10-09
DAR,0000000023340,CREMA ST IVES CORP.AVENA KARITE 532C,10590.00,,2026-10-09
DAR,0000000021845,CHAMP. TRUMPETER EXTRA BRUT 750C,10980.00,si,2026-10-09
DAR,0000000022709,CHOCOLATE SHOT 170G,10990.00,,2026-10-09
DAR,0000000034637,SHAMPOO ELVIVE COLLAGEN LIFTER 400C,10990.00,,2026-10-09
DAR,0000000034638,ACONDIC.ELVIVE COLLAGEN LIFTER 400C,10990.00,,2026-10-09
DAR,0000000102547,DULCE DE LECHE MILKAUT REPOSTERO 1K,11229.00,,2026-10-09
DAR,0000000028631,SHAMPOO FRUCTIS HAIR FOOD AGUACATE 300C,11418.00,,2026-10-09
DAR,0000000028632,ACONDIC. FRUCTIS HAIR FOOD AGUACATE 300C,11418.00,,2026-10-09
DAR,0000000033242,CREMA DENT.SENSODYNE COMP.PROTEC.140G,11418.00,,2026-10-09
DAR,0000000109147,NUTELLA 350G,11490.00,,2026-10-09
DAR,0000000034388,VINO TRUMPETER MALBEC RESERVE 750CC,11690.00,si,2026-10-09
DAR,0000000025923,TOALLAS KOTEX NOCTURNA 16U,11859.00,,2026-10-09
DAR,0000000034269,SUAVIZ.ROPA COMFORT FRESC INTENSO BOT 1L,11926.00,,2026-10-09
DAR,0000000051036,QUESO CREMOSO LACTEOS ROSARIO K,11990.00,,2026-10-09
DAR,0000000111020,PUCHERO TERNERA K,11990.00,,2026-10-09
DAR,0000000011076,VINO TERRAZAS ALTOS PLATA MALBEC 750CC,12388.00,,2026-10-09
DAR,0000000025847,CHOCOLATE MILKA OREO BLANCO 155G,12390.00,,2026-10-09
DAR,0000000026098,CHOCOLATE MILKA LECHE 150G,12390.00,,2026-10-09
DAR,0000000026099,CHOCOLATE MILKA ALMENDRAS 155G,12390.00,,2026-10-09
DAR,0000000026100,CHOCOLATE MILKA CASTAÑAS 155G,12390.00,,2026-10-09
DAR,0000000032220,AGUA MICELAR TEATRICAL HUMECTANTE 600C,12687.30,,2026-10-09
DAR,0000000033672,ACONDIC. PANTENE PROVMIRACLES ANTICA.510,12688.00,,2026-10-09
DAR,0000000033774,ACONDIC. PANTENE PROVMIRACLES KERAT.510C,12688.00,,2026-10-09
DAR,0000000034511,SPRAY WASSINGTON WATERPROOF 110G,12688.00,,2026-10-09
DAR,0000000050826,MANTECA LA PAULINA 500G,12867.20,,2026-10-09
DAR,0000000025305,PROT. DIARIOS KOTEX ESENCIAL S/P 60U,12984.60,,2026-10-09
DAR,0000000111036,AHUJA TERNERA K,12990.00,,2026-10-09
DAR,0000000032040,CHOCOLATE CADBURY YOG-FRUT.162G,13490.00,,2026-10-09
DAR,0000000038199,SUAVIZ.ROPA DOWNY BRISA INTENSO BOT 1L,13490.00,,2026-10-09
DAR,0000000116565,CERVEZA MICHELOB ULTRA SIN GLUTEN 6U.473,13490.00,,2026-10-09
DAR,0000000013734,QUITAMANCHAS VANISH POLVO POTE 450G,13958.00,,2026-10-09
DAR,0000000016984,QUITAMANCHAS VANISH WHITE POLVO 450G,13958.00,,2026-10-09
DAR,0000000113201,CERVEZA AMSTEL LAGER LATA 6U.473CC,14590.00,,2026-10-09
DAR,0000000029883,VINO D.V. CATENA CABERNET MALBEC 750C,14690.00,si,2026-10-09
DAR,0000000051031,QUESO BARRA LACTEOS ROSARIO K,14990.00,,2026-10-09
DAR,0000000122960,PATA DE TERNERA ENTERA K,14990.00,,2026-10-09
DAR,0000000033729,REPUESTO GILLETTE MACH 3 CARBONO 2U,15228.00,,2026-10-09
DAR,0000000034579,CAPSULAS SEGAFREDO INTENSO 10U,15300.00,,2026-10-09
DAR,0000000111024,FALDA TERNERA K,15490.00,,2026-10-09
DAR,0000000032458,ESPUMA AFEIT.GILLETTE REGULAR 312G,15890.00,,2026-10-09
DAR,0000000033903,CREMA NIVEA ROSE HIDRATANTE GEL 50C,15890.00,,2026-10-09
DAR,0000000105873,TOMATE CHERRY ESPECIAL,15900.00,,2026-10-09
DAR,0000000033269,ESPUMA AFEIT.GILLETTE SENSITIVE 312G,16244.00,,2026-10-09
DAR,0000000033928,PANCAKE GRANGER PROTEICO CHOCOLATE 400G,16490.00,,2026-10-09
DAR,0000000033933,PANCAKE GRANGER PROTEICO VAINILLA 400G,16490.00,,2026-10-09
DAR,0000000111014,AZOTILLO TERNERA K,17490.00,,2026-10-09
DAR,0000000116165,CERVEZA STELLA ARTOIS S/A LATA 6U.473CC,17790.00,,2026-10-09
DAR,0000000111015,MATAMBRE TERNERA K,17990.00,,2026-10-09
DAR,0000000111591,CERVEZA STELLA ARTOIS LATA 6U.473CC,18950.00,,2026-10-09
DAR,0000000111019,MARUCHA TERNERA K,18990.00,,2026-10-09
DAR,0000000115928,CERVEZA STELLA ARTOIS LAGER LATA 4U.710C,19890.00,,2026-10-09
DAR,0000000034002,VINO D.V. CATENA MALBEC 750C,19990.00,,2026-10-09
DAR,0000000111016,BRAZUELO C/HUESO TERNERA K,19990.00,,2026-10-09
DAR,0000000111018,CHINGOLITO TERNERA K,19990.00,,2026-10-09
DAR,0000000111021,TAPA ASADO TERNERA K,19990.00,,2026-10-09
DAR,0000000111026,CABEZA DE LOMO TERNERA K,19990.00,,2026-10-09
DAR,0000000111028,JAMON CUADRADO TERNERA K,19990.00,,2026-10-09
DAR,0000000122883,PICAÑA TERNERA K,19990.00,,2026-10-09
DAR,0000000116038,CERVEZA AMSTEL LAGER LATA 6U.710CC,20690.00,,2026-10-09
DAR,0000000111035,COSTELETAS GRANDES TERNERA K,20990.00,,2026-10-09
DAR,0000000115935,CERVEZA WARSTEINER LATA 6U.473CC,20990.00,,2026-10-09
DAR,0000000033728,AFEIT.VENUS SKIN PROTECT SENSITIVE,21578.00,,2026-10-09
DAR,0000000116950,CERVEZA STELLA ARTOIS PURE GOLD 6U.473CC,22390.00,,2026-10-09
DAR,0000000111017,PALETA TERNERA K,22490.00,,2026-10-09
DAR,0000000034633,SERUM ELVIVE COLLAGEN LIFTER 100C,22848.00,,2026-10-09
DAR,0000000025130,WHISKY WHITE HORSE 750C,22890.00,,2026-10-09
DAR,0000000113585,CERVEZA STELLA ARTOIS NOIRE LATA 6U.473C,23350.00,,2026-10-09
DAR,0000000104058,QUESO PATEGRAS ILOLAY K,23490.00,si,2026-10-09
DAR,0000000112148,TAPA DE NALGA TERNERA K,23490.00,,2026-10-09
DAR,0000000051030,QUESO SARDO FRESCO LACTEOS ROSARIO,23890.00,,2026-10-09
DAR,0000000111025,NALGA TERNERA K.,23990.00,,2026-10-09
DAR,0000000111034,COSTELETAS REDONDAS TERNERA K,23990.00,,2026-10-09
DAR,0000000111022,COSTILLA TERNERA K,24990.00,,2026-10-09
DAR,0000000111027,CUADRIL TERNERA K,25990.00,,2026-10-09
DAR,0000000111040,MAR DEL PLATA TERNERA K,25990.00,,2026-10-09
DAR,0000000111023,VACIO TERNERA K,26990.00,,2026-10-09
DAR,0000000111029,JAMON REDONDO TERNERA K,27990.00,,2026-10-09
DAR,0000000050028,QUESO PATEGRAS LA PAULINA K,28490.00,,2026-10-09
DAR,0000000034020,VINO ANGELICA ZAPATA MALBEC 750C,28790.00,,2026-10-09
DAR,0000000008121,GIN BEEFEATER 700C,29900.00,,2026-10-09
DAR,0000000111030,LOMO TERNERA K,29990.00,,2026-10-09
DAR,0000000108255,QUESO PATEGRAS LA SERENISIMA SIN LACTOSA K,32051.00,,2026-10-09
DAR,0000000016645,OBLEA NUGATON LECHE 27G,950.00,,2026-10-09
DAR,0000000034155,CUBANITO ARBANIT REL.DULCE DE LECHE,1090.00,,2026-10-09
DAR,0000000027080,ALFAJOR BON-O-BON LECHE BLANCO 40G,1190.00,,2026-10-09
DAR,0000000029521,LECHE LAS 3 NIÑAS CHOCOLATADA 200C,1390.00,,2026-10-09
DAR,0000000103950,FLAN ILOLAY VAINILLA CARAMELO C/DULCE DE LECHE 110G,1390.00,si,2026-10-09
DAR,0000000106694,POSTRE ILOLAY DULCE D/LECHE 120G,1390.00,si,2026-10-09
DAR,0000000028075,OBLEA BON O BON LECHE 30G,1469.00,,2026-10-09
DAR,0000000017603,GALLETITAS MANA CON LECHE 136G,1555.00,,2026-10-09
DAR,0000000032631,GALLETITAS BONAFIDE DONUTS LECHE 52G,1586.23,,2026-10-09
DAR,0000000102353,LECHE* ARMONIA DESC 1 TGRASO SACH.1L,1929.00,,2026-10-09
DAR,0000000112554,LECHE* ARMONIA DESC 2 TGRASO SACH.1L,1929.00,,2026-10-09
DAR,0000000033326,LECHE L/VIDA APOSTOLES DESCREM.1L,1990.00,,2026-10-09
DAR,0000000033327,LECHE L/VIDA APOSTOLES ENT. LIVIANA 1L,1990.00,,2026-10-09
DAR,0000000105400,DULCE DE LECHE ILOLAY 200G,1990.00,,2026-10-09
DAR,0000000029231,LECHE L/VIDA LAS 3 NIÑAS PARC.DESC.1% 1L,2049.00,,2026-10-09
DAR,0000000029232,LECHE L/VIDA LAS 3 NIÑAS ENT.2% 1L,2049.00,,2026-10-09
DAR,0000000033065,LECHE L/VIDA LAS 3 NIÑAS DESCREM. 0% 1L,2049.00,,2026-10-09
DAR,0000000103725,LECHE* L/VIDA ILOLAY ENT.1L,2120.00,si,2026-10-09
DAR,0000000103726,LECHE* L/VIDA ILOLAY DESC.1L,2120.00,si,2026-10-09
DAR,0000000112941,LECHE* LA SERENISIMA DESC.1%MULT.SACH 1L,2135.00,,2026-10-09
DAR,0000000113509,LECHE*LA SERENISIMA ENT.3% MULT.SACH.1L,2135.00,,2026-10-09
DAR,0000000026692,ALIMENTO GATO RAZA POLLO Y LECHE AD.500G,2190.00,,2026-10-09
DAR,0000000033328,LECHE L/VIDA LAS 3 NIÑAS DESLACTOSADA 1L,2230.00,,2026-10-09
DAR,0000000116946,LECHE* LA SERENISIMA DES.0.LACT.SACH 1L,2240.00,,2026-10-09
DAR,0000000034381,LECHE L/VIDA LAS 3 NIÑAS PROT.DESC.0% 1L,2320.00,,2026-10-09
DAR,0000000112276,LECHE* LA SERENISIMA ENT.L/V 3%CARTON 1L,2340.00,,2026-10-09
DAR,0000000113477,LECHE*LA SERENISIMA DESC.L/V 1%CARTON 1L,2340.00,,2026-10-09
DAR,0000000114135,LECHE*LA SERENISIMA DESC.2%T.CARTON 1L,2340.00,,2026-10-09
DAR,0000000025118,CONITO CACHAFAZ RELLENO D.LECHE 38G,2344.00,,2026-10-09
DAR,0000000016629,GALLETITAS BONAFIDE DONUTS LECHE 78G,2350.00,,2026-10-09
DAR,0000000102534,LECHE L/VIDA MILKAUT ENT.1L,2390.00,,2026-10-09
DAR,0000000102535,LECHE LARGA VIDA MILKAUT DESCREMADA 1L,2390.00,,2026-10-09
DAR,0000000113359,LECHE*LA SERENISIMA ENT.L/V 3% PET 1L,2390.00,,2026-10-09
DAR,0000000113360,LECHE*LA SERENISIMA DESC.L/V 1% PET 1L,2390.00,,2026-10-09
DAR,0000000114039,CREMA DE LECHE ILOLAY 200G VIT.A/D,2390.00,si,2026-10-09
DAR,0000000012028,GALLETITAS OKEBON LECHE CLASICA 273G,2412.00,,2026-10-09
DAR,0000000024003,GALLETITAS OKEBON LECHE CHOCOLATADA 273,2412.00,,2026-10-09
DAR,0000000024006,GALLETITAS OKEBON LECHE C/DCE LECHE 273G,2412.00,,2026-10-09
DAR,0000000113362,LECHE*LA SERENISIMA L/V DESC.ZERO LAC.1L,2460.00,si,2026-10-09
DAR,0000000113417,LECHE*LA SERENISIMA PROT.DESC.0% PET 1L,2460.00,si,2026-10-09
DAR,0000000004413,DULCE DE LECHE COM-PRO 400G,2490.00,si,2026-10-09
DAR,0000000115325,LECHE*LA SERENISIMA DESC.C/PREB.PET 1L,2490.00,,2026-10-09
DAR,0000000116869,LECHE* LA SERENISIMA E/CAL.COLAG PET.1L,2490.00,,2026-10-09
DAR,0000000115696,LECHE ACTIMEL ENT.FRUTILLA 100G,2523.00,,2026-10-09
DAR,0000000116416,LECHE ACTIMEL VITAMINA C CITRUS 100G,2523.00,,2026-10-09
DAR,0000000105412,DULCE DE LECHE ILOLAY 400G,2980.00,si,2026-10-09
DAR,0000000116340,CREMA DE LECHE MILKAUT 200CC,3116.00,,2026-10-09
DAR,0000000113712,DULCE DE LECHE MILKAUT 245G,3125.00,,2026-10-09
DAR,0000000019136,DULCE DE LECHE SAN IGNACIO 400G,3190.00,,2026-10-09
DAR,0000000103659,LECHE ILOLAY KIDS CHOC.L/VIDA 1L,3190.00,si,2026-10-09
DAR,0000000112918,CREMA DE LECHE LA SERENISIMA LIV.UAT.200,3221.00,,2026-10-09
DAR,0000000109885,CREMA DE LECHE LA PAULINA 200CC.,3229.40,,2026-10-09
DAR,0000000112540,CREMA DE LECHE LA SERENISIMA 20%T.G.200C,3235.00,,2026-10-09
DAR,0000000115896,LECHE CHOCOLATADA LA SERENISIMA 1L,3290.00,si,2026-10-09
DAR,0000000115508,DULCE DE LECHE LA SERENISIMA CLASICO 250G,3384.00,,2026-10-09
DAR,0000000115733,LECHE CINDOR CHOCOL.200CC.,3421.00,,2026-10-09
DAR,0000000033738,CHOCOL. HERSHEYS CON LECHE 82G.,3490.00,,2026-10-09
DAR,0000000113452,DULCE DE LECHE LA SERENISIMA COLONIAL 250G,3515.00,,2026-10-09
DAR,0000000112336,CREMA D/LECHE LA SERENISIMA 200C,3540.00,,2026-10-09
DAR,0000000033736,CHOCOL. HERSHEYS LECHE AIREADO 85G.,3590.00,,2026-10-09
DAR,0000000108929,DULCE DE LECHE LA SERENISIMA CLASICO 400G,3980.00,,2026-10-09
DAR,0000000106652,DULCE DE LECHE MILKAUT 400G,4074.00,,2026-10-09
DAR,0000000001783,LECHE SOJA ADES NATURAL 1L,4084.00,,2026-10-09
DAR,0000000115871,CREMA DE LECHE LA SERENISIMA Z.LACT.200C,4088.00,,2026-10-09
DAR,0000000113711,CREMA DE LECHE MILKAUT 330CC,4290.00,si,2026-10-09
DAR,0000000113429,DULCE DE LECHE LA SERENISIMA COLONIAL 400G,4390.00,,2026-10-09
DAR,0000000114040,CREMA DE LECHE DOBLE ILOLAY 350C VIT.A/D,4590.00,si,2026-10-09
DAR,0000000113492,LECHE*LA SERENISIMA POLVO DESC.LIV.200G,4750.00,,2026-10-09
DAR,0000000113505,LECHE*LA SERENISIMA POLVO ENT.BOLSA 200G,4750.00,,2026-10-09
DAR,0000000000999,LECHE CONDENSADA NESTLE 395G.,4761.23,,2026-10-09
DAR,0000000021100,LECHE CONDENSADA NESTLE DESCREM. 395G.,4761.23,,2026-10-09
DAR,0000000116867,POSTRE SERENITO DULCE DE LECHE 2 X 95G,5122.00,,2026-10-09
DAR,0000000110511,LECHE CINDOR CHOCOL.1L,5190.00,si,2026-10-09
DAR,0000000109886,CREMA DE LECHE LA PAULINA 350CC.,5330.00,,2026-10-09
DAR,0000000014812,LECHE POL. PURISIMA ENT. 400G.,5390.00,,2026-10-09
DAR,0000000014813,LECHE POL. PURISIMA DESC. 400G.,5390.00,,2026-10-09
DAR,0000000112539,CREMA DE LECHE LA SERENISIMA 20%T.G 330C,5508.00,,2026-10-09
DAR,0000000025019,CAPPUCCINO LA VIRGINIA DULCE DE LECHE 155G,5603.00,,2026-10-09
DAR,0000000032114,LECHE POL. PURISIMA DESLACTOSADA 400G.,6190.00,,2026-10-09
DAR,0000000111918,LECHE DE ALMENDRA ADES 1L,6833.00,,2026-10-09
DAR,0000000020125,LECHE POL.NIDO FORT. GROW BOLSA 370G.,7190.00,,2026-10-09
DAR,0000000023120,LECHE POL.SVELTY EXTRA CALCIO 370G-,7303.00,,2026-10-09
DAR,0000000034082,LECHE POL. GENOVA ENT. 800G.,7390.00,,2026-10-09
DAR,0000000115901,LECHE DE ALMENDRA SILK ENDULZADA 1L,7472.00,,2026-10-09
DAR,0000000115932,LECHE DE ALMENDRA SILK VAINILLA S/A 1L,7472.00,,2026-10-09
DAR,0000000106796,LECHE*POLVO ILOLAY DESC.5G.DISP.30UNID,7590.00,,2026-10-09
DAR,0000000034189,LECHE POL. APOSTOLES ENT. 800G,8890.00,,2026-10-09
DAR,0000000034190,LECHE POL. APOSTOLES DESC. 800G,8890.00,,2026-10-09
DAR,0000000113479,LECHE*LA SERENISIMA POLVO DESC.400G,8964.00,,2026-10-09
DAR,0000000032664,LECHE POL.SVELTY DESLACTOSADA LAT.350G,9066.53,,2026-10-09
DAR,0000000113825,CHOCOL.COFLER AIR BCO/LECHE 100G.,9159.00,,2026-10-09
DAR,0000000116838,FRAMBUESA AGUILA BAÑAD.CHOCOL/LECHE 150G,9244.00,,2026-10-09
DAR,0000000116799,FRAMBUESAS FRANUI BAÑAD.CHOC.LECHE 150G,9450.00,,2026-10-09
DAR,0000000113478,LECHE*LA SERENISIMA POLVO ENT.400G,9461.00,,2026-10-09
DAR,0000000021406,LECHE* POL.SQUADRA AZUC.EST.800G,9640.00,,2026-10-09
DAR,0000000021598,LECHE* POL.COM-PRO DESC.800 G,9850.00,,2026-10-09
DAR,0000000401301,DULCE DE LECHE ILOLAY 1K,10196.00,,2026-10-09
DAR,0000000012758,LECHE POL. PURISIMA ENT. 800G.,10390.00,,2026-10-09
DAR,0000000020676,LECHE* POL.SQUADRA ENT 800G,10490.00,,2026-10-09
DAR,0000000028623,CHOCOL.COFLER LECHE C/ALMENDRAS 140G,11331.00,,2026-10-09
DAR,0000000116413,LECHE LA SERENISIMA POLVO Z/LACT DES400G,11536.00,,2026-10-09
DAR,0000000022091,LECHE POL.LA LECHERA/ZINC 800G,12637.00,,2026-10-09
DAR,0000000021428,LECHE POL. NIDO LEP FORTI-GROW 750G.,12890.00,,2026-10-09
DAR,0000000007563,LECHE POL.LA PAULINA ENT.800G,13490.00,,2026-10-09
DAR,0000000021737,LECHE POL.NIDO 3 DEFENSA 800G,17260.00,,2026-10-09
DAR,0000000115717,YOGUR GRAN COMPRA FIRME FRUTILLA 120G,780.00,si,2026-10-09
DAR,0000000115718,YOGUR GRAN COMPRA FIRME VAINILLA 120G,780.00,si,2026-10-09
DAR,0000000115990,YOGUR GRAN COMPRA DESCREMADO FRUTILLA 120G,780.00,si,2026-10-09
DAR,0000000029268,BARRA CEREAL FLOW LIGHT YOGUR FRUTOS DEL BOSQUE 24G,990.00,,2026-10-09
DAR,0000000115664,YOGUR LA SERENISIMA CLASICO FIRME VAINILLA 120G,990.00,si,2026-10-09
DAR,0000000115669,YOGUR LA SERENISIMA CLASICO BATIDO FRUTILLA 120G,990.00,si,2026-10-09
DAR,0000000115670,YOGUR LA SERENISIMA CLASICO BATIDO DURAZNO 120G,990.00,si,2026-10-09
DAR,0000000115691,YOGUR LA SERENISIMA CLASICO BATIDO VAINILLA 120G,990.00,si,2026-10-09
DAR,0000000115726,YOGUR LA SERENISIMA BATIDO DESCREMADO VAINILLA 120G,990.00,si,2026-10-09
DAR,0000000115727,YOGUR LA SERENISIMA BATIDO DESCREMADO FRUTILLA 120G,990.00,si,2026-10-09
DAR,0000000116792,YOGUR LA SERENISIMA CREM.ENT.NATUR. 120G,990.00,si,2026-10-09
DAR,0000000104467,YOGUR ILOLAY BATIDO FRUTILLA 120G,1125.00,,2026-10-09
DAR,0000000104468,YOGUR ILOLAY BATIDO VAINILLA 120G,1125.00,,2026-10-09
DAR,0000000104469,YOGUR ILOLAY DESCREMADO BATIDO FRUTILLA 120G,1125.00,,2026-10-09
DAR,0000000104470,YOGUR ILOLAY DESCREMADO BATIDO VAINILLA 120G,1125.00,,2026-10-09
DAR,0000000116849,YOGUR ILOLAY CREM.DESL.FRUT. PEPPA 90G,1132.00,,2026-10-09
DAR,0000000116850,YOGUR ILOLAY CREM.DESL.VAINILA PEPPA 90G,1132.00,,2026-10-09
DAR,0000000111843,BARRA CEREAL MIX ARCOR YOGUR FRUTILLA 26G,1280.00,,2026-10-09
DAR,0000000111844,BARRA CEREAL MIX ARCOR YOGUR FRUTILLA LIGHT 26G,1280.00,,2026-10-09
DAR,0000000103652,YOGUR ILOLAY FIRME DESCREMADO VAINILLA 190G,1290.00,si,2026-10-09
DAR,0000000103653,YOGUR ILOLAY FIRME DESCREMADO FRUTILLA 190G,1290.00,si,2026-10-09
DAR,0000000115713,YOGUR LA SERENISIMA FIRME DESCREMADO VAINILLA 190G,1590.00,si,2026-10-09
DAR,0000000115714,YOGUR LA SERENISIMA FIRME DESCREMADO FRUTILLA 190G,1590.00,si,2026-10-09
DAR,0000000115715,YOGUR LA SERENISIMA FIRME VAINILLA 190G,1590.00,si,2026-10-09
DAR,0000000115716,YOGUR LA SERENISIMA FIRME FRUTILLA 190G,1590.00,si,2026-10-09
DAR,0000000033573,YOGUR LAS 3 NIÑAS FRUTILLA BEBIBLE LARGA VIDA 190G,1629.00,,2026-10-09
DAR,0000000033574,YOGUR LAS 3 NIÑAS VAINILLA BEBIBLE LARGA VIDA 190G,1629.00,,2026-10-09
DAR,0000000116703,YOGUR ILOLAY NATURAL 140G,1908.00,,2026-10-09
DAR,0000000116267,YOGUR GRAN COMPRA BEBIBLE VAINILLA 900G,1990.00,si,2026-10-09
DAR,0000000116268,YOGUR GRAN COMPRA BEBIBLE FRUTILLA 900G,1990.00,si,2026-10-09
DAR,0000000116341,YOGUR MILKAUT FIRME FRUTILLA 180G,1990.00,,2026-10-09
DAR,0000000116342,YOGUR MILKAUT FIRME VAINILLA 180G,1990.00,,2026-10-09
DAR,0000000116505,YOGURT MILKAUT CREMOSO FRUTILLA 180G,1990.00,,2026-10-09
DAR,0000000116506,YOGURT MILKAUT CREMOSO VAINILLA 180G,1990.00,,2026-10-09
DAR,0000000115701,YOGUR MILKAUT CREMOSO NATURAL 180G,2071.00,,2026-10-09
DAR,0000000115955,YOGUR ILOLAY DESCREMADO CON DURAZNOS 150G,2083.00,,2026-10-09
DAR,0000000115499,YOGUR ILOLAY BEBIBLE DESCREMADO FRUTILLA 900G,2190.00,si,2026-10-09
DAR,0000000115500,YOGUR ILOLAY BEBIBLE DESCREMADO VAINILLA 900G,2190.00,si,2026-10-09
DAR,0000000105241,YOGUR MILKAUT DESCREMADO CON FRUTILLA 150G,2323.00,,2026-10-09
DAR,0000000116587,YOGURISIMO GRIEGO BATIDO VAINILLA 140G,2693.00,,2026-10-09
DAR,0000000116588,YOGURISIMO GRIEGO BATIDO FRUTILLA 140G,2693.00,,2026-10-09
DAR,0000000115948,YOGUR MILKAUT VAINILLA CON CEREALES 155G,2870.00,,2026-10-09
DAR,0000000115893,YOGUR LA SERENISIMA BEBIBLE DESCREMADO FRUTILLA 900G,2890.00,si,2026-10-09
DAR,0000000116080,YOGUR SER CALCI+ FRUTOS ROJOS 120G,2976.00,,2026-10-09
DAR,0000000112049,YOGUR DAHI NATURAL 190G.,2990.00,,2026-10-09
DAR,0000000116828,YOGUR MILKAUT CREMOSO NATURAL 300G,2990.00,si,2026-10-09
DAR,0000000113803,YOGUR MILKAUT BEBIBLE DURAZNO SACHET 900G,3134.00,,2026-10-09
DAR,0000000113804,YOGUR MILKAUT BEBIBLE VAINILLA SACHET 900G,3134.00,,2026-10-09
DAR,0000000113805,YOGUR MILKAUT BEBIBLE FRUTILLA SACHET 900G,3134.00,,2026-10-09
DAR,0000000115699,YOGUR MILKAUT BEBIBLE DESCREMADO FRUTILLA 900G,3134.00,,2026-10-09
DAR,0000000115700,YOGUR MILKAUT BEBIBLE DESCREMADO VAINILLA 900G,3134.00,,2026-10-09
DAR,0000000116969,YOGUR MILKAUT CREMOSO FRUTILLA 300G,3390.00,,2026-10-09
DAR,0000000116970,YOGUR MILKAUT CREMOSO VAINILLA 300G,3390.00,,2026-10-09
DAR,0000000115599,YOGUR SER FIRME FRUTILLA 190G,3406.00,,2026-10-09
DAR,0000000116956,YOGURISIMO GRIEGO FIRME VAINILLA 180G,3541.00,,2026-10-09
DAR,0000000116957,YOGURISIMO GRIEGO FIRME FRUTILLA 180G,3541.00,,2026-10-09
DAR,0000000116958,YOGURISIMO GRIEGO FIRME NATURAL 180G,3541.00,,2026-10-09
DAR,0000000115240,YOGUR ILOLAY BEBIBLE DESCREMADO FRUTILLA T-B 950CC,3542.00,,2026-10-09
DAR,0000000115241,YOGUR ILOLAY DESCREMADO VAINILLA T-B 950CC,3542.00,,2026-10-09
DAR,0000000116704,YOGUR ILOLAY NATURAL 350G,3549.00,,2026-10-09
DAR,0000000109652,YOGUR DAHI BATIDO DESCREMADO FRUTILLA 190G.,3590.00,,2026-10-09
DAR,0000000109653,YOGUR DAHI BATIDO DESCREMADO FRUTOS BOSQUE 190G,3590.00,,2026-10-09
DAR,0000000117043,YOGUR DAHI GRIEGO NATURAL S/AZUC.AG 190G,3590.00,,2026-10-09
DAR,0000000115671,YOGUR LA SERENISIMA DESCREMADO C/CEREALES 157G,3675.00,,2026-10-09
DAR,0000000116343,YOGUR MILKAUT BEBIBLE VAINILLA T-B 950G,3764.00,,2026-10-09
DAR,0000000116344,YOGUR MILKAUT BEBIBLE FRUTILLA T-B 950G,3764.00,,2026-10-09
DAR,0000000116886,YOGUR DAHI GRIEGO FRASCO 190G,3790.00,,2026-10-09
DAR,0000000117041,YOGUR DAHI GRIEGO C/DCE ARANDANOS 190G,3790.00,,2026-10-09
DAR,0000000117042,YOGUR DAHI GRIEGO C/DCE FRAMBUESA 190G,3790.00,,2026-10-09
DAR,0000000113806,YOGUR MILKAUT BEBIBLE REDUCIDO LACTOSA FRUTILLA 900G,3830.00,,2026-10-09
DAR,0000000113807,YOGUR MILKAUT BEBIBLE REDUCIDO LACTOSA VAINILLA 900G,3830.00,,2026-10-09
DAR,0000000115823,"YOGUR MILKAUT BEBIBLE FRUTILLA 1,200K",3990.00,si,2026-10-09
DAR,0000000115824,"YOGUR MILKAUT BEBIBLE VAINILLA 1,200K",3990.00,si,2026-10-09
DAR,0000000116551,YOGURISIMO NATURAL GRIEGO ENDULZADO 300G,4090.00,si,2026-10-09
DAR,0000000116552,YOGURISIMO NATURAL GRIEGO S/ENDULZ. 300G,4090.00,si,2026-10-09
DAR,0000000116550,YOGURISIMO ESTILO GRIEGO FRUT/CREMA 125G,4148.00,,2026-10-09
DAR,0000000115674,YOGUR SER NATUR BEBIBLE MULTIFRUTA 190G,4203.00,,2026-10-09
DAR,0000000115675,YOGUR SER NATUR BEBIBLE FRUTILLA 190G,4203.00,,2026-10-09
DAR,0000000116729,YOGUR MILKAUT NATURAL BEBIBLE 950G,4333.00,,2026-10-09
DAR,0000000116959,YOGURISIMO GRIEGO VAINILLA BOT.190G,4437.00,,2026-10-09
DAR,0000000116960,YOGURISIMO GRIEGO FRUTILLA BOT.190G,4437.00,,2026-10-09
DAR,0000000116989,YOGURISIMO GRIEGO C/CEREALES 162G,4997.00,,2026-10-09
DAR,0000000116591,YOGURISIMO GRIEGO C/GRANOLA 168G,5247.00,,2026-10-09
DAR,0000000115725,YOGUR SER NATURAL 300G.,5833.00,,2026-10-09
DAR,0000000115886,YOGUR LA SERENISIMA BEBIBLE DESLACTOSADO FRUTILLA 900G,6288.00,,2026-10-09
DAR,0000000115887,YOGUR LA SERENISIMA BEBIBLE DESLACTOSADO VAINILLA 900G,6288.00,,2026-10-09
DAR,0000000116169,YOGUR ACTIVIA BEBIBLE DESLACTOSADO FRUTILLA MANZANA 900G.,7478.00,,2026-10-09
DAR,0000000116953,YOGURISIMO GRIEGO BEBIBLE NAT. SACH.900G,7601.00,,2026-10-09
DAR,0000000116954,YOGURISIMO GRIEGO BEBIBLE VAIN SACH.900G,7601.00,,2026-10-09
DAR,0000000116955,YOGURISIMO GRIEGO BEBIBLE BAN. SACH.900G,7601.00,,2026-10-09
DAR,0000000020165,SNACKS LA CUMBRE QUESO CHEDDAR 120G,1384.00,,2026-10-09
DAR,0000000110098,PALITOS MAIZ JULICROC EXTRA QUESO 65G,1468.00,,2026-10-09
DAR,0000000104497,QUESO RALLADO ILOLAY 40G,1790.00,si,2026-10-09
DAR,0000000008206,QUESO RALLADO LA PAULINA 40G,1936.00,,2026-10-09
DAR,0000000116898,QUESO RALLADO LA QUESERA 100G,1950.00,,2026-10-09
DAR,0000000116908,NACHOS CRAKET QUESO 80G,1990.00,,2026-10-09
DAR,0000000113442,QUESO RALLADO LA SERENISIMA 35G,2035.00,,2026-10-09
DAR,0000000034186,SNACK MOLINOS ALA QUESO 80G,2094.23,,2026-10-09
DAR,0000000116699,QUESO UNT.RICREM JAMON 180G,2315.00,,2026-10-09
DAR,0000000116700,QUESO UNT.RICREM CLASICO 180G,2315.00,,2026-10-09
DAR,0000000116904,MANI CRAKET SABOR QUESO 240G,2390.00,,2026-10-09
DAR,0000000103664,QUESO UNT.ILOLAY CLASICO 190G,2590.00,si,2026-10-09
DAR,0000000103666,QUESO UNT.ILOLAY JAMON 190G,2590.00,si,2026-10-09
DAR,0000000115195,QUESO UNT.ILOLAY 4 QUESOS 190G,2590.00,si,2026-10-09
DAR,0000000109805,3D MEGA QUESO PEPSICO 43G,2645.00,,2026-10-09
DAR,0000000115731,DORITOS QUESO PEPSICO 40G,2645.00,,2026-10-09
DAR,0000000115734,CHEETOS QUESO 43G,2645.00,,2026-10-09
DAR,0000000050611,QUESO UNT.LA PAULINA FONT. 190G,2828.00,,2026-10-09
DAR,0000000050612,QUESO UNT.LA PAULINA Q.AZUL 190G,2828.00,,2026-10-09
DAR,0000000050614,QUESO UNT.LA PAULINA JAMON 190G,2828.00,,2026-10-09
DAR,0000000050615,QUESO UNT. LA PAULINA CLASICO 190G,2828.00,,2026-10-09
DAR,0000000050617,QUESO UNT.LA PAULINA CHEDDAR 190G,2828.00,,2026-10-09
DAR,0000000106933,QUESO UNT.LA PAULINA 4 QUESO 190G,2828.00,,2026-10-09
DAR,0000000111362,QUESO LA PAULINA MINI HEB.80G,3018.00,,2026-10-09
DAR,0000000116821,PAPAS FRITAS QUENTO QUESO CHEDDAR 82G,3021.00,,2026-10-09
DAR,0000000116826,NACHOS QUENTO QUESO 82G,3021.00,,2026-10-09
DAR,0000000115196,QUESO BCO.ILOLAY CREMA 290G,3080.00,si,2026-10-09
DAR,0000000115197,QUESO BCO ILOLAY CREMA LIGHT 290G,3080.00,si,2026-10-09
DAR,0000000051917,QUESO ADLER FONTINA 100G,3143.00,,2026-10-09
DAR,0000000051920,QUESO ADLER JAMON 100G,3143.00,,2026-10-09
DAR,0000000051921,QUESO ADLER GRUYERE 100G,3143.00,,2026-10-09
DAR,0000000102242,QUESO UNT.MILKAUT JAMON 190G,3184.00,,2026-10-09
DAR,0000000102250,QUESO UNT.MILKAUT TRAD.190G,3184.00,,2026-10-09
DAR,0000000110761,PALITOS MAIZ JULICROC EXTRA QUESO 180G,3207.00,,2026-10-09
DAR,0000000116599,QUESO FINLANDIA JAMON 180G,3321.00,,2026-10-09
DAR,0000000115894,QUESO LA SERENISIMA CLASICO VIT.AYD 290G,3390.00,si,2026-10-09
DAR,0000000115895,QUESO LA SERENISIMA CLASICO LIG.VIT.290G,3390.00,si,2026-10-09
DAR,0000000113371,QUESO UNT. ADLER CREMOSO JAMON 190G,3644.00,,2026-10-09
DAR,0000000113372,QUESO UNT. ADLER CREMOSO AZUL 190G,3644.00,,2026-10-09
DAR,0000000115258,QUESO CREMATTO MILKAUT 285 GR,3890.00,si,2026-10-09
DAR,0000000115259,QUESO CREMATTO MILKAUT BALANCE 285G,3890.00,si,2026-10-09
DAR,0000000115983,DORITOS QUESO PEPSICO 77G,3957.00,,2026-10-09
DAR,0000000116096,CHEETOS QUESO CREMA 85G,3957.00,,2026-10-09
DAR,0000000116174,3D MEGA QUESO PEPSICO 85G,3957.00,,2026-10-09
DAR,0000000113443,QUESO RALLADO LA SERENISIMA 70G,3990.00,,2026-10-09
DAR,0000000050995,QUESO CREMA LA PAULINA ALIOLI 250G,4059.00,,2026-10-09
DAR,0000000113431,QUESO FINLANDIA 180G,4083.00,,2026-10-09
DAR,0000000113432,QUESO FINLANDIA LIGHT 180G,4083.00,,2026-10-09
DAR,0000000050965,QUESO CREMA LA PAULINA TRAD.290G,4110.00,,2026-10-09
DAR,0000000050966,QUESO CREMA LA PAULINA LIGHT 290G,4110.00,,2026-10-09
DAR,0000000103498,SORRENTINOS LA MOROCHA JAMON Y QUESO 500G,4390.00,,2026-10-09
DAR,0000000111436,QUESO ADLER PROC.UAT DAMBO 144G,4524.00,,2026-10-09
DAR,0000000113507,QUESO LA SERENISIMA CREMON RED.CAL.280G.,4730.00,,2026-10-09
DAR,0000000116226,CAPELLETIS DON YEYO JAMON Y QUESO 400 G,4823.00,,2026-10-09
DAR,0000000001675,PAPAS FRITAS PRINGLES QUESO 109G.,4980.00,,2026-10-09
DAR,0000000115198,QUESO RALLADO ILOLAY 120G,4990.00,si,2026-10-09
DAR,0000000002356,CAPELETT.GIACOMO JAM/QUESO VIT.E 500G,5990.00,,2026-10-09
DAR,0000000113434,QUESO FINLANDIA 290G,6121.00,,2026-10-09
DAR,0000000113435,QUESO FINLANDIA RED.EN CALORIAS 290G,6121.00,,2026-10-09
DAR,0000000008207,QUESO RALLADO LA PAULINA 150G,6190.00,,2026-10-09
DAR,0000000115292,QUESO CREMATTO MILKAUT BALANCE 445G,6399.00,,2026-10-09
DAR,0000000107807,3D MEGA QUESO PEPSICO 143G,6440.00,,2026-10-09
DAR,0000000115881,QUESO CR. CASANCREM PREF LIGHT.FORT.290G,7108.00,,2026-10-09
DAR,0000000116423,QUESO LA SERENISIMA CLASICO LIGHT 460G,7272.00,,2026-10-09
DAR,0000000115631,MIL.GJA SOL SOJA RELLENA CAL/QUESO 380G,7415.00,,2026-10-09
DAR,0000000115647,MIL.GJA SOL SOJA RELLENA ESP/QUESO 380G,7415.00,,2026-10-09
DAR,0000000113444,QUESO RALLADO LA SERENISIMA 130G,7724.00,,2026-10-09
DAR,0000000113445,QUESO RALLADO LA SERENISIMA 175G,9387.00,,2026-10-09
DAR,0000000052049,QUESO CREMOSO BARRAZA K,12980.00,,2026-10-09
DAR,0000000050291,QUESO CREMOSO PRINLAC K,12990.00,,2026-10-09
DAR,0000000051310,QUESO CREMOSO ARROYO CABRAL K,13890.00,si,2026-10-09
DAR,0000000116433,QUESO CREMOSO RICREM K,13978.00,,2026-10-09
DAR,0000000050760,QUESO CREMOSO TONUTTI,14231.00,,2026-10-09
DAR,0000000050470,QUESO CREMOSO ILOLAY K,14790.00,si,2026-10-09
DAR,0000000051131,QUESO BARRA PRINLAC K,15690.00,si,2026-10-09
DAR,0000000111633,PIZZA ESTADIO PARRILLERA JAMON Y QUESO,15953.00,,2026-10-09
DAR,0000000052046,QUESO MOZZARELLA BARRAZA,16890.00,,2026-10-09
DAR,0000000052038,QUESO MOZZARELLA TONUTTI K,17266.00,,2026-10-09
DAR,0000000051301,QUESO BARRA ARROYO CABRAL ROJA,17725.00,,2026-10-09
DAR,0000000051309,QUESO MOZZARELLA ARROYO CABRAL,17825.00,,2026-10-09
DAR,0000000051354,QUESO BARRA DANBO LAS 3 NIÑAS,17900.00,,2026-10-09
DAR,0000000050026,QUESO BARRA DANBO LA PAULINA K,17990.00,,2026-10-09
DAR,0000000050471,QUESO BARRA TYBO ILOLAY K,19390.00,si,2026-10-09
DAR,0000000104057,QUESO MOZZARELLA ILOLAY K,20905.00,,2026-10-09
DAR,0000000050029,QUESO MOZZARELLA LA PAULINA K,20967.00,,2026-10-09
DAR,0000000116434,QUESO CREMOSO LA PAULINA TROZ. K,21241.30,,2026-10-09
DAR,0000000050761,QUESO HOLANDA TONUTTI,21335.00,,2026-10-09
DAR,0000000051835,QUESO SARDO FRESCO ALBOR K,21890.00,si,2026-10-09
DAR,0000000108212,QUESO CREMON LA SERENISIMA DOBLE CREMA FRACCIONADO K,22858.00,,2026-10-09
DAR,0000000050648,QUESO BARRA TYBO LA PAULINA K,23493.00,,2026-10-09
DAR,0000000108838,QUESO CHEDDAR LA SERENSIMA K,24442.00,,2026-10-09
DAR,0000000051303,QUESO HOLANDA ARROYO CABRAL,24484.00,,2026-10-09
DAR,0000000052054,QUESO AZUL BARRAZA,24850.00,,2026-10-09
DAR,0000000110506,QUESO BARRA PALADINI K,25008.00,,2026-10-09
DAR,0000000051121,QUESO MAGRO CANUT K,26900.00,,2026-10-09
DAR,0000000108401,QUESO DANBO LA SERENISIMA SIN LACTOSA K,28199.00,,2026-10-09
DAR,0000000050985,QUESO AZUL BAVARIA K,28900.00,si,2026-10-09
DAR,0000000051300,QUESO FYNBO ESTILO REAL K,29491.00,,2026-10-09
DAR,0000000050312,QUESO GOUDA CANUT K,29753.00,,2026-10-09
DAR,0000000050315,QUESO FYNBO CANUT K,29753.00,,2026-10-09
DAR,0000000051305,QUESO SARDO FRESCO ARROYO CABRAL K,30299.00,,2026-10-09
DAR,0000000111852,QUESO SARDO EL ZORZAL K,31226.00,,2026-10-09
DAR,0000000104063,QUESO SARDO ILOLAY K,31490.00,si,2026-10-09
DAR,0000000050143,QUESO SBRINZ ARROYO CABRAL K,31778.00,,2026-10-09
DAR,0000000050031,QUESO FONTINA LA PAULINA K,34309.00,,2026-10-09
DAR,0000000104064,QUESO REGGIANITO ILOLAY K,34900.00,,2026-10-09
DAR,0000000052006,QUESO AZUL LA PAULINA,34951.00,,2026-10-09
DAR,0000000050040,QUESO SARDO LA PAULINA,36056.00,,2026-10-09
DAR,0000000050035,QUESO GOYA LA PAULINA K,36113.00,,2026-10-09
DAR,0000000050038,QUESO REGGIANITO LA PAULINA,38491.00,,2026-10-09
DAR,0000000108403,QUESO SARDO LA SERENISIMA S/LACTOSA K,41434.00,,2026-10-09
DAR,0000000109853,QUESO PARMESANO CANUT K,48155.00,,2026-10-09
DAR,0000000027588,JABON LIQ.SUAVE FRUTOS ROJOS/CREMA 220C,1560.00,,2026-10-09
DAR,0000000028973,CREMA DENT.KOLYNOS TRIPLE FRESCURA 70G,1790.00,,2026-10-09
DAR,0000000025632,CREMA DENT.ORAL B 123 ANTICARIES 70G,2090.00,,2026-10-09
DAR,0000000034188,SNACK MOLINOS ALA CEBOLLA Y CREMA 80G,2095.00,,2026-10-09
DAR,0000000116831,PAPAS FRITAS FILLS CREMA Y VERDEO 90G,2190.00,,2026-10-09
DAR,0000000029538,CREMA L/VIDA LAS 3 NIÑAS P/COCINAR 200CC,2290.00,,2026-10-09
DAR,0000000029539,CREMA L/VIDA LAS 3 NIÑAS P/BATIR 200 CC,2290.00,,2026-10-09
DAR,0000000001169,SOPA KNORR CREMA CHOCLO CON PUERRO,2390.00,,2026-10-09
DAR,0000000001170,SOPA KNORR S.CREMA ZAPALLO C/NUEZ MOSCA,2390.00,,2026-10-09
DAR,0000000003097,SOPA KNORR S.CREMA VEGETALES,2390.00,,2026-10-09
DAR,0000000003099,SOPA KNORR S.CREMA DE ARVEJA,2390.00,,2026-10-09
DAR,0000000000208,CREMA DENTAL KOLYNOS SUPER BLANCO 70G,2490.00,,2026-10-09
DAR,0000000033417,CREMA DENT.CLOSE UP MENTA AMERICANA 70G,2490.00,,2026-10-09
DAR,0000000033418,CREMA DENT.CLOSE UP MENTA FRESCA 70G,2490.00,,2026-10-09
DAR,0000000002405,CREMA HINDS ROSA PLUS 125C,2690.00,,2026-10-09
DAR,0000000010673,CREMA DENT.CLOSE UP EUCALYPTU.90G-,2850.00,,2026-10-09
DAR,0000000116823,PAPAS FRITAS QUENTO CREMA Y CIBOUL. 82G,3021.00,,2026-10-09
DAR,0000000024215,CREMA DENT.ODOL DOBLE EFECTO 70G,3047.00,,2026-10-09
DAR,0000000104596,PAPAS PEDRIN A LA CREMA 70G,3192.00,,2026-10-09
DAR,0000000005244,CREMA DENTAL ODOLITO TUTTI FRUTTI 50G,3301.00,,2026-10-09
DAR,0000000008514,CREMA DENT.KOLYNOS SUPER BLANCO 90G,3428.00,,2026-10-09
DAR,0000000029590,CREMA DENT. ORAL B 4 EN 1 70G,3454.00,,2026-10-09
DAR,0000000024216,CREMA DENT.ODOL DOBLE EFECTO 90G,3682.00,,2026-10-09
DAR,0000000014921,CREMA PONDS REJUVENESS 50G,3936.00,,2026-10-09
DAR,0000000020259,ACONDIC.SEDAL CREMA BALANCE 190C,3990.00,,2026-10-09
DAR,0000000000215,LIMPIADOR CIF CREMA BIOACTIVE BLANCO 750G,4290.00,,2026-10-09
DAR,0000000020249,SHAMPOO SEDAL CREMA BALANCE 340C,4390.00,si,2026-10-09
DAR,0000000034493,CREMA L/VIDA LAS 3 NIÑAS P/COCINAR 500CC,4590.00,,2026-10-09
DAR,0000000032948,CREMA P/PEINAR SEDAL RIZOS DEFINI.300C,4950.00,si,2026-10-09
DAR,0000000001674,PAPAS FRITAS PRINGLES CREMA/CEBOLLA 109G.,4980.00,,2026-10-09
DAR,0000000032535,CREMA NIVEA CREME LATA 60CC,5079.00,,2026-10-09
DAR,0000000002243,CREMA HINDS ROSA PLUS 250C,5390.00,,2026-10-09
DAR,0000000033628,CREMA P/PEINAR SEDAL LUMINOUS UV.300C,5490.00,,2026-10-09
DAR,0000000033971,CREMA P/PEINAR SEDAL HIALUR Y VIT A 300C,5490.00,,2026-10-09
DAR,0000000019417,CREMA DENT.KOLYNOS SUPER BLANCO 180G,5690.00,,2026-10-09
DAR,0000000021107,CREMA DENT.SENSODYNE MULTIPROCT.90G,5690.00,,2026-10-09
DAR,0000000033992,CREMA PONDS REJUVENESS 100G,5990.00,,2026-10-09
DAR,0000000021849,CREMA DENT.SENSODYNE BLAN.FRESH 90G,6190.00,,2026-10-09
DAR,0000000021108,CREMA DENT.SENSODYNE ORIGINAL 90G,6290.00,,2026-10-09
DAR,0000000024217,CREMA DENT.ODOL DOBLE EFECTO 180G,6390.00,,2026-10-09
DAR,0000000032582,CREMA DENT.ORAL B 4 EN 1 180G.,6592.00,,2026-10-09
DAR,0000000032223,CREMA GOICOECHEA ULTRANUTRITIVA 200CC,6667.00,,2026-10-09
DAR,0000000000115,BRILLAMETAL BRASSO CREMA 70C,6719.00,,2026-10-09
DAR,0000000015118,CREMA NIVEA BODY MILK NUTRITIVA 250C,6790.00,,2026-10-09
DAR,0000000029712,CREMA NIVEA BODY HIDRATACION EXP. 250C,6790.00,,2026-10-09
DAR,0000000027424,CREMA DENT.SENSODYNE LIMP.PROF 90G,6890.00,,2026-10-09
DAR,0000000033241,CREMA DENT.SENSODYNE BLAN.FRESH 140G,7690.00,,2026-10-09
DAR,0000000027317,CREMA ST IVES CORP.AVE/KARIT.350C,7990.00,,2026-10-09
DAR,0000000034150,CREMA DENT.ORAL B EXTRA BLANCO 180G,8497.00,,2026-10-09
DAR,0000000023891,CREMA HINDS ROSA PLUS 350C,9132.00,,2026-10-09
DAR,0000000026241,CREMA P/PEIN.ELVIVE OLEO RIZOS 250C,9767.00,,2026-10-09
DAR,0000000033908,CREMA NIVEA BODY MILK NUTRITIVA 400CC,9894.00,,2026-10-09
DAR,0000000033911,CREMA NIVEA BODY HIDRATACION EXP.400CC,9894.00,,2026-10-09
DAR,0000000022090,CREMA DENT.SENSODYNE REP/PROT.100G,11418.00,,2026-10-09
DAR,0000000032511,CREMA DENT.PARODONTAX COMP.PROT.126G,11418.00,,2026-10-09
DAR,0000000029393,CREMA P/PEINAR ELVIVE HIDRA HIALUR. 250C,11672.00,,2026-10-09
DAR,0000000033155,CREMA P/PEINAR ELVIVE GLYCOLIC GLOSS250C,11672.00,,2026-10-09
DAR,0000000033841,CREMA P/PEINAR ELVIVE DREAM LISO 250C,11672.00,,2026-10-09
DAR,0000000032227,CREMA CICATRICURE HIDRAT.ANTIESTRIA 400C,12179.30,,2026-10-09
DAR,0000000032226,CREMA CICATRICURE HIDRAT.FIRMEZA 400CC,12688.00,,2026-10-09
DAR,0000000109861,HUEVOS FELIZ BLANCO 6U,1943.20,,2026-10-09
DAR,0000000109860,HUEVOS FELIZ COLOR 6U,2113.00,,2026-10-09
DAR,0000000116739,HUEVOS AVICOLA CARCARAÑA BCO COMUN 6U,2290.00,,2026-10-09
DAR,0000000116740,HUEVOS AVICOLA CARCARAÑA COLOR COMUN 6U.,2390.00,,2026-10-09
DAR,0000000116527,PAN CASERO KAISER FLOR PRECOCIDO UNID,590.00,,2026-10-09
DAR,0000000113906,PAN FLAUTITA PRECOCIDO (UNIDAD),690.00,,2026-10-09
DAR,0000000000389,JABON PAN LA PERDIZ 200G,812.00,,2026-10-09
DAR,0000000015081,JABON PAN ARGENTINO BCO.200 G.,1015.00,,2026-10-09
DAR,0000000028486,JABON PAN GUAIRA 150G,1053.00,,2026-10-09
DAR,0000000014535,PAN RALLADO COM-PRO 400G,1290.00,,2026-10-09
DAR,0000000111686,EMPANADAS CARNE X UNID.,1290.00,,2026-10-09
DAR,0000000032204,PAÑUELOS CAMPANITA BOX TISSUE 75 UNID.,1490.00,,2026-10-09
DAR,0000000021429,JABON PAN ZORRO CLASICO 150G,1625.00,,2026-10-09
DAR,0000000115798,PAN FACILITAS HAMBURGUESA 4U.220G,1660.00,,2026-10-09
DAR,0000000115799,PAN P/PANCHOS FACILITAS 6U.230G,1660.00,,2026-10-09
DAR,0000000029777,JABON PAN ALA COCO 200G.,1714.00,,2026-10-09
DAR,0000000013156,PAPEL HIG.CAMPANITA H/S SOFT BCO.4U 30M,1790.00,,2026-10-09
DAR,0000000020616,JABON PAN GUAIRA AZUL C/BLANQ. 230G.,1828.00,,2026-10-09
DAR,0000000000790,PAN RALLADO PREFERIDO 500G.,1942.00,,2026-10-09
DAR,0000000018716,PAN RALL.M.COCINA PLUS 500 G.,1967.23,,2026-10-09
DAR,0000000032202,PAPEL HIG.CAMPANITA H/S PLUS 4U 30M,1990.00,,2026-10-09
DAR,0000000032205,ROLLO COC.CAMPANITA CLAS.50 PAÑOS 3U.,2090.00,,2026-10-09
DAR,0000000033855,JABON PAN GUAIRA BCO. 2U 150G,2158.00,,2026-10-09
DAR,0000000050169,MARG.MARGADAN VEGETAL PAN 200G,2232.00,,2026-10-09
DAR,0000000100633,PAN DE HAMBURGUESA DAR 4 UNIDADES,2290.00,,2026-10-09
DAR,0000000100635,PAN DE PANCHO DAR 6 UNIDADES,2290.00,,2026-10-09
DAR,0000000032207,ROLLO COC.CAMPANITA PRACTI 200 PAÑOS,2390.00,,2026-10-09
DAR,0000000115551,PAN FARGO PANCHO 210G,2455.00,,2026-10-09
DAR,0000000027564,PAN RALL.PREFERIDO AJO/PEREJIL 500G,2463.00,,2026-10-09
DAR,0000000021092,GALLETITAS OKEBON PANAL VAINILLA 222G,2488.00,,2026-10-09
DAR,0000000115556,PAN LACTAL PANCHO 210G,2490.00,,2026-10-09
DAR,0000000115557,PAN HAMBURGUESA LACTAL 210G,2490.00,,2026-10-09
DAR,0000000050164,MARG.DANICA VEGETAL PAN 200G,2575.50,,2026-10-09
DAR,0000000115552,PAN HAMBURGUESA C/SESAMO FARGO 210G,2580.00,,2026-10-09
DAR,0000000007079,JABON PAN SEISEME 300G,2666.00,,2026-10-09
DAR,0000000032208,ROLLO COC.CAMPANITA MEGA 100 PAÑOS 2U.,2690.00,,2026-10-09
DAR,0000000115547,PAN BIMBO HAMBURGUESA C/SESAMO 210G,2890.00,,2026-10-09
DAR,0000000106087,PAN HAMBURGUESA DON YEYO 4U. 210G,2905.00,,2026-10-09
DAR,0000000106088,PAN P/PANCHOS DON YEYO 6U.210G,2905.00,,2026-10-09
DAR,0000000100640,PAN FRANCES K,2990.00,,2026-10-09
DAR,0000000105083,PAN ARABE DAR 5 UNIDADES,2990.00,,2026-10-09
DAR,0000000115548,PAN BIMBO PANCHO 210G,2990.00,,2026-10-09
DAR,0000000115558,PAN BLANCO LACTAL 315G,3041.00,,2026-10-09
DAR,0000000029778,JABON PAN ALA COCO 2U 200G,3174.00,,2026-10-09
DAR,0000000033299,PAN DULCE MYLEN CON FRUTAS 400G,3190.00,,2026-10-09
DAR,0000000032203,PAPEL HIG.CAMPANITA H/D ULTRA 4U 30M,3490.00,,2026-10-09
DAR,0000000106085,PAN LACTAL DON YEYO BCO.360G,3862.00,,2026-10-09
DAR,0000000117011,PAN DE MESA DON YEYO 380G,3924.00,,2026-10-09
DAR,0000000115544,PAN BIMBO BLANCO 400G,4090.00,,2026-10-09
DAR,0000000019090,PAPEL HIG.CAMPANITA H/S SOFT XL 4U 80M,4190.00,,2026-10-09
DAR,0000000033892,PAPEL HIG.CAMPANITA PLUS XL 4U 80M,4190.00,si,2026-10-09
DAR,0000000115560,PAN BLANCO LACTAL 460G,4209.00,,2026-10-09
DAR,0000000029599,PAN DULCE BONAFIDE SIN FRUTAS 400G,4590.00,,2026-10-09
DAR,0000000100657,PAN DE MIGA DAR (UNIDAD),4590.00,si,2026-10-09
DAR,0000000116154,PAN RUSTICO MYLEN MULTISEMILLAS 550G,4590.00,,2026-10-09
DAR,0000000116156,PAN RUSTICO MYLEN TRADICIONAL 550G,4590.00,,2026-10-09
DAR,0000000032950,PREMEZCLA MAIZENA PAN/PIZZA L/GLU 500G,4609.00,,2026-10-09
DAR,0000000032904,PREMEZCLA PUREZA PIZZA/PAN S/TACC 500G,4621.53,,2026-10-09
DAR,0000000025492,PAN DULCE BONAFIDE CHIPS CHOC.400G,4690.00,si,2026-10-09
DAR,0000000025493,PAN DULCE BONAFIDE CON FRUTAS 400G.,4890.00,,2026-10-09
DAR,0000000116461,PAN PAPA PAZZI HAMB. 4U. 280G.,5190.00,,2026-10-09
DAR,0000000116462,PAN PAPA PAZZI HAMB. C/SEM. 4U. 280G.,5190.00,,2026-10-09
DAR,0000000116842,PAN DE CAMPO MYLEN MASA MADRE C/SEM 650G,5790.00,,2026-10-09
DAR,0000000115986,PAN RUSTICO LA FRANCIA MULTICEREAL 560G,6790.00,,2026-10-09
DAR,0000000116354,PAN BIMBO ART. MASA MADRE 500G,7490.00,,2026-10-09
DAR,0000000100658,PAN SABORIZADO K,8290.00,,2026-10-09
DAR,0000000026079,VERMOUTH CARPANO BIANCO 950 C.,9990.00,,2026-10-09
DAR,0000000026080,VERMOUTH CARPANO ROSSO 950 C,10890.00,,2026-10-09
DAR,0000000034137,PANCAKE GRANGER KETO VAINILLA 200G,16490.00,,2026-10-09
DAR,0000000050088,PANCETA AHUMADA PALADINI,43463.00,,2026-10-09
DAR,0000000110734,PANCETA AHUMADA PALADINI FAMILIAR K,49083.00,,2026-10-09
DAR,0000000024840,GALLETITAS OBLITA VAINILLA 50G,490.00,,2026-10-09
DAR,0000000024841,GALLETITAS OBLITA FRUTILLA 50G,490.00,,2026-10-09
DAR,0000000010089,GALLETITAS LIA POLVORITA VAINILLA/FRUTILLA 80G.,760.00,,2026-10-09
DAR,0000000010090,GALLETITAS LIA POLVORITA VAINILLA 81G,760.00,,2026-10-09
DAR,0000000028454,GALLETITAS 9 DE ORO VAINILLA ANILLO 120G,876.00,,2026-10-09
DAR,0000000002220,GALLETITAS BAGLEY CRIOLLITAS 100G.,889.00,,2026-10-09
DAR,0000000024843,GALLETITAS OBLITA VAINILLA 100G,890.00,,2026-10-09
DAR,0000000024844,GALLETITAS OBLITA FRUTILLA 100G,890.00,,2026-10-09
DAR,0000000034675,GALLETITAS BAUDUCCO WAFER FRUTILLA 78G,990.00,,2026-10-09
DAR,0000000034676,GALLETITAS BAUDUCCO WAFER VAINILLA 78G,990.00,,2026-10-09
DAR,0000000003290,GALLETITAS LIA VOCACION 141G,1090.00,,2026-10-09
DAR,0000000032929,GALLETITAS LIA VOCACION ACARAMELADA 145G,1090.00,,2026-10-09
DAR,0000000116350,GALLETITAS TRAVIATA REX CRACKERS ORIGINAL 96G,1136.00,,2026-10-09
DAR,0000000116351,GALLETITAS TRAVIATA KESITAS CRACKERS 96G,1136.00,,2026-10-09
DAR,0000000017591,GALLETITAS LIA MACUCAS 110G,1180.00,,2026-10-09
DAR,0000000008472,GALLETITAS VAINILLAS CARICIAS 155G,1333.00,,2026-10-09
DAR,0000000033709,GALLETITAS CHOCO LIA 170G,1358.00,,2026-10-09
DAR,0000000034526,GALLETITAS PITUSAS VAINILLA/RELL. 160G,1390.00,,2026-10-09
DAR,0000000034527,GALLETITAS PITUSAS RELL/FRUTILLA 160G,1390.00,,2026-10-09
DAR,0000000034528,GALLETITAS PITUSAS BLACK/RELL. 130G,1390.00,,2026-10-09
DAR,0000000002446,GALLETITAS BAGLEY CRIOLLITA 169G,1444.00,,2026-10-09
DAR,0000000002447,GALLETITAS BAGLEY OPERA 92G,1444.00,,2026-10-09
DAR,0000000113810,GALLETITAS BAGLEY CHOCOLINAS 100G,1444.00,,2026-10-09
DAR,0000000027577,GALLETITAS 9 DE ORO CHIPS CHOC.BLA 120G,1490.00,,2026-10-09
DAR,0000000027578,GALLETITAS 9 DE ORO CHIPS COLORES 120G,1490.00,,2026-10-09
DAR,0000000022079,GALLETITAS MANA VAINILLA 136G,1555.00,,2026-10-09
DAR,0000000032632,GALLETITAS BONAFIDE DONUTS BLANCA 52G,1586.23,,2026-10-09
DAR,0000000116900,GALLETITAS BAGLEY CHOCOLINAS RELLENA 77G,1599.00,,2026-10-09
DAR,0000000026855,GALLETITAS PEPAS 9 DE ORO 200G,1612.00,,2026-10-09
DAR,0000000006783,GALLETITAS BAGLEY MELITAS 159G,1666.00,,2026-10-09
DAR,0000000116933,GALLETITAS ARCOR FORMIS CHOC/DDL 90G,1666.00,,2026-10-09
DAR,0000000116934,GALLETITAS ARCOR FORMIS CHOC/VAI 90G,1666.00,,2026-10-09
DAR,0000000024872,GALLETITAS PASEO CRACKER 300G,1690.00,,2026-10-09
DAR,0000000013215,GALLETITAS BAGLEY REX ORIGINAL 75G,1714.00,,2026-10-09
DAR,0000000013216,GALLETITAS BAGLEY KESITAS 75G,1714.00,,2026-10-09
DAR,0000000018158,GALLETITAS GRANIX CON LINO 175G,1739.00,,2026-10-09
DAR,0000000010999,GALLETITAS GRANIX CRACKERS SANDWICH 200G,1777.00,,2026-10-09
DAR,0000000113930,GALLETITAS ARCOR PEPAS 183G,1777.00,,2026-10-09
DAR,0000000028550,GALLETITAS LA PROVIDENCIA CRACKERS 303G,1780.00,si,2026-10-09
DAR,0000000012949,GALLETITAS PEPAS C/DULCE CARICIAS 350G.,1790.00,,2026-10-09
DAR,0000000025835,GALLETITAS OBLITA FRUTILLA 4X50G,1790.00,,2026-10-09
DAR,0000000025836,GALLETITAS OBLITA VAINILLA 4X50G,1790.00,,2026-10-09
DAR,0000000015610,GALLETITAS GRANIX CEREAL 175G,1815.00,,2026-10-09
DAR,0000000013602,GALLETITAS GRANIX SESAMO 175G,1841.00,,2026-10-09
DAR,0000000004255,GALLETITAS LIA MEDIA TARDE 315 G,1980.00,,2026-10-09
DAR,0000000008473,GALLETITAS VAINILLAS CARICIAS 240G,1990.00,,2026-10-09
DAR,0000000002445,GALLETITAS BAGLEY MERENGADAS 88G,1999.00,,2026-10-09
DAR,0000000006767,GALLETITAS BAGLEY AMOR 110G,1999.00,,2026-10-09
DAR,0000000006768,GALLETITAS BAGLEY MELLIZAS 110 G,1999.00,,2026-10-09
DAR,0000000006773,GALLETITAS BAGLEY RUMBA 108G,1999.00,,2026-10-09
DAR,0000000017597,GALLETITAS ARCOR HOGAREÑAS SESAMO 167G,1999.00,,2026-10-09
DAR,0000000017600,GALLETITAS ARCOR HOGAREÑAS MIX CEREAL 189G,1999.00,,2026-10-09
DAR,0000000017615,GALLETITAS ARCOR MANA RELLENAS FRUTILLA 152G,1999.00,,2026-10-09
DAR,0000000017617,GALLETITAS ARCOR MANA RELLENA LIMON 152G,1999.00,,2026-10-09
DAR,0000000022077,GALLETITAS ARCOR HOGAREÑAS 7 SEMILLAS 185G,1999.00,,2026-10-09
DAR,0000000029204,GALLETITAS BAGLEY SONRISAS FRAMBUESA 108G,1999.00,,2026-10-09
DAR,0000000025431,GALLETITAS PASEO CRACKER CON SESAMO 300G,2080.00,,2026-10-09
DAR,0000000025432,GALLETITAS PASEO CRACKER MULTICEREAL 300,2080.00,,2026-10-09
DAR,0000000113859,GALLETITAS BLOCK DULCES SECAS 124G.,2123.00,,2026-10-09
DAR,0000000113860,GALLETITAS ROCKLETS DULCES SECAS 118G.,2123.00,,2026-10-09
DAR,0000000116518,GALLETITAS COFLER COOKIES 120G.,2123.00,,2026-10-09
DAR,0000000029882,GALLETITAS HOJALMAR HOJALDRE TRIANGULOS 150G,2150.00,,2026-10-09
DAR,0000000011366,GALLETITAS VAINILLAS WHISPER 200G,2158.00,,2026-10-09
DAR,0000000022265,GALLETITAS LIA MEDIA TARDE SANDWICH 321G,2190.00,,2026-10-09
DAR,0000000006840,GALLETITAS BAGLEY CRIOLLITAS 300G,2199.00,,2026-10-09
DAR,0000000026854,GALLETITAS PEPAS 9 DE ORO 350G,2285.00,,2026-10-09
DAR,0000000032634,GALLETITAS CEREALITAS 212G,2290.00,,2026-10-09
DAR,0000000022080,GALLETITAS SERRANITAS TRIPLE 315G,2332.00,,2026-10-09
DAR,0000000016630,GALLETITAS BONAFIDE DONUTS BLANCA 78G,2350.00,,2026-10-09
DAR,0000000002226,GALLETITAS BAGLEY CHOCOLINAS 150G,2388.00,,2026-10-09
DAR,0000000002227,GALLETITAS BAGLEY COQUITAS 157G,2388.00,,2026-10-09
DAR,0000000116514,GALLETITAS BAGLEY CHOCOLINAS BLANCO 170G,2388.00,,2026-10-09
DAR,0000000116515,GALLETITAS BAGLEY CHOCOLINAS NEGRO 181G,2388.00,,2026-10-09
DAR,0000000032113,GALLETITAS LIA SURTIDO 400G,2490.00,,2026-10-09
DAR,0000000021480,GALLETITAS BAGLEY SANDWICH TRAVIATA 303G,2532.00,,2026-10-09
DAR,0000000010167,GALLETITAS SERRANAS SANDWICH 324G,2548.00,,2026-10-09
DAR,0000000010990,GALLETITAS FRUTIGRAN AVENAS PASAS 250G,2590.00,,2026-10-09
DAR,0000000020294,GALLETITAS FRUTIGRAN SEMILLAS CHIA/LINO 240G.,2590.00,,2026-10-09
DAR,0000000020295,GALLETITAS FRUTIGRAN SEMILLAS SESAMO/AMARANTO/GIRASOL 260G,2590.00,,2026-10-09
DAR,0000000028426,GALLETITAS CACHAFAZ ORGANICAS AVENA/MIEL 170G,2628.00,,2026-10-09
DAR,0000000038179,GALLETITAS PEPAS SMAMS S/TACC 150G,2666.00,,2026-10-09
DAR,0000000020062,GALLETITAS GRANIX FIESTA SURTIDA 350G,2690.00,,2026-10-09
DAR,0000000023563,GALLETITAS CERAL DIET COCO 190G,2730.00,,2026-10-09
DAR,0000000023564,GALLETITAS CERAL DIET NARANJA 190G,2730.00,,2026-10-09
DAR,0000000023565,GALLETITAS CERAL DIET LIMON 190G,2730.00,,2026-10-09
DAR,0000000022284,GALLETITAS BAGLEY REX ORIGINAL 125G,2777.00,,2026-10-09
DAR,0000000024980,GALLETITAS BAGLEY KESITAS 125G,2777.00,,2026-10-09
DAR,0000000033661,GALLETITAS CEREALITAS AVENA/CACAO 170G,2781.00,,2026-10-09
DAR,0000000113929,GALLETITAS CEREAL MIX FRUTILLA/CHIA 207G,2888.00,,2026-10-09
DAR,0000000010085,GALLETITAS LIA VOCACION 384G,2890.00,,2026-10-09
DAR,0000000022554,GALLETITAS TODDY CHISPAS 126G,2890.00,,2026-10-09
DAR,0000000024008,GALLETITAS MOLINO 10 SEMILLAS 231G,2890.00,,2026-10-09
DAR,0000000032930,GALLETITAS LIA VOCACION ACARAMELADA 435G,2890.00,,2026-10-09
DAR,0000000025393,GALLETITAS CACHAFAZ AVENA/PASAS 225G,2990.00,,2026-10-09
DAR,0000000025394,GALLETITAS CACHAFAZ ALGARROBA 225G,2990.00,,2026-10-09
DAR,0000000028551,GALLETITAS LA PROVIDENCIA CRACKERS 505G.,2990.00,,2026-10-09
DAR,0000000010873,GALLETITAS BAGLEY OPERA 220G,3063.00,,2026-10-09
DAR,0000000019394,GALLETITAS FRUTIGRAN TROPICAL 250G,3085.00,,2026-10-09
DAR,0000000006780,GALLETITAS BAGLEY CHOCOLINAS 250G,3165.00,,2026-10-09
DAR,0000000038185,GALLETITAS SMAMS CRACKERS S/TACC 150G,3174.00,,2026-10-09
DAR,0000000029192,GALLETITAS ARCOR SURTIDOS DIVERSION 398G,3190.00,,2026-10-09
DAR,0000000021551,GALLETITAS LIA MEDIA TARDE SANDWICH 535G,3490.00,,2026-10-09
DAR,0000000025122,GALLETITAS CACHAFAZ AVENA/CHIPS 225G,3590.00,,2026-10-09
DAR,0000000025123,GALLETITAS CACHAFAZ GRANOLA 225G,3590.00,,2026-10-09
DAR,0000000110110,GALLETITAS DONINAS DULCES C/SEMILLA 200G,3662.00,,2026-10-09
DAR,0000000110943,GALLETITAS DONINAS C/FRUTOS SECOS 200G,3662.00,,2026-10-09
DAR,0000000010867,GALLETITAS BAGLEY CRIOLLITAS 507G,3887.00,,2026-10-09
DAR,0000000022269,GALLETITAS BAGLEY CRIOLLITAS 499G,3887.00,,2026-10-09
DAR,0000000021481,GALLETITAS BAGLEY SANDWICH TRAVIATA 506G,3912.00,,2026-10-09
DAR,0000000015055,GALLETITAS VAINILLAS WHISPER 400G,3990.00,,2026-10-09
DAR,0000000017613,GALLETITAS MANA VAINILLA 408G,4109.00,,2026-10-09
DAR,0000000029205,GALLETITAS BAGLEY SURTIDO 400G,4220.00,,2026-10-09
DAR,0000000010997,GALLETITAS GRANIX SEMOLADAS 420G,4279.00,,2026-10-09
DAR,0000000019358,GALLETITAS GRANIX CRACKERS SANDWICH 600G,4390.00,,2026-10-09
DAR,0000000113861,GALLETITAS ARCOR HOGAREÑAS MIX CEREALES 3X185G,5330.00,,2026-10-09
DAR,0000000113862,GALLETITAS ARCOR HOGAREÑAS 7 SEMILLAS 3X189G,5330.00,,2026-10-09
DAR,0000000011533,GALLETITAS BAGLEY MERENGADAS 261G,5397.00,,2026-10-09
DAR,0000000018087,GALLETITAS BAGLEY RUMBA TRIPACK 324G,5397.00,,2026-10-09
DAR,0000000029194,GALLETITAS BAGLEY SONRISAS FRAMBUESA 324G,5397.00,,2026-10-09
DAR,0000000023941,GALLETITAS GRANIX FRUTIGRAN AVENA/PASAS 500G,5703.00,,2026-10-09
DAR,0000000108773,GALLETITAS TWISTOS JAMON 155G,6325.00,,2026-10-09
DAR,0000000023814,TOSTADAS MANIERI DE MESA 200G,1390.00,,2026-10-09
DAR,0000000023815,TOSTADAS MANIERI DULCES 200G,1390.00,,2026-10-09
DAR,0000000023818,TOSTADAS MANIERI LIGHT 200G,1587.00,,2026-10-09
DAR,0000000013360,TOSTADAS RIERA MESA CLÁSICA 200G.,1739.00,,2026-10-09
DAR,0000000013361,TOSTADAS RIERA DIET DULCES 200G R-,1739.00,,2026-10-09
DAR,0000000033620,TOSTADAS MANIERI 4 SEMILLAS LIGHT 200G,1777.00,,2026-10-09
DAR,0000000016298,TOSTADAS RIERA LIGHT 200 G.,2006.00,,2026-10-09
DAR,0000000018674,TOSTADAS RIERA MULTISEMILLAS 200G.,2006.00,,2026-10-09
DAR,0000000010129,MERMELADA NOEL DURAZNO 454G,2790.00,,2026-10-09
DAR,0000000010130,MERMELADA NOEL NARANJA 454G,2790.00,,2026-10-09
DAR,0000000010131,MERMELADA NOEL CIRUELA 454G,2790.00,,2026-10-09
DAR,0000000010132,MERMELADA NOEL DAMASCO 454 G.,2790.00,,2026-10-09
DAR,0000000010124,MERMELADA NOEL DURAZNO LIGHT 390G,2980.00,,2026-10-09
DAR,0000000010125,MERMELADA NOEL NARANJA LIGHT 390G,2980.00,,2026-10-09
DAR,0000000010126,MERMELADA NOEL CIRUELA LIGHT 390G.,2980.00,,2026-10-09
DAR,0000000010127,MERMELADA NOEL DAMASCO LIGHT 390G,2980.00,,2026-10-09
DAR,0000000010133,MERMELADA NOEL FRUTILLA 454G,3809.00,,2026-10-09
DAR,0000000010128,MERMELADA NOEL FRUTILLA LIGHT 390G,4000.00,,2026-10-09
DAR,0000000028364,MERMELADA ARCOR DURAZNO 454 G,4040.00,,2026-10-09
DAR,0000000028365,MERMELADA ARCOR CIRUELA 454 G,4040.00,,2026-10-09
DAR,0000000022149,MERMELADA ARCOR DURAZNO LIGHT 390G,4407.00,,2026-10-09
DAR,0000000022150,MERMELADA ARCOR NARANJA LIGHT 390G,4407.00,,2026-10-09
DAR,0000000002620,MERMELADA LA CAMPAGNOLA CIRUELA 454G,4861.00,,2026-10-09
DAR,0000000002622,MERMELADA LA CAMPAGNOLA DURAZNO 454G,4861.00,,2026-10-09
DAR,0000000002631,MERMELADA LA CAMPAGNOLA NARANJA 454G,4861.00,,2026-10-09
DAR,0000000002624,MERMELADA LA CAMPAGNOLA DURAZNO BC 390G,5027.00,,2026-10-09
DAR,0000000002626,MERMELADA LA CAMPAGNOLA CIRUELA BC 390G,5027.00,,2026-10-09
DAR,0000000002627,MERMELADA LA CAMPAGNOLA DAMASCO BC 390G,5027.00,,2026-10-09
DAR,0000000016177,MERMELADA ORIETA PRODIABET FRUTILLA 340G,5587.00,,2026-10-09
DAR,0000000022151,MERMELADA ARCOR FRUTILLA LIGHT 390G,5864.00,,2026-10-09
DAR,0000000002629,MERMELADA LA CAMPAGNOLA FRUTILLA 454G,6078.00,,2026-10-09
DAR,0000000002625,MERMELADA LA CAMPAGNOLA FRUTILLA BC 390G,6282.00,,2026-10-09
DAR,0000000113814,MERMELADA LA CAMPAGNOLA ARANDANOS 454G,6560.00,,2026-10-09
DAR,0000000113815,MERMELADA LA CAMPAGNOLA FRUTOS ROJOS 454G,6560.00,,2026-10-09
DAR,0000000113816,MERMELADA LA CAMPAGNOLA ARANDANOS BC 390G,6788.00,,2026-10-09
DAR,0000000113817,MERMELADA LA CAMPAGNOLA FRUTOS ROJOS BC 390G,6788.00,,2026-10-09
DAR,0000000113884,CARAMELOS MENTHOPLUS MIEL 29.4G.,774.00,,2026-10-09
DAR,0000000116576,CARAMELOS ARCOR RELLENOS MIEL 80G.,1807.00,,2026-10-09
DAR,0000000013882,ARITOS GRANIX MIEL 130 G.,2158.00,,2026-10-09
DAR,0000000025706,JABON JOHNSON BABY C/MIEL/VIT.E 80G,2158.00,,2026-10-09
DAR,0000000033346,MIEL ABEJAS LIQUIDA TREBOLAR 250G,3428.00,,2026-10-09
DAR,0000000026108,MIEL ABEJAS LIQUIDA ALELUYA 190G,4290.00,,2026-10-09
DAR,0000000026109,MIEL ABEJAS LIQUIDA ALELUYA 250G,5576.00,,2026-10-09
DAR,0000000033347,MIEL ABEJAS LIQUIDA TREBOLAR 500G,6211.00,,2026-10-09
DAR,0000000018945,CARAMELOS ARCOR MIEL/MENTA 335G,6886.00,,2026-10-09
DAR,0000000033796,JABON TOC.PALMOLIVE NAT JAZMIN/CACAO 85G,790.00,,2026-10-09
DAR,0000000027909,CACAO SQUADRA 180G,1612.00,,2026-10-09
DAR,0000000033158,ALMOHADITAS MOLINOS ALA CACAO/VAINILLA 90G,1714.00,,2026-10-09
DAR,0000000000125,CACAO POLVO EL QUILLA 200G,2031.00,,2026-10-09
DAR,0000000019197,CACAO TODDY ORIGINAL 180G,2090.00,,2026-10-09
DAR,0000000019071,CACAO CHOCOLINO FORTIFICADO PLUS POLVO 180 G.,2450.00,,2026-10-09
DAR,0000000021613,CACAO NESQUIK 180G,2690.00,,2026-10-09
DAR,0000000034494,ALFAJOR CACHAFAZ 72% CACAO MASA ALM.64G,3290.00,,2026-10-09
DAR,0000000033737,CHOCOL. HERSHEYS 40% CACAO 75G.,4190.00,,2026-10-09
DAR,0000000000123,CACAO POLVO EL QUILLA 450G,4306.00,,2026-10-09
DAR,0000000021612,CACAO NESQUIK 360G,4890.00,,2026-10-09
DAR,0000000019053,CACAO CHOCOLINO FORTIFICADO PLUS POLVO 360G.,4962.00,,2026-10-09
DAR,0000000033740,CHOCOL. HERSHEYS 73% CACAO 85G.,5490.00,,2026-10-09
DAR,0000000032926,H.PASCUA VIZZIO CACAO 62% 25U 124G,7890.00,,2026-10-09
DAR,0000000025683,CACAO NESQUIK 800G,10783.00,,2026-10-09
DAR,0000000015130,BARRA CEREAL FLOW GRANOLA C/ ALM/FRU 23G,990.00,,2026-10-09
DAR,0000000016165,BARRA CEREAL FLOW LIGHT MANZANA 21G,990.00,,2026-10-09
DAR,0000000111841,BARRA CEREAL MIX ARCOR ORIGINAL 23G,1280.00,,2026-10-09
DAR,0000000111842,BARRA CEREAL MIX ARCOR MANZANA LIGHT 23G.,1280.00,,2026-10-09
DAR,0000000116768,BARRA CEREAL MIX ARCOR FRUTOS SECOS 33G,1379.00,,2026-10-09
DAR,0000000116769,BARRA CEREAL MIX ARCOR PISTACHO/MANI 38G,1379.00,,2026-10-09
DAR,0000000115366,CEREAL JULICROC BOLITAS CHOC 150G,1766.00,,2026-10-09
DAR,0000000011260,CEREAL GRANIX SKARCHITOS VIT 240G.,2190.00,,2026-10-09
DAR,0000000028666,CEREAL PURA VIDA ANILLOS FRUTALES S/TACC 200G,2412.00,,2026-10-09
DAR,0000000028668,CEREAL PURA VIDA BOLITAS DUO S/TACC200G,2755.00,,2026-10-09
DAR,0000000026903,CEREAL GRANIX FIBRA TOTAL CON PASAS 200G,2793.00,,2026-10-09
DAR,0000000116063,CEREALES ARCOR FORMIS FRUTAL 145G,2832.00,,2026-10-09
DAR,0000000034126,CEREAL KELLOGGS ZUCARITAS 240G,3454.00,,2026-10-09
DAR,0000000116064,CEREALES ARCOR FORMIS FRUTAL 245G,4054.00,,2026-10-09
DAR,0000000029406,CEREAL KELLOGGS FROOT LOOPS 195G.,4393.00,,2026-10-09
DAR,0000000024761,CEREAL GRANIX SKARCHITOS 500G.,4889.00,,2026-10-09
DAR,0000000033708,POLENTA MOLINOS ALA 500G,980.00,,2026-10-09
DAR,0000000007022,POLENTA ARCOR PRESTOPRONTA 490G,1790.00,,2026-10-09
DAR,0000000011992,POLENTA ARCOR PRESTOPRONTA 730G,2845.00,,2026-10-09
DAR,0000000005571,GARBANZOS COM-PRO LATA 300G.,1180.00,,2026-10-09
DAR,0000000017943,GARBANZOS SECOS EL TALAR 400G,1490.00,,2026-10-09
DAR,0000000013907,MAYONESA CADA DIA LIVIANA D-P 250C.,790.00,si,2026-10-09
DAR,0000000000455,MAYONESA HELLMANN S SACHET 125CC,863.00,,2026-10-09
DAR,0000000020154,MAYONESA NATURA SACHET 125C.,890.00,,2026-10-09
DAR,0000000011086,MAYONESA HELLMANN S LIVIANA D.P.250CC,1490.00,,2026-10-09
DAR,0000000000442,MAYONESA HELLMANN S SACHET 250CC,1590.00,,2026-10-09
DAR,0000000008382,MAYONESA DANICA FIESTA DOYPACK 500CC,1590.00,,2026-10-09
DAR,0000000007817,MAYONESA NATURA DOYPACK 250CC,1690.00,,2026-10-09
DAR,0000000013908,MAYONESA CADA DIA LIVIANA D-P 500CC,1690.00,,2026-10-09
DAR,0000000027497,MAYONESA HELLMANN S T.CASERA D.P 247CC,2565.00,,2026-10-09
DAR,0000000034727,MAYONESA HELLMANN S PESTO DOYPACK 250CC,2857.00,,2026-10-09
DAR,0000000011622,MAYONESA HELLMANN S LIVIANA D.P.500CC,2890.00,,2026-10-09
DAR,0000000032362,MAYONESA HELLMANN S AJO D-P 250G,2895.00,,2026-10-09
DAR,0000000034116,MAYONESA HELLMANN S BACON DOYPACK 250CC,2895.00,,2026-10-09
DAR,0000000034396,MAYONESA HELLMANN S ASADO DOYPACK 250CC,2895.00,,2026-10-09
DAR,0000000034397,MAYONESA HELLMANN S ASADO SQZ 340G,2895.00,,2026-10-09
DAR,0000000008383,MAYONESA DANICA FIESTA DOYPACK 1000C,2990.00,,2026-10-09
DAR,0000000013121,MAYONESA MAYOLIVA DOYPACK 250CC,2990.00,,2026-10-09
DAR,0000000006158,MAYONESA HELLMANN S DOYPACK 500CC,3090.00,,2026-10-09
DAR,0000000007818,MAYONESA NATURA DOYPACK 500CC,3490.00,,2026-10-09
DAR,0000000013909,MAYONESA CADA DIA LIVIANA D-P 1000CC,3962.00,,2026-10-09
DAR,0000000003042,MAYONESA HELLMANN S DOYPACK 1000CC,5430.00,si,2026-10-09
DAR,0000000007819,MAYONESA NATURA DOYPACK 1000CC,6973.00,,2026-10-09
DAR,0000000019962,MOSTAZA SAVORA ORIGINAL SACHET 60G.,825.00,,2026-10-09
DAR,0000000034395,MOSTAZA FANACOA DOYPACK 250G.,964.00,,2026-10-09
DAR,0000000022559,MOSTAZA NATURA D-P 250G.,1290.00,,2026-10-09
DAR,0000000019958,MOSTAZA SAVORA DOYPACK 250G.,1590.00,,2026-10-09
DAR,0000000012703,MOSTAZA BARBERA PET 375 G.,1982.00,,2026-10-09
DAR,0000000022697,MOSTAZA NATURA D-P 500G.,2539.00,,2026-10-09
DAR,0000000034569,MOSTAZA SAVORA SQZ 200G.,2615.00,,2026-10-09
DAR,0000000019963,MOSTAZA SAVORA DOYPACK 500G.,2990.00,,2026-10-09
DAR,0000000017257,KETCHUP HELLMANN S SACHET 60G,990.00,,2026-10-09
DAR,0000000034394,KETCHUP FANACOA D-P 250G,1422.00,,2026-10-09
DAR,0000000022557,KETCHUP NATURA D-P 250G.,1690.00,si,2026-10-09
DAR,0000000113854,KETCHUP LA CAMPAGNOLA D-P 250G,2216.00,,2026-10-09
DAR,0000000011456,KETCHUP HELLMANN S D-P 250G,2247.00,,2026-10-09
DAR,0000000116368,PAPAS FRITAS JULICROC SABOR KETCHUP 70G,2391.00,,2026-10-09
DAR,0000000022849,KETCHUP HELLMANNS D-P 500G,4590.00,,2026-10-09
DAR,0000000017647,VINAGRE 2 ANCLAS ALCOHOL PET 500C.,1345.00,,2026-10-09
DAR,0000000032749,VINAGRE MOLTO ALCOHOL PET 1L,1540.00,,2026-10-09
DAR,0000000032754,VINAGRE MOLTO VINO PET 500C,1777.00,,2026-10-09
DAR,0000000016036,VINAGRE 2 ANCLAS ALCOHOL PET 1L.,1968.00,,2026-10-09
DAR,0000000000519,PICKLES VINAGRE MARVAVIC 80G,2068.00,,2026-10-09
DAR,0000000010767,VINAGRE MARVAVIC ALCOHOL PET 1L.,2548.00,,2026-10-09
DAR,0000000002879,AJIES VINAGRE MARVAVIC 120G.,6433.00,,2026-10-09
DAR,0000000034295,VINAGRE FAVINCO ALCOHOL 5L,8751.00,,2026-10-09
DAR,0000000009073,ATUN DESMENUZADO AL NATURAL SION 170G.,1890.00,,2026-10-09
DAR,0000000028289,ATUN DESMENUZADO AL NATURAL BAHIA 170G,1950.00,,2026-10-09
DAR,0000000034702,ATUN LOMO SWIFT NATURAL 170G,3690.00,si,2026-10-09
DAR,0000000002603,ATUN AL NATURAL LA CAMPAGNOLA 170G.,6590.00,,2026-10-09
DAR,0000000116776,ATUN LA CAMPAGNOLA AHUMADO 170G.,7982.00,,2026-10-09
DAR,0000000001366,ARVEJAS AL NATURAL COM-PRO LATA 300G.,739.00,,2026-10-09
DAR,0000000029837,ARVEJAS DOÑA PUPA T-B 340G,740.00,,2026-10-09
DAR,0000000019048,ARVEJAS PARTIDAS COM-PRO 400G,952.50,,2026-10-09
DAR,0000000010102,ARVEJAS ARCOR LATA 300G.,1598.00,,2026-10-09
DAR,0000000007493,ARVEJAS LA CAMPAGNOLA 300G,1838.00,,2026-10-09
DAR,0000000021180,CHOCLO CREMOSO AMARILLO COM-PRO LATA 300G,950.00,,2026-10-09
DAR,0000000032737,CHOCLO CREMOSO AMARILLO MOLTO 300G.,1104.00,,2026-10-09
DAR,0000000017940,CHOCLO GRANOS SION AMARILLO 300 G.,1560.00,,2026-10-09
DAR,0000000024722,CHOCLO COM-PRO AMARILLO LATA 340G - IMPORTADO,2290.00,,2026-10-09
DAR,0000000010103,CHOCLO CREMOSO AMARILLO ARCOR 300G.,2447.00,,2026-10-09
DAR,0000000105801,CHOCLO UNID.,2490.00,,2026-10-09
DAR,0000000032609,SOPA KNORR QUICK CHOCLO 5U,3190.00,,2026-10-09
DAR,0000000000406,JAMON DEL DIABLO SWIFT 88G,1352.00,,2026-10-09
DAR,0000000020164,SNACKS LA CUMBRE JAMON SERRANO 120G,1384.00,,2026-10-09
DAR,0000000110087,TUBITOS DE MAIZ JULICROC JAMON 65G,1468.00,,2026-10-09
DAR,0000000116832,PAPAS FRITAS FILLS JAMON SERRANO 90G,2190.00,,2026-10-09
DAR,0000000116905,MANI CRAKET SABOR JAMON 240G,2390.00,,2026-10-09
DAR,0000000024329,MANI ZYMA SABOR JAMON 150G,2730.00,,2026-10-09
DAR,0000000116819,PAPAS FRITAS QUENTO JAMON SERRANO 82G,3021.00,,2026-10-09
DAR,0000000112623,JAMON COCIDO PALADINI RED.SODIO A/V 150G,4936.00,,2026-10-09
DAR,0000000106081,CAPELLETIS DON YEYO CARNE JAMON 400 G,5014.00,,2026-10-09
DAR,0000000103264,RAVIOLES PALADINI JAMON/MUZZARELLA 500G,5340.00,,2026-10-09
DAR,0000000115472,RAVIOLES MIL HOJAS JAMON Y POLLO 500G,5657.00,,2026-10-09
DAR,0000000110267,JAMON COC.L ABRATTO FET.125G,6312.00,,2026-10-09
DAR,0000000115861,PAPAS FRITAS LAYS JAMON SERRANO 122G,6440.00,,2026-10-09
DAR,0000000113841,JAMON COC.PALADINI FET.FINAS 200G,6652.00,,2026-10-09
DAR,0000000111255,JAMON CRUDO ESPUÑA FET.100G.,9953.00,,2026-10-09
DAR,0000000113844,JAMON CRUDO PALADINI FET.FINAS 120G.,10865.00,,2026-10-09
DAR,0000000116782,PIZZA PIETRO MOZZA JAMON 510G,10890.00,,2026-10-09
DAR,0000000055321,JAMON COCIDO SAN ROMAN K,10990.00,,2026-10-09
DAR,0000000112421,JAMON CUADRADO DE CERDO K,11900.00,,2026-10-09
DAR,0000000112422,JAMON REDONDO DE CERDO K,11900.00,,2026-10-09
DAR,0000000116357,PIZZA SIBARITA MOZZARELLA Y JAMON 530G,15459.00,,2026-10-09
DAR,0000000055105,JAMON COCIDO PALADINI K,23890.00,,2026-10-09
DAR,0000000110280,JAMON COCIDO L ABRATTO NATURAL K,36773.00,,2026-10-09
DAR,0000000050306,JAMON CRUDO FELA,55264.00,,2026-10-09
DAR,0000000112173,JAMON CRUDO PALADINI K,83921.00,,2026-10-09
DAR,0000000109696,HAMBURGUESAS FINAS PALADINI 2U.,2573.00,,2026-10-09
DAR,0000000111480,HAMBURGUESAS PALADINI CERDO 2U.,2967.00,,2026-10-09
DAR,0000000112069,HAMBURGUESAS PALADINI CERDO BAC/CHED 2U,2967.00,,2026-10-09
DAR,0000000111493,HAMBURGUESAS PALADINI CLAS.2U.,3431.00,,2026-10-09
DAR,0000000109619,HAMBURGUESAS PATY FIN.2U.,3490.00,,2026-10-09
DAR,0000000108721,HAMBURGUESAS PATY CLASICA 2U.,4790.00,,2026-10-09
DAR,0000000116324,HAMBURGUESAS SWIFT X-TREMA 185G,5833.00,,2026-10-09
DAR,0000000111999,HAMBURGUESAS SWIFT XL 250G.,7038.00,,2026-10-09
DAR,0000000104351,HAMBURGUESAS PALADINI CONG.4 U,7623.00,,2026-10-09
DAR,0000000112001,HAMBURGUESAS SWIFT CASERA 240G,7868.00,,2026-10-09
DAR,0000000108152,HAMBURGUESAS PATY GRANDES 2U.,8133.00,,2026-10-09
DAR,0000000109615,HAMBURGUESAS PATY CLAS.4U 320G,8490.00,,2026-10-09
DAR,0000000113044,HAMBURGUESAS PATY 72 CLAS.4U,9216.00,,2026-10-09
DAR,0000000115526,HAMBURGUESAS PATY VERDE 4U,11238.00,,2026-10-09
DAR,0000000111492,HAMBURGUESAS PALADINI CLAS.12U.,22608.00,,2026-10-09
DAR,0000000109662,HAMBURGUESAS PATY SC 12U.,28281.00,,2026-10-09
DAR,0000000034009,SABOR.KNORR MIX POLLO 4 SOBRES,1190.00,,2026-10-09
DAR,0000000104269,REPOLLO BLANCO K,1890.00,,2026-10-09
DAR,0000000109835,MED.DE POLLO PALADINI 2U,2816.00,,2026-10-09
DAR,0000000021890,SABOR.KNORR POLLO HOR.LIM/ORE.21G,2890.00,,2026-10-09
DAR,0000000022261,SABOR.KNORR POLLO HOR.CRIOLLO 21G,2890.00,,2026-10-09
DAR,0000000034422,SABOR.KNORR POLLO HOR.FINAS HIERBAS 21G,2890.00,,2026-10-09
DAR,0000000034423,SABOR.KNORR POLLO HOR.ORIENTAL 21G,2890.00,,2026-10-09
DAR,0000000104270,REPOLLO COLORADO K,2990.00,,2026-10-09
DAR,0000000109836,MED.DE POLLO PALADINI J/Q 2U.,3351.00,,2026-10-09
DAR,0000000111474,MED.DE POLLO/ESP/QUE.PALADINI 2U,3351.00,,2026-10-09
DAR,0000000103063,POLLO K,3990.00,,2026-10-09
DAR,0000000106076,RAVIOLES DON YEYO ESPINACA/POLLO 500G,4530.00,,2026-10-09
DAR,0000000010253,ALIMENTO GATO WHISKAS POLLO 500G,4950.00,,2026-10-09
DAR,0000000113358,PALITOS DE POLLO SWIFT 260G,5099.00,,2026-10-09
DAR,0000000103085,RAVIOLES PALADINI POLLO/ESPINACA 500G,5340.00,,2026-10-09
DAR,0000000032650,ALIMENTO GATO GATI ADUL CARNE Y POLLO 1K,6190.00,,2026-10-09
DAR,0000000110410,NUGGETS DE POLLO PALADINI 380G,6890.00,,2026-10-09
DAR,0000000116525,NUGGETS DE POLLO SADIA SAURIO 400G,6980.00,,2026-10-09
DAR,0000000103371,MEDIO POLLO S/MENUDO K,6990.00,,2026-10-09
DAR,0000000116635,BOCADITOS DE POLLO SWIFT KIDS 400G,7204.00,,2026-10-09
DAR,0000000113572,RAVIOLES DON YEYO ESPINACA/POLLO 1K,8187.00,,2026-10-09
DAR,0000000111217,PATA POLLO K,8890.00,,2026-10-09
DAR,0000000111218,MUSLO POLLO K,8990.00,,2026-10-09
DAR,0000000115595,NUGGETS DE POLLO GJA.SOL 400G,9450.00,,2026-10-09
DAR,0000000115601,SUPREMA GJA.SOL POLLO 360G,10026.00,,2026-10-09
DAR,0000000113784,REBOZADO DE POLLO SADIA 720GR,13890.00,si,2026-10-09
DAR,0000000100075,POLLO DESHUESADO K,17900.00,,2026-10-09
DAR,0000000000137,CALDO KNORR CARNE 2 UNIDADES,596.00,,2026-10-09
DAR,0000000007448,PICADILLO CARNE SWIFT 90G,1280.00,,2026-10-09
DAR,0000000034800,ALIM.TIRITAS BLANDAS GATO RAZA CARNE 50G,1490.00,,2026-10-09
DAR,0000000109697,MEDALLONES DE CARNE FELA 2U.,1756.00,,2026-10-09
DAR,0000000001094,CALDO KNORR CARNE 12 U.,2690.00,,2026-10-09
DAR,0000000021891,SABOR.KNORR CARNE HOR.CEB/AJO 21G,2890.00,,2026-10-09
DAR,0000000034421,SABOR.KNORR CARNE HOR.BARBACOA 35G,2890.00,,2026-10-09
DAR,0000000104420,MEDALLONES DE CARNE FELA 4U.,3734.00,,2026-10-09
DAR,0000000026689,"ALIMENTO PERRO RAZA SABOR CARNE AD.1,5K",3790.00,si,2026-10-09
DAR,0000000034797,ALIMENTO PERRO RAZA AD.CARNE R.PEQ.1.5KG,3790.00,si,2026-10-09
DAR,0000000106075,RAVIOLES DON YEYO ESPINACA/CARNE 500G,4711.00,,2026-10-09
DAR,0000000017386,ALIMENTO GATO WHISKAS CARNE 500G,4950.00,,2026-10-09
DAR,0000000103002,RAVIOLES PALADINI CARNE Y VERDURA 500G,5340.00,,2026-10-09
DAR,0000000025156,CAPELETTIS LUCCHETTI CARNE 500G,5690.00,,2026-10-09
DAR,0000000000143,CAPELETTINIS GIACOMO CARNE 500G,5990.00,,2026-10-09
DAR,0000000115473,RAVIOLES MIL HOJAS CARNE Y VERDURA 500G,6817.00,,2026-10-09
DAR,0000000106080,RAVIOLES DON YEYO ESPINACA Y CARNE 1K,8510.00,,2026-10-09
DAR,0000000109203,MILANESA DE CARNE ELABORACION PROPIA K,21490.00,,2026-10-09
DAR,0000000116747,ARROLLADO PALADINI CARNE K,43863.00,,2026-10-09
DAR,0000000026693,ALIMENTO GATO RAZA SABOR PESCADO AD.500G,2190.00,,2026-10-09
DAR,0000000034798,ALIMENTO GATO RAZA PESCADO 1K,3890.00,,2026-10-09
DAR,0000000010254,ALIMENTO GATO WHISKAS PESCADO 500G,4950.00,,2026-10-09
DAR,0000000108020,ALIMENTO GATO CAT.CHOW AD.PESCADO 500G,5490.00,,2026-10-09
DAR,0000000116830,PAPAS FRITAS FILLS CLASICAS 90G,2190.00,,2026-10-09
DAR,0000000001192,PAPAS FRITAS PEDRIN 70 G.,2350.00,,2026-10-09
DAR,0000000110097,PAPAS FRITAS JULICROC SABOR ASADO 70G,2391.00,,2026-10-09
DAR,0000000113903,PAPAS FRITAS JULICROC SABOR CHEDDAR 70G,2391.00,,2026-10-09
DAR,0000000115732,PAPAS FRITAS LAYS CLASICAS 40G,2645.00,,2026-10-09
DAR,0000000110762,PAPAS FRITAS PAY JULICROC 100G,2717.00,,2026-10-09
DAR,0000000116817,PAPAS FRITAS QUENTO CLASICAS 92G,3021.00,,2026-10-09
DAR,0000000116822,PAPAS FRITAS QUENTO LIMON 82G,3021.00,,2026-10-09
DAR,0000000110113,PAPAS FRITAS JULICROC 160G,3953.00,,2026-10-09
DAR,0000000029825,PAPAS FRITAS PEDRIN 150 G.,3990.00,,2026-10-09
DAR,0000000115791,PAPAS FRITAS LAYS ONDAS FLAMIN HOT 70G,4026.00,,2026-10-09
DAR,0000000116818,PAPAS FRITAS QUENTO CLASICAS 160G,4609.00,,2026-10-09
DAR,0000000001672,PAPAS FRITAS PRINGLES ORIGINAL 104G.,4980.00,,2026-10-09
DAR,0000000110095,PAPAS FRITAS JULICROC 250G,6218.00,,2026-10-09
DAR,0000000116292,PAPAS FRITAS PEHUAMAR ACANALADAS 230G,7475.00,,2026-10-09
DAR,0000000116294,PAPAS FRITAS LAYS CLASICAS 230G,9545.00,,2026-10-09
DAR,0000000026291,AGUA MINERAL IVESS S/G 500CC,840.00,,2026-10-09
DAR,0000000026290,AGUA MIN.IVESS C/GAS 500C.,914.00,,2026-10-09
DAR,0000000028601,AGUA LAVANDINA LIBERTADOR 1L ECONOMICA,1079.00,,2026-10-09
DAR,0000000008171,AGUA LAVANDINA LIBERTADOR 1L,1269.00,,2026-10-09
DAR,0000000029255,AGUA LAVANDINA AYUDIN ORIGINAL 1L,1490.00,,2026-10-09
DAR,0000000103394,"AGUA MINERAL NESTLE S/G 1,5L",1490.00,si,2026-10-09
DAR,0000000029179,AGUA LAVANDINA X5 COMUN 1L,1549.00,,2026-10-09
DAR,0000000011593,AGUA MINERAL S.PADRES S/G 2L,1590.00,,2026-10-09
DAR,0000000034303,"AGUA SAB CELLIER NARANJA S/G 1,5L",1590.00,,2026-10-09
DAR,0000000108009,"AGUA MINERAL IVESS S/G 1,5L",1650.00,,2026-10-09
DAR,0000000103398,AGUA MINERAL NESTLE S/G 500CC,1654.00,,2026-10-09
DAR,0000000032850,AGUA LAVANDINA X5 CONCENTRADA 1L,1777.00,,2026-10-09
DAR,0000000116015,AGUA DE MESA BENEDICTINO S/G 500CC,1790.00,,2026-10-09
DAR,0000000103396,AGUA MINERAL ECO DE LOS ANDES S/G 500CC,1815.00,,2026-10-09
DAR,0000000022534,"AGUA SAB S.PADRES MANZANA S/G 1,5L",1890.00,,2026-10-09
DAR,0000000022535,"AGUA SAB S.PADRES POMELO S/G 1,5L",1890.00,,2026-10-09
DAR,0000000022536,"AGUA SAB S.PADRES NARANJA S/G 1,5L",1890.00,,2026-10-09
DAR,0000000108644,"AGUA MINERAL NESTLE S/G 2,25L",1890.00,,2026-10-09
DAR,0000000116593,"AGUA MINERAL BRIO S/G 2,25L",1890.00,,2026-10-09
DAR,0000000018082,AGUA LAVANDINA LIBERTADOR 2L ECONOMICA,1892.00,,2026-10-09
DAR,0000000103876,AGUA MINERAL GLACIAR S/G 500CC,1964.00,,2026-10-09
DAR,0000000109464,AGUA MINERAL BONAQUA S/G 500CC,2005.00,,2026-10-09
DAR,0000000008172,AGUA LAVANDINA LIBERTADOR 2L,2031.00,,2026-10-09
DAR,0000000027788,"AGUA SAB.IVESS LEMON C/G 1,5L",2090.00,,2026-10-09
DAR,0000000108005,"AGUA SAB IVESS CITRUS C/G 1,5L",2090.00,,2026-10-09
DAR,0000000108006,"AGUA SAB IVESS NAR/DU C/G 1,5L",2090.00,,2026-10-09
DAR,0000000108007,"AGUA SAB IVESS POMELO C/G 1,5L",2090.00,,2026-10-09
DAR,0000000029034,AGUA LAVANDINA AYUDIN T/PODER LAVANDA.1L,2106.93,,2026-10-09
DAR,0000000029037,AGUA LAVANDINA AYUDIN T/PODER P.GLA.1L,2106.93,,2026-10-09
DAR,0000000108171,AGUA SAB AQUARIUS MANZANA 500CC,2189.00,,2026-10-09
DAR,0000000108172,AGUA SAB AQUARIUS POMELO 500CC,2189.00,,2026-10-09
DAR,0000000108173,AGUA SAB AQUARIUS PERA 500CC,2189.00,,2026-10-09
DAR,0000000103392,AGUA MINERAL ECO DE LOS ANDES S/G 2L,2190.00,,2026-10-09
DAR,0000000028548,"AGUA SAB BRIO NARANJA S/G 1,5L",2375.00,,2026-10-09
DAR,0000000108494,AGUA MIN.VILLA DEL SUR S/G 600C,2391.00,,2026-10-09
DAR,0000000010601,"AGUA MINERAL VILLA DEL SUR S/G.1,65L",2490.00,,2026-10-09
DAR,0000000108969,"AGUA SAB H2OH LIMONETO 1,5L",2490.00,,2026-10-09
DAR,0000000103877,"AGUA MINERAL GLACIAR S/G 1,5L",2590.00,,2026-10-09
DAR,0000000103878,AGUA MINERAL GLACIAR S/G 2L,2790.00,,2026-10-09
DAR,0000000108153,"AGUA SAB H2OH CITRUS 2,25L",2790.00,,2026-10-09
DAR,0000000109465,"AGUA MINERAL BONAQUA S/G 1,5L",2953.00,,2026-10-09
DAR,0000000109466,"AGUA MINERAL BONAQUA C/G 1,5L",2953.00,,2026-10-09
DAR,0000000001025,"AGUA MINERAL VILLAVICENCIO SIN GAS 1,5L",2990.00,,2026-10-09
DAR,0000000003571,AGUA MINERAL VILLAVICENCIO S/G 2L,2990.00,,2026-10-09
DAR,0000000028843,AGUA LAVANDINA AYUDIN ANTISPLASH 1L,3035.00,,2026-10-09
DAR,0000000016431,AGUA MIN.VILLAVICE.SPORT 750C,3082.00,,2026-10-09
DAR,0000000029256,AGUA LAVANDINA AYUDIN ORIGINAL 2L,3090.00,si,2026-10-09
DAR,0000000109997,AGUA MINERAL FRUTAFIEL 5L,3388.00,,2026-10-09
DAR,0000000014349,"AGUA MINERAL VILLA DEL SUR S/G 2,25L",3587.00,,2026-10-09
DAR,0000000110976,"AGUA MINERAL BONAQUA S/G 2,5L",3831.00,,2026-10-09
DAR,0000000108174,"AGUA SAB AQUARIUS MANZANA 1,5L",3843.00,,2026-10-09
DAR,0000000108175,"AGUA SAB AQUARIUS POMELO 1,5L",3843.00,,2026-10-09
DAR,0000000108176,"AGUA SAB AQUARIUS PERA 1,5L",3843.00,,2026-10-09
DAR,0000000108348,"AGUA SAB AQUARIUS NARANJA 1,5L",3843.00,,2026-10-09
DAR,0000000110595,"AGUA SAB AQUARIUS LIMONADA 1,5L",3843.00,,2026-10-09
DAR,0000000004410,"AGUA MINERAL VILLAVICENCIO C/G 1,5L",3852.00,,2026-10-09
DAR,0000000029035,AGUA LAVANDINA AYUDIN T/PODER LAVANDA.2L,3936.00,,2026-10-09
DAR,0000000029038,AGUA LAVANDINA AYUDIN T/PODER P.GLA.2L,3936.00,,2026-10-09
DAR,0000000116732,"AGUA MINERAL SER BAJO EN SODIO S/G 2,25L",4118.00,,2026-10-09
DAR,0000000026283,AGUA IVESS BAJO EN SODIO BIDON 6.5L,4890.00,,2026-10-09
DAR,0000000110680,"AGUA SAB AQUARIUS POMELO 2,25L",4945.00,,2026-10-09
DAR,0000000110681,"AGUA SAB AQUARIUS PERA 2,25L",4945.00,,2026-10-09
DAR,0000000110683,"AGUA SAB AQUARIUS NARANJA 2,25L",4945.00,,2026-10-09
DAR,0000000111430,"AGUA SAB AQUARIUS MANZANA 2,25L",4945.00,,2026-10-09
DAR,0000000110442,"AGUA MINERAL NESTLE S/G 6,3L",5390.00,,2026-10-09
DAR,0000000028844,AGUA LAVANDINA AYUDIN ANTISPLASH 2L,5957.00,,2026-10-09
DAR,0000000029834,AGUA LAVANDINA AYUDIN ORIGINAL 4L,6390.00,,2026-10-09
DAR,0000000026002,JUGO POLVO BC NARANJA 7G,437.00,,2026-10-09
DAR,0000000026003,JUGO POLVO BC MANGO/NARANJA 7G,437.00,,2026-10-09
DAR,0000000026004,JUGO POLVO BC NARANJA DULCE 7G,437.00,,2026-10-09
DAR,0000000026006,JUGO POLVO BC MANZANA 7G,437.00,,2026-10-09
DAR,0000000027849,JUGO POLVO ARCOR LIMONADA 15G,437.00,,2026-10-09
DAR,0000000027850,JUGO POLVO ARCOR DURAZNO 15G,437.00,,2026-10-09
DAR,0000000110528,JUGO POLVO ARCOR MANZANA 15G.,437.00,,2026-10-09
DAR,0000000110532,JUGO POLVO ARCOR NARANJA 15G,437.00,,2026-10-09
DAR,0000000110561,JUGO POLVO ARCOR ANANA 15G,437.00,,2026-10-09
DAR,0000000029369,JUGO POLVO TANG NARANJA VIT C+D 15G,459.00,si,2026-10-09
DAR,0000000029371,JUGO POLVO TANG NARANJA DULCE VIT C+D15G,459.00,si,2026-10-09
DAR,0000000029372,JUGO POLVO TANG NARANJA/MANGO VIT C+D15G,459.00,si,2026-10-09
DAR,0000000029373,JUGO POLVO TANG LIMONADA DULCE VIT C 15G,459.00,si,2026-10-09
DAR,0000000029374,JUGO POLVO TANG MULTIFRUTA VIT C+D 15G,459.00,si,2026-10-09
DAR,0000000029375,JUGO POLVO TANG POMELO ROSADO VIT C 15G,459.00,si,2026-10-09
DAR,0000000029376,JUGO POLVO TANG NARANJA/BANANA VIT C 15G,459.00,si,2026-10-09
DAR,0000000029377,JUGO POLVO TANG NARANJA/DUR VIT C+D 15G,459.00,si,2026-10-09
DAR,0000000029378,JUGO POLVO TANG PERA VIT C+D 15G,459.00,si,2026-10-09
DAR,0000000029379,JUGO POLVO TANG DURAZNO VIT C+D 15G,459.00,si,2026-10-09
DAR,0000000029380,JUGO POLVO TANG ANANA VIT C+D 15G,459.00,si,2026-10-09
DAR,0000000029383,JUGO POLVO TANG UVA VIT C+D 15G,459.00,si,2026-10-09
DAR,0000000029872,JUGO POLVO TANG FRUTILLA VIT C+D 15G,459.00,si,2026-10-09
DAR,0000000027813,JUGO POLVO CLIGHT LIMONADA/ARANDANOS 8G,490.00,,2026-10-09
DAR,0000000029343,JUGO POLVO CLIGHT MANZANA DELIC.VIT C 7G,490.00,,2026-10-09
DAR,0000000029345,JUGO POLVO CLIGHT NARANJA DULCE VIT.C 8G,490.00,,2026-10-09
DAR,0000000029346,JUGO POLVO CLIGHT POMELO ROSADO VIT.C 8G,490.00,,2026-10-09
DAR,0000000029347,JUGO POLVO CLIGHT ANANA VIT.C+D 7G,490.00,,2026-10-09
DAR,0000000029350,JUGO POLVO CLIGHT NARANJA/DUR VIT C+D 7G,490.00,,2026-10-09
DAR,0000000029352,"JUGO POLVO CLIGHT MANZANA VDE VIT C 7,5G",490.00,,2026-10-09
DAR,0000000029353,JUGO POLVO CLIGHT MANDARINA VIT C+D 8G,490.00,,2026-10-09
DAR,0000000029873,"JUGO POLVO CLIGHT LIMO/ROSA VIT C 7,5G",490.00,,2026-10-09
DAR,0000000023854,JUGO BAGGIO PRONTO NARANJA T-B 200CC,659.00,,2026-10-09
DAR,0000000108317,JUGO CEPITA NARANJA 200CC,1198.00,,2026-10-09
DAR,0000000108318,JUGO CEPITA MANZANA 200CC,1198.00,,2026-10-09
DAR,0000000108534,JUGO CEPITA MIX DURAZNO 200CC,1198.00,,2026-10-09
DAR,0000000033961,JUGO BIG CHOICE MULTIFRUTA T-B 1L,1390.00,,2026-10-09
DAR,0000000033962,JUGO BIG CHOICE NARANJA T-B 1L,1390.00,,2026-10-09
DAR,0000000033960,JUGO BIG CHOICE DURAZNO T-B 1L,1490.00,,2026-10-09
DAR,0000000109622,JUGO CEPITA NARANJA BOT.300CC,1631.00,,2026-10-09
DAR,0000000002170,JUGO LIMON MINERVA 250C,1892.00,,2026-10-09
DAR,0000000023658,"JUGO MOCORETA NARANJA BOT 1,5LT",2200.00,,2026-10-09
DAR,0000000023659,"JUGO MOCORETA POMELO ROSADO BOT 1,5L",2200.00,,2026-10-09
DAR,0000000007544,JUGO BAGGIO PRONTO NARANJA T-B 1L,2290.00,,2026-10-09
DAR,0000000007548,JUGO BAGGIO PRONTO MANZANA ROJA T-B 1L,2290.00,,2026-10-09
DAR,0000000007549,JUGO BAGGIO PRONTO DURAZ.T-B 1L,2290.00,,2026-10-09
DAR,0000000007550,JUGO BAGGIO PRONTO MULTIFRUTA T-B 1L,2290.00,,2026-10-09
DAR,0000000034640,JUGO LAS BRISAS NARA/FRUT 50%/FRUTA 500C,2390.00,,2026-10-09
DAR,0000000034642,JUGO LAS BRISAS MULTIFRUTA 50%/FRUTA 500,2390.00,,2026-10-09
DAR,0000000032885,JUGO LIMON MOLTO BOT. 500C,2539.00,,2026-10-09
DAR,0000000007253,JUGO LIMON MINERVA BOT.500C,2990.00,,2026-10-09
DAR,0000000108031,JUGO CITRIC NARANJA EXPRIMIDO 500CC,3182.00,,2026-10-09
DAR,0000000109520,JUGO CITRIC NAR-DUR EXPRIMIDO 500CC,3182.00,,2026-10-09
DAR,0000000110362,JUGO CITRIC NAR/FRUT EXPRIMIDO 500CC,3182.00,,2026-10-09
DAR,0000000110796,JUGO CITRIC POMELO EXPRIMIDO 500CC,3182.00,,2026-10-09
DAR,0000000111547,JUGO CEPITA NARANJA BOT 1L,3197.00,,2026-10-09
DAR,0000000111548,JUGO CEPITA DURAZNO BOT 1L,3197.00,,2026-10-09
DAR,0000000111549,JUGO CEPITA MANZANA BOT 1L,3197.00,,2026-10-09
DAR,0000000113150,JUGO CEPITA MULTIFRUTAL T-B 1L,3244.00,,2026-10-09
DAR,0000000029551,JUGO ORG.LAS BRISAS LIMON/JENG S/A 330C,3301.00,,2026-10-09
DAR,0000000001785,JUGO SOJA ADES NARANJA 1L,3907.00,,2026-10-09
DAR,0000000001786,JUGO SOJA ADES MANZANA 1L,3907.00,,2026-10-09
DAR,0000000008241,JUGO SOJA ADES TROPICAL 1L,3907.00,,2026-10-09
DAR,0000000109691,"JUGO CEPITA NARANJA BOT 1,5L",4297.00,,2026-10-09
DAR,0000000109692,"JUGO CEPITA DURAZNO BOT 1,5L",4297.00,,2026-10-09
DAR,0000000109693,"JUGO CEPITA ANANA BOT 1,5L",4297.00,,2026-10-09
DAR,0000000108032,JUGO CITRIC NARANJA EXPRIMIDO 1L,5282.00,,2026-10-09
DAR,0000000023572,"JUGO CERAL ARANDANOS 1,5L",5703.00,,2026-10-09
DAR,0000000109521,JUGO CITRIC POMELO EXPRIMIDO 1L,5866.00,,2026-10-09
DAR,0000000110798,JUGO CITRIC NAR/FRUT EXPRIMIDO 1L,5866.00,,2026-10-09
DAR,0000000110794,"JUGO CITRIC NARANJA EXPRIMIDO 1,5L",7628.00,,2026-10-09
DAR,0000000116256,CERVEZA ISENBECK LIVIANA LATA 473CC,1790.00,,2026-10-09
DAR,0000000111804,CERVEZA SANTA FE LATA 473CC,2090.00,,2026-10-09
DAR,0000000116647,CERVEZA QUILMES BAJO CERO 473CC,2090.00,,2026-10-09
DAR,0000000115778,CERVEZA BRAHMA LATA 473CC,2290.00,,2026-10-09
DAR,0000000116418,CERVEZA IMPERIAL GOLDEN BOT 330CC,2290.00,si,2026-10-09
DAR,0000000110144,CERVEZA BUDWEISER LATA 473CC,2390.00,,2026-10-09
DAR,0000000111871,CERVEZA MILLER BOT 330CC,2490.00,,2026-10-09
DAR,0000000106880,CERVEZA HEINEKEN BOT 330CC,2590.00,si,2026-10-09
DAR,0000000112628,CERVEZA IMPERIAL GOLDEN LATA 473CC,2690.00,,2026-10-09
DAR,0000000115609,CERVEZA HEINEKEN S/A BOT.330CC,2776.00,,2026-10-09
DAR,0000000112544,CERVEZA CORONA BOT 330CC,3090.00,,2026-10-09
DAR,0000000112126,CERVEZA ANDES ORIGEN RUBIA LATA 473CC,3201.00,,2026-10-09
DAR,0000000112610,CERVEZA ANDES ORIGEN IPA LATA 473CC,3342.00,,2026-10-09
DAR,0000000105425,CERVEZA IGUANA RET 1L,3414.00,,2026-10-09
DAR,0000000112065,CERVEZA SCHNEIDER LATA 710CC,3490.00,,2026-10-09
DAR,0000000109191,CERVEZA QUILMES 1890 970CC,3775.00,,2026-10-09
DAR,0000000116920,CERVEZA ESTRELLA GALICIA LATA LAGER 473C,3950.00,,2026-10-09
DAR,0000000032035,CERVEZA MILLER BOT.600CC,3990.00,,2026-10-09
DAR,0000000102435,CERVEZA SANTA FE 1L,3990.00,,2026-10-09
DAR,0000000113480,CERVEZA SANTA FE PILSEN RET 1L,3990.00,,2026-10-09
DAR,0000000116921,CERVEZA ESTRELLA GALICIA BOT.LAGER 355CC,3990.00,,2026-10-09
DAR,0000000103409,CERVEZA IMPERIAL 1L,4190.00,,2026-10-09
DAR,0000000111534,CERVEZA MILLER RET 1L,4390.00,,2026-10-09
DAR,0000000112583,CERVEZA IMPERIAL GOLDEN RET.1L,4390.00,,2026-10-09
DAR,0000000112652,CERVEZA PATAGONIA AMBER LATA 473CC,4616.00,,2026-10-09
DAR,0000000102047,CERVEZA QUILMES RET 1L,4690.00,,2026-10-09
DAR,0000000105125,CERVEZA BRAHMA 1L,4808.00,,2026-10-09
DAR,0000000107108,CERVEZA QUILMES STOUT 1L,4808.00,,2026-10-09
DAR,0000000102045,CERVEZA SCHNEIDER RET 1L,4890.00,,2026-10-09
DAR,0000000108803,CERVEZA IMPERIAL STOUT 1L,4980.00,,2026-10-09
DAR,0000000111771,CERVEZA IMPERIAL IPA RET 1L,4990.00,,2026-10-09
DAR,0000000108489,CERVEZA CORONA 710CC,5290.00,si,2026-10-09
DAR,0000000112396,CERVEZA GROLSCH RET 925CC,5390.00,,2026-10-09
DAR,0000000115568,CERVEZA BLUE MOON BOT.355CC,5490.00,si,2026-10-09
DAR,0000000112090,CERVEZA ANDES ORIGEN RUBIA RET 1L,5579.00,,2026-10-09
DAR,0000000112089,CERVEZA ANDES ORIGEN ROJA RET 1L,5743.00,,2026-10-09
DAR,0000000112548,CERVEZA HEINEKEN LATA 710CC,6390.00,,2026-10-09
DAR,0000000102052,CERVEZA HEINEKEN RET 1L,6990.00,,2026-10-09
DAR,0000000112987,CERVEZA QUILMES S/A LATA 6U.473CC,11290.00,,2026-10-09
DAR,0000000116667,CERVEZA IMPERIAL GOLDEN S/A LATA 6U 473C,11590.00,,2026-10-09
DAR,0000000113939,CERVEZA SANTA FE PILSEN LATA 6U.473CC,11990.00,,2026-10-09
DAR,0000000116856,CERVEZA CORONA S/A BOT 4U 330CC,12550.00,,2026-10-09
DAR,0000000111730,CERVEZA QUILMES 1890 LATA 6U.473CC,12690.00,,2026-10-09
DAR,0000000115812,CERVEZA BUDWEISER LATA 4U. 710CC,12990.00,si,2026-10-09
DAR,0000000115779,CERVEZA BRAHMA CHOPP LATA 6 UNIDADES 473CC,13490.00,,2026-10-09
DAR,0000000116326,CERVEZA QUILMES CLASICA LATA 4U. 710CC,13650.00,,2026-10-09
DAR,0000000115816,CERVEZA IMPERIAL LAGER LATA 6U 473CC,13790.00,,2026-10-09
DAR,0000000102444,CERVEZA QUILMES LATA 6U.473CC,13890.00,,2026-10-09
DAR,0000000110553,CERVEZA BUDWEISER LATA 6U.473CC,13890.00,,2026-10-09
DAR,0000000116705,CERVEZA BRAHMA LATA 4U. 710CC,15100.00,,2026-10-09
DAR,0000000115947,CERVEZA MILLER MGD LATA 6U.473CC,15690.00,,2026-10-09
DAR,0000000116728,CERVEZA SCHNEIDER LIMON LATA 6U.473C,15690.00,,2026-10-09
DAR,0000000111592,CERVEZA QUILMES STOUT LATA 6U.473CC,15730.00,,2026-10-09
DAR,0000000028338,CERVEZA IMPERIAL GOLDEN LATA 6U. 473CC,15980.00,,2026-10-09
DAR,0000000110556,CERVEZA SCHNEIDER LATA 6U.473CC,15990.00,,2026-10-09
DAR,0000000116536,CERVEZA HEINEKEN S/A.LATA 6U. 473CC,15990.00,,2026-10-09
DAR,0000000112486,CERVEZA IMPERIAL ROJA LATA 6U 473CC,16890.00,,2026-10-09
DAR,0000000112392,CERVEZA GROLSCH LATA 6U.473CC,16980.00,,2026-10-09
DAR,0000000028199,CERVEZA IMPERIAL APA LATA 6U. 473CC,16990.00,,2026-10-09
DAR,0000000112550,CERVEZA IMPERIAL STOUT LATA 6U 473C.,16990.00,,2026-10-09
DAR,0000000115839,CERVEZA GROLSCH IPA LATA 6U.473CC,18905.00,,2026-10-09
DAR,0000000116489,CERVEZA CORONA LATA 6U 473CC,18990.00,,2026-10-09
DAR,0000000029722,CERVEZA SCHNEIDER LATA 6U.710CC,19990.00,,2026-10-09
DAR,0000000114136,CERVEZA IMPERIAL LATA 6U 710CC,20900.00,,2026-10-09
DAR,0000000115184,CERVEZA IMPERIAL GOLDEN LATA 6U 710CC,23540.00,,2026-10-09
DAR,0000000115818,CERVEZA HEINEKEN LATA 6U.473CC,23590.00,,2026-10-09
DAR,0000000113969,CERVEZA MILLER LATA 6U 710CC,32490.00,,2026-10-09
DAR,0000000029723,CERVEZA HEINEKEN LATA 6U. 710CC,37890.00,,2026-10-09
DAR,0000000013620,VINO ZUMUVA BLANCO DULCE T-B 1L,1690.00,,2026-10-09
DAR,0000000002769,VINO RESERO T-B BLANCO 1L,1790.00,,2026-10-09
DAR,0000000012209,VINO RESERO ROSADO T-B 1L,1790.00,,2026-10-09
DAR,0000000002771,VINO ZUMUVA BLANCO T-B 1L,1850.00,,2026-10-09
DAR,0000000010685,VINO TALACASTO BLANCO DULCE T-B 1L,1890.00,,2026-10-09
DAR,0000000010686,VINO TALACASTO TINTO T-B 1L,1890.00,,2026-10-09
DAR,0000000001257,VINO TORO BLANCO T-B 1L,1990.00,,2026-10-09
DAR,0000000008297,VINO TORO ROSADO T-B 1L,1990.00,,2026-10-09
DAR,0000000017014,VINO UVITA BLANCO T-B 1L,1990.00,,2026-10-09
DAR,0000000017015,VINO UVITA BLANCO DULCE T-B 1L,1990.00,,2026-10-09
DAR,0000000017016,VINO UVITA TINTO T-B 1L,1990.00,,2026-10-09
DAR,0000000002770,VINO RESERO T-B TINTO 1L,2090.00,,2026-10-09
DAR,0000000008143,VINO ZUMUVA TINTO T-B 1L,2231.00,,2026-10-09
DAR,0000000001256,VINO TORO TINTO T-B 1L,2390.00,,2026-10-09
DAR,0000000027757,VINO CANCILLER BLEND TINTO BOT.750C,2590.00,si,2026-10-09
DAR,0000000013692,"VINO VIÑAS DE ALVEAR TINTO 1,125L",2990.00,,2026-10-09
DAR,0000000014351,VINO EST.MENDOZA MERLOT MALBEC 750CC,3090.00,,2026-10-09
DAR,0000000015658,VINO EST.MENDOZA CABERNET SAUV 750CC,3090.00,,2026-10-09
DAR,0000000015659,VINO EST.MENDOZA MALBEC 750CC,3090.00,,2026-10-09
DAR,0000000038339,VINO EST.MENDOZA CHEN/CHARD DULCE 750CC,3090.00,,2026-10-09
DAR,0000000027759,VINO CANCILLER BLEND TTO BOT.1.125L,3190.00,,2026-10-09
DAR,0000000027760,VINO CANCILLER BLEND DULCE BOT. 1.125L.,3190.00,,2026-10-09
DAR,0000000034708,"VINO VIÑAS DE ALVEAR BLANCO DULCE 1,125L",3212.00,,2026-10-09
DAR,0000000009028,"VINO VIÑAS DE BALBO BORGOÑA 1,125L",3690.00,,2026-10-09
DAR,0000000024278,"VINO TORO CLASICO TINTO 1,125L",3967.00,,2026-10-09
DAR,0000000003598,VINO DON VALENTIN LACRADO TINTO 750CC,3980.00,si,2026-10-09
DAR,0000000025260,VINO CALLIA CABERNET SAUVIGNON 750C,4290.00,,2026-10-09
DAR,0000000033373,VINO MAGNOLIA CHENIN DULCE NATURAL 750CC,4290.00,,2026-10-09
DAR,0000000033641,VINO FINCA MAGNOLIA BLEND DE BLANCAS 750,4290.00,,2026-10-09
DAR,0000000017671,VINO FINCA LAS MORAS MALBEC 750CC,4390.00,,2026-10-09
DAR,0000000019508,VINO CIRCUS MALBEC 750CC,4390.00,,2026-10-09
DAR,0000000029503,VINO COLON SELECTO CABERNET SAUVIG.750C,4390.00,,2026-10-09
DAR,0000000018764,VINO TRAPICHE ALARIS SYRAH 750CC,4590.00,,2026-10-09
DAR,0000000024078,VINO SAN FELIPE VAR.MALBEC 750C*,4590.00,,2026-10-09
DAR,0000000024079,VINO SAN FELIPE VAR.CABERNET 750C*,4590.00,,2026-10-09
DAR,0000000027247,VINO TRAPICHE ALARIS DCE.COS. ROSE 750C,4590.00,,2026-10-09
DAR,0000000013020,VINO PORTILLO CABERNET SAUVIGNON 750CC,4890.00,,2026-10-09
DAR,0000000013021,VINO PORTILLO MALBEC 750CC,4890.00,,2026-10-09
DAR,0000000025258,VINO PORTILLO SAUVIGNON BLANC 750C*,4890.00,,2026-10-09
DAR,0000000033072,VINO PORTILLO ROSE MALBEC 750 CC,4890.00,,2026-10-09
DAR,0000000033073,VINO PORTILLO SAUV.BLANC DULCE NAT. 750C,4890.00,,2026-10-09
DAR,0000000038279,VINO COLON SELECTO DCE.FRESCO BCO 750C,4890.00,,2026-10-09
DAR,0000000029504,VINO COLON SELECTO CHARDONNAY 750C,4990.00,,2026-10-09
DAR,0000000029505,VINO COLON SELECTO MALBEC 750C,4990.00,,2026-10-09
DAR,0000000038280,VINO COLON VAR.MALBEC-BONARDA 750CC,4990.00,,2026-10-09
DAR,0000000038281,VINO COLON VAR.CABERNET SAUV-SYRAH 750CC,4990.00,,2026-10-09
DAR,0000000014633,VINO BENJAMIN NIETO SYRAH 750CC,5190.00,,2026-10-09
DAR,0000000014634,VINO BENJAMIN NIETO CABER SAUVIG 750CC,5190.00,,2026-10-09
DAR,0000000014636,VINO BENJAMIN NIETO MALBEC 750CC,5190.00,,2026-10-09
DAR,0000000016503,VINO LOS ARBOLES MALBEC 750CC,5190.00,,2026-10-09
DAR,0000000016504,VINO LOS ARBOLES CABERN SAUV 750CC,5190.00,,2026-10-09
DAR,0000000033429,VINO CORDERO C/PIEL LOBO DULCE NAT 750CC,5390.00,,2026-10-09
DAR,0000000034378,VINO EL CAZADOR MALBEC 750CC,5619.00,,2026-10-09
DAR,0000000034379,VINO EL CAZADOR CABERNET SAUVIGNON 750CC,5619.00,,2026-10-09
DAR,0000000012104,VINO SANTA JULIA MALBEC 750CC,5690.00,,2026-10-09
DAR,0000000012105,VINO SANTA JULIA CABERNET SAUVIG 750CC,5690.00,,2026-10-09
DAR,0000000022338,VINO SANTA JULIA SAUVIGNON BLANC 750C,5690.00,,2026-10-09
DAR,0000000033093,VINO SANTA JULIA CABERNET FRANC 750CC,5690.00,,2026-10-09
DAR,0000000016927,VINO ELEMENTOS CABERNET SAUVIGNON 750CC,5790.00,,2026-10-09
DAR,0000000016928,VINO ELEMENTOS MALBEC 750CC,5790.00,,2026-10-09
DAR,0000000022327,VINO ELEMENTOS SYRAH 750CC,5790.00,,2026-10-09
DAR,0000000026125,VINO ELEMENTOS TORRON.DCE.750CC,5790.00,,2026-10-09
DAR,0000000033226,VINO ELEMENTOS RED BLEND 750CC,5790.00,,2026-10-09
DAR,0000000034361,VINO LOS CARDOS MALBEC 750CC,5790.00,,2026-10-09
DAR,0000000034362,VINO LOS CARDOS SAUV.BLANC DULCE 750CC,5790.00,,2026-10-09
DAR,0000000027239,VINO E.BUSTOS MALBEC 750C,5902.00,,2026-10-09
DAR,0000000027406,VINO E.BUSTOS CABER.SAUVIGN 750C,5902.00,,2026-10-09
DAR,0000000027629,VINO E.BUSTOS BLANCO DULCE 750C,5902.00,,2026-10-09
DAR,0000000024082,VINO SAN FELIPE ROBLE MALBEC 750C.*,5940.00,,2026-10-09
DAR,0000000033808,VINO PARTRIDGE MALBEC 750CC,5990.00,si,2026-10-09
DAR,0000000034407,VINO PARTRIDGE MALBEC ROSADO DULCE 750CC,5990.00,si,2026-10-09
DAR,0000000032592,VINO NORTON SEXY FISH BLANC DE BL. 750CC,6171.00,,2026-10-09
DAR,0000000032593,VINO NORTON SEXY FISH MALBEC 750CC,6171.00,,2026-10-09
DAR,0000000023434,VINO DADA N 1 TTO.750C.,6290.00,,2026-10-09
DAR,0000000025614,VINO DADA N 3 TTO.750C,6290.00,,2026-10-09
DAR,0000000027404,VINO DADA N 6 HONEY BLANCO 750C.R-74636,6290.00,,2026-10-09
DAR,0000000034635,VINO DADA SWEET RED LOW 750C,6290.00,,2026-10-09
DAR,0000000021574,VINO ALMA MORA MALBEC 750CC,6390.00,,2026-10-09
DAR,0000000024484,VINO FAMILIA GASCON MALBEC 750CC,6390.00,si,2026-10-09
DAR,0000000024762,VINO FAMILIA GASCON CABERNET 750CC,6390.00,si,2026-10-09
DAR,0000000026159,VINO ALMA MORA BLEND TTO.750C.,6390.00,,2026-10-09
DAR,0000000033288,VINO FAMILIA GASCON CHARDONNAY 750CC,6390.00,si,2026-10-09
DAR,0000000033779,VINO FAMILIA GASCON BLANCO DULCE 750CC,6390.00,si,2026-10-09
DAR,0000000034380,VINO ALMA MORA BLANCO DULCE 750,6390.00,,2026-10-09
DAR,0000000020832,VINO SANTA JULIA CHENIN DULCE NATUR 750C,6790.00,,2026-10-09
DAR,0000000029582,VINO SANTA JULIA DULCE TINTO NATURAL750C,6790.00,,2026-10-09
DAR,0000000017130,VINO ALAMOS MALBEC 750C.,7190.00,,2026-10-09
DAR,0000000021417,VINO EMILIA MALBEC 750CC,7490.00,,2026-10-09
DAR,0000000024451,VINO EMILIA RED BLEND 750C.,7490.00,,2026-10-09
DAR,0000000024452,VINO EMILIA SAUVIGNON BLANC 750C,7490.00,,2026-10-09
DAR,0000000000753,VINO OPORTO EL ABUELO 750CC,7532.00,,2026-10-09
DAR,0000000014561,VINO SANTA JULIA MALBEC RESERVA 750C,7890.00,,2026-10-09
DAR,0000000027270,VINO ALMA MORA MALBEC SELEC.RESERVA 750C,7990.00,,2026-10-09
DAR,0000000034085,VINO NORTON LIBRE SAUVIGNON BLANC 750C,7990.00,,2026-10-09
DAR,0000000009854,VINO FOND DE CAVE CABERNET SAUVIG 750CC,8290.00,,2026-10-09
DAR,0000000017665,VINO FOND DE CAVE MALBEC 750CC,8290.00,,2026-10-09
DAR,0000000025540,VINO FAMILIA GASCON ROBLE MALBEC 750CC,8290.00,,2026-10-09
DAR,0000000032306,VINO FAMILIA GASCON ROBLE RED BLEND 750C,8290.00,,2026-10-09
DAR,0000000038331,VINO FAMILIA GASCON ROBLE CHARDONNAY 750,8290.00,,2026-10-09
DAR,0000000006962,VINO DON DAVID CABERNET SAUVIGNON 750CC,8390.00,,2026-10-09
DAR,0000000016926,VINO DON DAVID MALBEC 750CC,8390.00,,2026-10-09
DAR,0000000034376,VINO DON DAVID RED BLEND 750CC,8390.00,,2026-10-09
DAR,0000000029031,VINO NICASIA RED BLEND MALBEC 750CC,8950.00,,2026-10-09
DAR,0000000029032,VINO NICASIA RED BLEND CAB.FRANC 750CC,8950.00,,2026-10-09
DAR,0000000024341,VINO ALAMBRADO MALBEC 750C*,9350.00,,2026-10-09
DAR,0000000024344,VINO ALAMBRADO BONARDA 750C,9350.00,,2026-10-09
DAR,0000000010426,VINO NIETO SENETINER CABERNET 750CC,9450.00,,2026-10-09
DAR,0000000033811,VINO LAS PERDICES MALBEC 750CC,9480.00,,2026-10-09
DAR,0000000033813,VINO LAS PERDICES RED BLEND MAL.CAB 750C,9480.00,,2026-10-09
DAR,0000000038111,VINO LA CELIA RES. PINOT GRIGIO 750C,10460.00,,2026-10-09
DAR,0000000029211,VINO ESCORIHUELA GASCON MALBEC 750CC,10590.00,,2026-10-09
DAR,0000000033969,VINO ESCORIHUELA GASCON MALB.CABERN 750C,10590.00,,2026-10-09
DAR,0000000032161,VINO FOND DE CAVE RESERVA MALBEC 750CC,10890.00,,2026-10-09
DAR,0000000028324,VINO S.FELICIEN MALBEC 750CC,11490.00,,2026-10-09
DAR,0000000033395,VINO RUTINI ENCUENTRO MALBEC 750CC,13590.00,si,2026-10-09
DAR,0000000034365,VINO DOÑA PAULA SINGLE VINEY MALBEC 750C,14390.00,,2026-10-09
DAR,0000000033815,VINO LAS PERDICES RESERVA MALBEC 750CC,14500.00,,2026-10-09
DAR,0000000034406,VINO LAS PERDICES RES. CHARDONNAY 750CC,14500.00,,2026-10-09
DAR,0000000011067,VINO RUTINI CAB.MALBEC 750CC,16390.00,,2026-10-09
DAR,0000000033799,VINO RUTINI CAB. FRANC MALBEC 750CC,16390.00,,2026-10-09
DAR,0000000032432,VINO COLEC. RUTINI SAUVIGNON BLANC 750C,18962.00,,2026-10-09
DAR,0000000033987,VINO ENEMIGO MALBEC 750CC,20450.00,si,2026-10-09
DAR,0000000120503,SODA ESTAMBUL 1.5L,1320.00,,2026-10-09
DAR,0000000108485,SODA ESTAMBUL SIFON 1750 CC,1840.00,si,2026-10-09
DAR,0000000026282,"SODA IVESS BAJO EN SODIO SIFON 1,75L",2090.00,,2026-10-09
DAR,0000000015710,SODA MAX SIFON 2L,2190.00,,2026-10-09
DAR,0000000025654,SODA S.PADRES SIFON 1.75L,2190.00,,2026-10-09
DAR,0000000106560,SODA IVESS SIFON 2L,2240.00,,2026-10-09
DAR,0000000032292,LAVANDINA LIBERTADOR GEL 700CC,2539.00,,2026-10-09
DAR,0000000024709,PRELAVADO TRENET SIN LAVANDINA D/P 400C,2890.00,,2026-10-09
DAR,0000000033854,JABON TOC.CAVALLARO COCO CLASICO 100G,1333.00,,2026-10-09
DAR,0000000027590,JABON LIQ.SUAVE JAZMIN Y ALMENDRAS 220C,1560.00,,2026-10-09
DAR,0000000022835,JABON PLUSBELLE FLORES ROS. GLICER. 120G,1650.00,,2026-10-09
DAR,0000000022837,JABON PLUSBELLE FRESC. GLICER. 120G,1650.00,,2026-10-09
DAR,0000000022840,JABON PLUSBELLE JAZMIN GLICER. 120G.,1650.00,,2026-10-09
DAR,0000000029855,JABON PLUSBELLE COCO/VAINI GLICER. 120G.,1650.00,,2026-10-09
DAR,0000000029856,JABON PLUSBELLE LAVANDA GLICER. 120G,1650.00,,2026-10-09
DAR,0000000034563,JABON POL.ALA DUAL MATIC+L MANO C/B 400G,1676.00,,2026-10-09
DAR,0000000021795,JABON REXONA SENSIB.FRESH 120G.,1688.00,,2026-10-09
DAR,0000000021796,JABON REXONA COTTON FRESH 120G.,1688.00,,2026-10-09
DAR,0000000021797,JABON REXONA BAMBOO FRESH 120G.,1688.00,,2026-10-09
DAR,0000000015080,JABON TOC.ARGENTINO 3 U.X 80 G.,1714.00,,2026-10-09
DAR,0000000019585,JABON POL.ZORRO CLASICO MATIC 400G,1714.00,,2026-10-09
DAR,0000000019588,JABON POL.ZORRO CLASICO REG 400G,1714.00,,2026-10-09
DAR,0000000014437,JABON CUPIDO TRICOLOR 3U 90G,1739.00,,2026-10-09
DAR,0000000000246,JABON POLVO ALA REGULAR MAX SUAVIDAD 400G.,1904.00,,2026-10-09
DAR,0000000007727,JABON POL.ALA MATIC MAX.SUAVIDAD 400G,1904.00,,2026-10-09
DAR,0000000024145,JABON LIQ.ALGABO FLORAL D-P.300C,1940.00,,2026-10-09
DAR,0000000024146,JABON LIQ.ALGABO CITRUS D-P.300C,1940.00,,2026-10-09
DAR,0000000033189,JABON LIQ.ALGABO CREMOSO FLOWER D-P.300C,1940.00,,2026-10-09
DAR,0000000033190,JABON LIQ.ALGABO CREMOSO CREAM D-P.300C,1940.00,,2026-10-09
DAR,0000000019290,JABON TOC. LUX ROS.FRAN. 120G,1968.00,,2026-10-09
DAR,0000000024025,JABON TOC. LUX JAZMIN 120G,1968.00,,2026-10-09
DAR,0000000033850,JABON TOC.IO DELICADO 3UX80G,1968.00,,2026-10-09
DAR,0000000033851,JABON TOC.IO PASION 3UX80G,1968.00,,2026-10-09
DAR,0000000026258,JABON VERITAS GLIC.SIN PERF. 120G,1990.00,,2026-10-09
DAR,0000000028990,JABON VERITAS GLIC.AC.ESENCIALES 120G,1990.00,,2026-10-09
DAR,0000000028992,JABON VERITAS GLIC.NARAN/LIMON 120G,1990.00,,2026-10-09
DAR,0000000028993,JABON VERITAS GLIC.MENTA/EUCALIPTO 120G,1990.00,,2026-10-09
DAR,0000000033743,JABON LIQ.LIBERTADOR MICROCAPSULAS 800CC,2031.00,,2026-10-09
DAR,0000000033021,JABON LIQ.LUX JAZMIN REP 220C,2090.00,si,2026-10-09
DAR,0000000019796,JABON JOHNSON BABY ORIGINAL CREMOSO 80G,2158.00,,2026-10-09
DAR,0000000033022,JABON LIQ.LUX ORQUIDEA NEGRA REP 220C,2260.00,,2026-10-09
DAR,0000000027738,JABON NIVEA CREME CARE 125G,2285.00,,2026-10-09
DAR,0000000026259,JABON VERITAS GLIC. COCO 100G.,2411.73,,2026-10-09
DAR,0000000027182,JABON LIQ.PALMOLIVE DESCAN/FLOR D-P 200C,2412.00,,2026-10-09
DAR,0000000002269,JABON TOC.DOVE BLANCO 90G.,2490.00,,2026-10-09
DAR,0000000033148,JABON TOC.DOVE PIEL SENSIBLE 90 G.,2490.00,,2026-10-09
DAR,0000000038051,JABON LIQ.GRANBY BICAR. LIMON D-P. 800C,2490.00,,2026-10-09
DAR,0000000038052,JABON LIQ.GRANBY BICAR. ROSAS D-P. 800C,2490.00,,2026-10-09
DAR,0000000026214,JABON TOC.DOVE BABY HUME.SENSIBLE 75G,2539.00,,2026-10-09
DAR,0000000024122,JABON LIMOL PUREZA CREMOSA 3 PAST.90G,2793.00,,2026-10-09
DAR,0000000024123,JABON LIMOL VIT.CIT.GLICER.3 PAST.90G.,2793.00,,2026-10-09
DAR,0000000024124,JABON LIMOL BOUQ.FLOR. GLICER.3 PAST.90G,2793.00,,2026-10-09
DAR,0000000024128,JABON LIQ.ZORRO CLASICO D-P 800C,2890.00,si,2026-10-09
DAR,0000000024161,JABON LIQ.ZORRO BICARBONATO D-P 800CC,2890.00,si,2026-10-09
DAR,0000000029109,JABON LIQ.BORITA MAT.ECODAILY D/P.800C,2920.00,,2026-10-09
DAR,0000000034564,JABON POL.ALA DUAL MATIC+L MANO C/B 800G,3047.00,,2026-10-09
DAR,0000000038076,JABON LIQ.ALA LAVADO A MANO D/P.800C,3090.00,,2026-10-09
DAR,0000000024142,JABON LIQ.ALGABO FLORAL C/VAL.300C,3163.00,,2026-10-09
DAR,0000000019586,JABON POL.ZORRO CLASICO MAT 800G,3174.00,,2026-10-09
DAR,0000000019589,JABON POL.ZORRO CLASICO.REG 800G,3174.00,,2026-10-09
DAR,0000000018842,JABON LIQ.DOVE P/MANOS NUT.PROF REP.220C,3190.00,si,2026-10-09
DAR,0000000022879,JABON LIQ.ALA MAT.M.D/P.800C,3290.00,,2026-10-09
DAR,0000000007950,JABON POL.ALA REG.LAV.MANO MAX.SUAV 800G,3466.00,,2026-10-09
DAR,0000000012444,JABON POL.ALA MATIC MAÑANA SOL 800G,3466.00,,2026-10-09
DAR,0000000028585,JABON LIQ.REXONA ANTIBACT. ORIGINAL 220C,3490.00,,2026-10-09
DAR,0000000033852,JABON TOC.CAVALLARO COCO VERBENA 3UX90G,3555.00,,2026-10-09
DAR,0000000033853,JABON TOC.CAVALLARO COCO FLORAL 3UX90G,3555.00,,2026-10-09
DAR,0000000029026,JABON LIQ.ARIEL DELICADOS DP 800C,3750.00,si,2026-10-09
DAR,0000000034223,JABON LIQ.ARIEL PLATINUM D.P 800C,3750.00,si,2026-10-09
DAR,0000000033026,JABON LIQ.LUX ORQUIDEA NEGRA 250C,3758.00,,2026-10-09
DAR,0000000033027,JABON LIQ.LUX ROSAS FRANCESAS 250C,3758.00,,2026-10-09
DAR,0000000024879,JABON LIQ.SKIP D/P.800C,3790.00,,2026-10-09
DAR,0000000033582,JABON LIQ.ACE CLASICO D-P 800C,3809.00,,2026-10-09
DAR,0000000028884,JABON LIQ.DOVE P/MANOS ANTIBACT.REP 220C,3873.00,,2026-10-09
DAR,0000000026212,JABON LIQ.DOVE BABY HUME.SENSI.REP.180C,3936.00,,2026-10-09
DAR,0000000021547,JABON LIQ.ALA CAMELL.R/F.D/P.450C,4127.00,,2026-10-09
DAR,0000000021721,JABON LIQ.ALA CAMELL MATIC D/P.450C,4127.00,,2026-10-09
DAR,0000000021800,JABON REXONA COTTON FRESH 3U.X120G,4390.00,si,2026-10-09
DAR,0000000022829,JABON PLUSBELLE FLORES ROS.GLICER.3U 120,4390.00,,2026-10-09
DAR,0000000022831,JABON PLUSBELLE FRESC.GLICER.3U 120G.,4390.00,,2026-10-09
DAR,0000000033888,JABON PLUSBELLE JAZMÍN GLICER. 3U 120G,4390.00,,2026-10-09
DAR,0000000033901,JABON PLUSBELLE COCO/VAI. GLICER.3U 120G,4390.00,,2026-10-09
DAR,0000000033902,JABON PLUSBELLE LAVANDA GLICER. 3U 120G,4390.00,,2026-10-09
DAR,0000000024028,JABON TOC. LUX JAZMIN 3UX120G,4490.00,si,2026-10-09
DAR,0000000033973,JABON REXONA ANTIBAC ORIGINAL 3X90G,4520.00,,2026-10-09
DAR,0000000021801,JABON REXONA BAMBO 3U.X120G,4590.00,,2026-10-09
DAR,0000000021802,JABON REXONA SENSI.FRESH 3U.X120G,4590.00,,2026-10-09
DAR,0000000021804,JABON REXONA ORCHID FRESH 3U.X120G,4590.00,,2026-10-09
DAR,0000000019288,JABON TOC. LUX ROS.FRANC.3U.X 120G-,4790.00,,2026-10-09
DAR,0000000024029,JABON TOC. LUX LIRIO AZUL 3UX120G,4790.00,,2026-10-09
DAR,0000000025178,JABON TOC. LUX ORQ.NEGRA.3UX120G,4790.00,,2026-10-09
DAR,0000000032241,JABON ASEPXIA CARBON DETOX 100 GRS,5321.30,,2026-10-09
DAR,0000000012544,JABON VERITAS GLIC.SIN PERF 3 X 120G,5690.00,,2026-10-09
DAR,0000000012545,JABON VERITAS GLIC.AC.ESENCIALES 3X120G,5690.00,,2026-10-09
DAR,0000000019654,JABON VERITAS GLIC.NECTAR FRUT.3 X 120G,5690.00,,2026-10-09
DAR,0000000028991,JABON VERITAS GLIC.NARAN/LIMON 3 X 120G,5690.00,,2026-10-09
DAR,0000000022971,JABON NIVEA CREME CARE 3 X 125G,5890.00,,2026-10-09
DAR,0000000033744,JABON LIQ.LIBERTADOR MICROCAPSULAS 3.25L,5957.00,,2026-10-09
DAR,0000000032336,JABON NIVEA AVENA 3 X 125G,6095.00,,2026-10-09
DAR,0000000038233,JABON NIVEA GLICERINA ORQUIDEAS 3 X 90G,6095.00,,2026-10-09
DAR,0000000033880,JABON LIQ.GRANBY LIMON 500CC RINDE 3L,6290.00,,2026-10-09
DAR,0000000034566,JABON LIQ.GRANBY 500CC ROSAS RINDE 3L,6290.00,,2026-10-09
DAR,0000000032037,JABON TOC.DOVE BLANCO 3X90G.,6990.00,si,2026-10-09
DAR,0000000034399,JABON TOC.PALMOLIVE NAT. PET/ROS 8X85G,7306.00,,2026-10-09
DAR,0000000023767,JABON LIQ.ALA CAMEL.MATIC. D/P 900C,7468.00,,2026-10-09
DAR,0000000033149,JABON TOC.DOVE PIEL SENSIBLE 3X90G.,7690.00,,2026-10-09
DAR,0000000038053,JABON LIQ.GRANBY BICAR.LIMON D-P 3L,8490.00,si,2026-10-09
DAR,0000000038054,JABON LIQ.GRANBY BICAR. ROSAS D-P 3L,8490.00,si,2026-10-09
DAR,0000000038063,JABON POL.GRANBY BICAR. MATIC LIMON 3K.,8690.00,,2026-10-09
DAR,0000000033885,JABON LIQ.SKIP C/CORTOS LIM ACT DP 800C,9081.00,,2026-10-09
DAR,0000000033887,JABON LIQ.SKIP C/CORTOS FRE ACT DP 800C,9081.00,,2026-10-09
DAR,0000000032165,JABON LIQ.ZORRO DILUIB EVOLUTION 500CC,9386.00,,2026-10-09
DAR,0000000028605,JABON LIQ. ALA 500CC RINDE 3L,9490.00,,2026-10-09
DAR,0000000033946,JABON LIQ. ALA ROPA BLANCA 500CC RIND 3L,9490.00,,2026-10-09
DAR,0000000038288,JABON LIQ. ALA ECO.LA BIC 500CC RINDE 3L,9490.00,,2026-10-09
DAR,0000000033882,JABON LIQ.SKIP C/CORTOS LIM ACT BOT 800C,9950.00,,2026-10-09
DAR,0000000033884,JABON LIQ.SKIP C/CORTOS FRE ACT BOT 800C,9950.00,,2026-10-09
DAR,0000000025421,JABON LIQ.ZORRO CLASICO D-P 3L.,10390.00,,2026-10-09
DAR,0000000033459,JABON LIQ. ARIEL PLATINUM DILUIBLE 500CC,10390.00,,2026-10-09
DAR,0000000022883,JABON LIQ.ALA MAT.MULT.D-P 3L,10990.00,si,2026-10-09
DAR,0000000028606,JABON LIQ.SKIP 500CC RINDE 3L,10990.00,si,2026-10-09
DAR,0000000038286,JABON LIQ.SKIP POWER OXI 500CC RINDE 3L,10990.00,si,2026-10-09
DAR,0000000038287,JABON LIQ.SKIP POWER DELUX 500CC RINDE3L,10990.00,si,2026-10-09
DAR,0000000034565,JABON POL.ALA DUAL MATIC+L MANO C/B 3K,11126.00,,2026-10-09
DAR,0000000019599,JABON POL.ZORRO BICARBONATO REG. 3K.,11164.00,,2026-10-09
DAR,0000000006607,JABON POL.ALA MATIC MAX SUAVIDAD 3K,12256.00,,2026-10-09
DAR,0000000012445,JABON POL.ALA MATIC MAÑANA SOL 3K,12256.00,,2026-10-09
DAR,0000000022367,JABON POL.ALA REG.LAV.MANO MAX.SUAV 3K,12256.00,,2026-10-09
DAR,0000000034224,JABON LIQ. ARIEL PLATINUM DP 3L,12890.00,,2026-10-09
DAR,0000000023766,JABON LIQ.SKIP D-P 3L,12990.00,,2026-10-09
DAR,0000000028415,"JABON POL.SKIP FORMULA CLASICA 2,5K",13069.00,,2026-10-09
DAR,0000000012250,SHAMPOO SEDAL CR.BALANCE 300C,3980.00,,2026-10-09
DAR,0000000012252,SHAMPOO SEDAL CERAMIDAS 300C,3980.00,,2026-10-09
DAR,0000000020098,SHAMPOO SEDAL REST.INST.300C,3980.00,,2026-10-09
DAR,0000000033991,SHAMPOO SEDAL LUMINOUS UV 300C,3980.00,,2026-10-09
DAR,0000000020096,SHAMPOO SEDAL REST.INST.190C,3990.00,,2026-10-09
DAR,0000000020237,SHAMPOO SEDAL LISO PERFEC.190C.,3990.00,,2026-10-09
DAR,0000000020239,SHAMPOO SEDAL CERAMIDAS 190C.,3990.00,,2026-10-09
DAR,0000000032517,SHAMPOO SEDAL HIALUR.Y VIT A 190CC,3990.00,,2026-10-09
DAR,0000000032521,SHAMPOO SEDAL COLAGENO Y VIT C 190CC,3990.00,,2026-10-09
DAR,0000000020248,SHAMPOO SEDAL CERAMIDAS 340C,4390.00,si,2026-10-09
DAR,0000000033623,SHAMPOO SEDAL LUMINOUS UV 340C,4390.00,si,2026-10-09
DAR,0000000034617,SHAMPOO SEDAL MEGA CRECIMIENTO 340C,4390.00,,2026-10-09
DAR,0000000024102,SHAMPOO PLUSBELLE BRILLO LUMIN. 1L,4690.00,,2026-10-09
DAR,0000000024103,SHAMPOO PLUSBELLE FRESCURA 1L.,4690.00,,2026-10-09
DAR,0000000024104,SHAMPOO PLUSBELLE SUAVIDAD MANZANA 1L,4690.00,,2026-10-09
DAR,0000000024105,SHAMPOO PLUSBELLE NUTRICION 1L,4690.00,,2026-10-09
DAR,0000000033031,SHAMPOO PLUSBELLE NUTRICION 700C,4690.00,,2026-10-09
DAR,0000000033678,SHAMPOO PLUSBELLE ESENCIA REVITAL 700C,4690.00,,2026-10-09
DAR,0000000033953,SHAMPOO PLUSBELLE HIDRAT. PROFUNDA 700C,4690.00,,2026-10-09
DAR,0000000033955,SHAMPOO PLUSBELLE BRILLO PERFECTO 700C,4690.00,,2026-10-09
DAR,0000000020246,SHAMPOO SEDAL LISO PERFEC.340C,4990.00,,2026-10-09
DAR,0000000032513,SHAMPOO SEDAL REST.INSTANT 340CC,4990.00,,2026-10-09
DAR,0000000032514,SHAMPOO SEDAL RIZOS DEFINIDOS 340C,4990.00,,2026-10-09
DAR,0000000032515,SHAMPOO SEDAL CASPA CONTROL 340CC,4990.00,,2026-10-09
DAR,0000000032518,SHAMPOO SEDAL HIALUR. Y VIT A 340CC,4990.00,,2026-10-09
DAR,0000000032522,SHAMPOO SEDAL COLAGENO Y VIT C 340CC,4990.00,,2026-10-09
DAR,0000000038120,SHAMPOO SEDAL PREB.BIOTINA 340C.,4990.00,,2026-10-09
DAR,0000000023078,SHAMPOO ELVIVE REPARACION T 5 200C,5690.00,si,2026-10-09
DAR,0000000023080,SHAMPOO ELVIVE COLORVIVE 200C,5690.00,si,2026-10-09
DAR,0000000023462,SHAMPOO ELVIVE REPARAC.TOT.EXTREMO 200C,5690.00,,2026-10-09
DAR,0000000026237,SHAMPOO ELVIVE OLEO RIZOS 200C,5690.00,,2026-10-09
DAR,0000000029389,SHAMPOO ELVIVE HIDRA HIALURONICO 200C,5690.00,si,2026-10-09
DAR,0000000032684,SHAMPOO ELVIVE HIALURONICO PURE 200C,5690.00,si,2026-10-09
DAR,0000000033150,SHAMPOO ELVIVE GLYCOLIC GLOSS 200C,5690.00,si,2026-10-09
DAR,0000000034177,SHAMPOO JOHNSON BABY ORIGINAL REP.180ML,5703.00,,2026-10-09
DAR,0000000026880,SHAMPOO FRUCTIS GOODBYE DAÑOS 200C,5790.00,,2026-10-09
DAR,0000000028009,SHAMPOO FRUCTIS ALOE HIDRA BOMB 200C,5790.00,,2026-10-09
DAR,0000000033292,SHAMPOO DOVE BOND REPAIR+PEPTIDO 200C,5790.00,si,2026-10-09
DAR,0000000034195,SHAMPOO DOVE UV REPAIR&GLOW 200C,5790.00,,2026-10-09
DAR,0000000038071,SHAMPOO FRUCTIS HIDRA LISS 200C,5790.00,,2026-10-09
DAR,0000000026884,SHAMPOO FRUCTIS HYDRA LISS 350C,5990.00,si,2026-10-09
DAR,0000000026887,SHAMPOO FRUCTIS GOODBYE DAÑOS 350C,5990.00,si,2026-10-09
DAR,0000000032567,SHAMPOO TIO NACHO HERBOLERIA DP. 400CC,5990.00,,2026-10-09
DAR,0000000033492,SHAMPOO FRUCTIS 0IL REPA. LISO COCO 350C,5990.00,si,2026-10-09
DAR,0000000033494,SHAMPOO FRUCTIS 0IL RECARGA NUT. 350C,5990.00,si,2026-10-09
DAR,0000000021214,SHAMPOO DOVE RECONST+AMINOACIDO 200C.,6290.00,,2026-10-09
DAR,0000000026834,SHAMPOO DOVE HUMECT+COCO ANTIOXI 200C.,6290.00,,2026-10-09
DAR,0000000032229,SHAMPOO TIO NACHO ENGROSADOR 200CC,6390.00,,2026-10-09
DAR,0000000032230,SHAMPOO TIO NACHO ALOE VERA 200CC,6390.00,,2026-10-09
DAR,0000000021892,SHAMPOO HEAD SHO.MANZANA 180C,6490.00,,2026-10-09
DAR,0000000022782,SHAMPOO HEAD SHO 3EN1 180C,6490.00,,2026-10-09
DAR,0000000024349,SHAMPOO HEAD SHO MEN OLD SPICE 180C,6490.00,,2026-10-09
DAR,0000000029448,SHAMPOO HEAD SHO FUERZA DE RAIZ 180C,6490.00,,2026-10-09
DAR,0000000029842,SHAMPOO HEAD SHO SENSITIVE 180C,6490.00,,2026-10-09
DAR,0000000032502,SHAMPOO HEAD SHO. ARGAN 180C,6490.00,,2026-10-09
DAR,0000000033015,SHAMPOO HEAD SHO COCO 180C,6490.00,,2026-10-09
DAR,0000000033261,SHAMPOO HEAD SHO ANTICOMEZON 180C,6490.00,,2026-10-09
DAR,0000000033677,SHAMPOO HEAD SHO ANTI-RESEQUEDAD 180C,6490.00,,2026-10-09
DAR,0000000034497,SHAMPOO HEAD SHO. ANTICAIDA C/ROMER 180C,6490.00,,2026-10-09
DAR,0000000019783,SHAMPOO CLEAR 2EN1 LIMP.DIARIA 200C,6592.00,,2026-10-09
DAR,0000000002410,SHAMPOO JOHNSON ORIGINAL 200C,6890.00,,2026-10-09
DAR,0000000022961,SHAMPOO JOHNSON CABELLO CLARO 200C,6890.00,,2026-10-09
DAR,0000000026206,SHAMPOO DOVE BABY HUMECT.ENRIQUEC.200C,6973.00,,2026-10-09
DAR,0000000032373,SHAMPOO TRESEMME KERAT.ANTIFRIZ 500C,7890.00,si,2026-10-09
DAR,0000000038244,SHAMPOO TRESEMME BRILLO LAMELAR 500C,7890.00,si,2026-10-09
DAR,0000000015161,SHAMPOO DOVE HIDRATACION+HIALURON-V 400C,7990.00,,2026-10-09
DAR,0000000028390,SHAMPOO DOVE REGENERACION+RETINOL 400C.,7990.00,,2026-10-09
DAR,0000000032560,SHAMPOO DOVE NUTRICIÓN+TRI-ÓLEOS 400C,7990.00,,2026-10-09
DAR,0000000033293,SHAMPOO DOVE BOND REPAIR+PEPTIDO 400C.,8190.00,si,2026-10-09
DAR,0000000034196,SHAMPOO DOVE UV REPAIR&GLOW 400C,8190.00,si,2026-10-09
DAR,0000000033624,SHAMPOO SEDAL LUMINOUS UV 650C,8790.00,,2026-10-09
DAR,0000000034549,SHAMPOO SEDAL HIALURONICO Y VIT A 650C,8790.00,,2026-10-09
DAR,0000000034620,SHAMPOO SEDAL MEGA CRECIMIENTO 650C,8790.00,,2026-10-09
DAR,0000000020794,SHAMPOO ELVIVE REPARACION T 5 400C.,8950.00,,2026-10-09
DAR,0000000029390,SHAMPOO ELVIVE HIDRA HIALURONICO 400C.,8950.00,,2026-10-09
DAR,0000000032685,SHAMPOO ELVIVE HIALURONICO PURE 400C,8950.00,,2026-10-09
DAR,0000000034170,SHAMPOO FRUCTIS HAIR FOOD PIÑA 300C,9259.00,,2026-10-09
DAR,0000000032375,SHAMPOO TRESEMME CAUT.REPARAD 500C,9390.00,,2026-10-09
DAR,0000000032377,SHAMPOO TRESEMME LISO EFECTO PROFE 500C,9390.00,,2026-10-09
DAR,0000000032379,SHAMPOO TRESEMME ONDAS BOHO 500C,9390.00,,2026-10-09
DAR,0000000032949,SHAMPOO TRESEMME DETOX CAPILAR 500C,9390.00,,2026-10-09
DAR,0000000033074,SHAMPOO DOVE CASPA CONTROL MEN 400C,10732.00,,2026-10-09
DAR,0000000033837,SHAMPOO ELVIVE DREAM LISO 400C,10990.00,,2026-10-09
DAR,0000000034371,SHAMPOO ELVIVE GLYCOLIC CRISTAL 400C,10990.00,,2026-10-09
DAR,0000000021893,SHAMPOO HEAD SHO.MANZANA 375C,11390.00,,2026-10-09
DAR,0000000022783,SHAMPOO HEAD SHO 3EN1 375C,11390.00,,2026-10-09
DAR,0000000024350,SHAMPOO HEAD SHO MEN OLD SPICE 375C,11390.00,,2026-10-09
DAR,0000000027988,SHAMPOO HEAD SHO PURIFICAC.CAPILAR 375C,11390.00,,2026-10-09
DAR,0000000028440,SHAMPOO HEAD SHO HIDRATACION COCO 375C,11390.00,,2026-10-09
DAR,0000000029450,SHAMPOO HEAD SHO FUERZA DE RAIZ 375C,11390.00,,2026-10-09
DAR,0000000033262,SHAMPOO HEAD SHO ANTICOMEZON 375C,11390.00,,2026-10-09
DAR,0000000033676,SHAMPOO HEAD SHO ANTI-RESEQUEDAD 375C,11390.00,,2026-10-09
DAR,0000000034498,SHAMPOO HEAD SHO. ANTICAIDA C/ROMER 375C,11390.00,,2026-10-09
DAR,0000000028629,SHAMPOO FRUCTIS HAIR FOOD COCO 300C,11418.00,,2026-10-09
DAR,0000000034546,SHAMPOO DOVE REGENERACION+RETINOL 650C,13890.00,,2026-10-09
DAR,0000000033567,LIMPIADOR SMART CLEAN ANTIGRASA 100C,863.00,,2026-10-09
DAR,0000000033558,LIMPIADOR LIQ. SMART CLEAN BAMBU 150C,1780.00,,2026-10-09
DAR,0000000033562,LIMPIADOR LIQ. SMART CLEAN MORAS A. 150C,1780.00,,2026-10-09
DAR,0000000028602,LIMPIADOR LIBERTADOR SURTIDO 1.5L,2095.00,,2026-10-09
DAR,0000000029001,LIMPIADOR LIQ. POETT SUAVIDAD BEBE 900C,2190.00,si,2026-10-09
DAR,0000000029002,LIMPIADOR LIQ. POETT SUAVID.ALGODON 900C,2190.00,si,2026-10-09
DAR,0000000029003,LIMPIADOR LIQ. POETT MUSICA/PRIMAV 900C,2190.00,si,2026-10-09
DAR,0000000029005,LIMPIADOR LIQ. POETT ALEGRA TU DIA 900C,2190.00,si,2026-10-09
DAR,0000000029006,LIMPIADOR LIQ. POETT ESPIRITU PLAY 900C,2190.00,si,2026-10-09
DAR,0000000024283,LIMPIADOR PINOLUZ PINO 900CC,2240.00,,2026-10-09
DAR,0000000034516,LIMPIADOR PINOLUZ LIMON 900CC,2240.00,,2026-10-09
DAR,0000000000304,LIMPIADOR PROCENEX ORIGINAL 900C,2539.00,,2026-10-09
DAR,0000000032985,LIMPIADOR CIF PISOS DESINF ORIGINAL 450C,3009.00,,2026-10-09
DAR,0000000033392,LIMPIADOR HARPIC BAÑO D/P 420CC,3301.00,,2026-10-09
DAR,0000000020119,"LIMPIADOR PROCENEX JAZMIN 1,8L",3809.00,,2026-10-09
DAR,0000000008426,LIMPIADOR CIF PISOS PLASTIFICADO 750C,4825.00,,2026-10-09
DAR,0000000032984,LIMPIADOR CIF PISOS DESINF ORIGINAL 750C,4825.00,,2026-10-09
DAR,0000000033071,LIMPIADOR CIF PISOS OXYGEL 750C,4825.00,,2026-10-09
DAR,0000000000444,LIMPIADOR INODORO HARPIC TRIPLE ACCION 500C,5390.00,,2026-10-09
DAR,0000000034517,"LIMPIADOR PINOLUZ LIMON 1,8L",5449.00,,2026-10-09
DAR,0000000029008,"LIMPIADOR LIQ. POETT SUAVID.ALGODON 1,8L",5790.00,,2026-10-09
DAR,0000000029009,"LIMPIADOR LIQ.POETT MUSICA/PRIMAV. 1,8L",5790.00,,2026-10-09
DAR,0000000029011,"LIMPIADOR LIQ. POETT ALEGRA TU DIA 1,8L",5790.00,,2026-10-09
DAR,0000000029012,"LIMPIADOR LIQ. POETT ESPIRITU PLAY 1,8L",5790.00,,2026-10-09
DAR,0000000028800,LIMPIADOR GEL PATO PURIFIC FLORAL 500C,5830.00,,2026-10-09
DAR,0000000029784,LIMPIADOR BLEM MULTISUP.ELECT.FLORAL 360,6084.00,,2026-10-09
DAR,0000000011572,LIMPIADOR BLEM PISOS PLAST.ALMENDRA 800C,8751.00,,2026-10-09
DAR,0000000014470,ESPONJA ACERO INOX. DEA 13G,548.06,,2026-10-09
DAR,0000000014481,FIBRA ESPONJA VERDE DEA,601.66,,2026-10-09
DAR,0000000007078,ESPONJA LISA VIRULANA,776.00,,2026-10-09
DAR,0000000033548,ESPONJA SED METAL C/FIBRA ADHERIDA,825.00,,2026-10-09
DAR,0000000032011,ESPONJA GO MAX MULTIUSO,884.00,,2026-10-09
DAR,0000000033642,FIBRA ESPONJA SED METAL CIRCULOS ABRASIV,914.00,,2026-10-09
DAR,0000000000283,ESPONJA BRONCE KEKOSA,924.00,,2026-10-09
DAR,0000000014483,ESPONJA BAÑO DEA,1003.66,,2026-10-09
DAR,0000000012098,FIBRA ESPONJA C/CUADR. VIRULANA,1031.05,,2026-10-09
DAR,0000000033643,FIBRA ESPONJA SED METAL CERO RAYAS,1091.00,,2026-10-09
DAR,0000000025285,ESPONJA BAÑO BIJOU OVAL.GRANDE,1138.00,,2026-10-09
DAR,0000000025286,ESPONJA BAÑO BIJOU HUESO,1138.00,,2026-10-09
DAR,0000000034055,ESPONJA MORTIMER LISA,1142.00,,2026-10-09
DAR,0000000014478,ESPONJA DORADA DEA 13G,1259.00,,2026-10-09
DAR,0000000023622,ESPONJA ACERO INOX.DEA XL 50G.,1740.66,,2026-10-09
DAR,0000000014476,ESPONJA ACERO COMBINADA DEA,1794.26,,2026-10-09
DAR,0000000018250,ESPONJA MORTIMER ANTIBACT.,1914.86,,2026-10-09
DAR,0000000022138,FIBRA ESPONJA MORTIMER PODEROSA,2008.66,,2026-10-09
DAR,0000000029080,PAÑO VIRULANA ESPONJA ANTIBACT. 1 U.,2042.27,,2026-10-09
DAR,0000000023243,ESPONJA MORTIMER ABRASIVA,2075.66,,2026-10-09
DAR,0000000021129,ESPONJA BRONCE MORTIMER,2115.86,,2026-10-09
DAR,0000000032014,ESPONJA ACERO INOX. GO 50G,3081.00,,2026-10-09
DAR,0000000034507,ESPONJA WASSINGTON P/CALZADO INCOLORO,5206.00,,2026-10-09
DAR,0000000034509,ESPONJA WASSINGTON SNEAKER WIPERS 5U,5587.00,,2026-10-09
DAR,0000000034102,CEPILLO DENT. ORAL B 123 CON TAPA,1490.00,,2026-10-09
DAR,0000000016582,CEPILLO LIMPIA VEHICULOS R-49,2490.00,,2026-10-09
DAR,0000000034556,CEPILLO PELGUI LAVA AUTO,2500.00,,2026-10-09
DAR,0000000026825,CEPILLO LIMPIAMAX ANATOMICO,3832.00,,2026-10-09
DAR,0000000032016,CEPILLO SANITARIO,4019.00,,2026-10-09
DAR,0000000025326,CEPILLO DENT.ORAL B KIDS MICKEY,4305.00,,2026-10-09
DAR,0000000016580,"ALIMENTO PERRO BACAN ADULTO 1,5K",3885.00,,2026-10-09
DAR,0000000012898,"ALIMENTO PERRO SABROSITOS MIX 1,5K",4190.00,,2026-10-09
DAR,0000000021933,"ALIMENTO PERRO SABROSITOS VARIEDAD 1,5K",4190.00,,2026-10-09
DAR,0000000029280,"ALIMENTO PERRO DOGUI ADULTOS 1,5K",6950.00,,2026-10-09
DAR,0000000012410,"ALIMENTO PERRO DOG-CHOW AD.POLL-CAR.1,5K",7890.00,,2026-10-09
DAR,0000000010246,"ALIMENTO PERRO PEDIGREE AD ETAPA 2. 1,5K",9367.00,,2026-10-09
DAR,0000000010245,"ALIMENTO PERRO PEDIGREE CACHORRO 1,5K",9450.00,,2026-10-09
DAR,0000000017383,"ALIMENTO PERRO PEDIGREE RAZAS PEQ.1,5K",9450.00,,2026-10-09
DAR,0000000028066,"ALIMENTO PERRO DOG-CHOW ADUL.R.PEQ 1,5K",9450.00,,2026-10-09
DAR,0000000026691,ALIMENTO GATO RAZA CAR/PES/AR AD. 500G,2190.00,,2026-10-09
DAR,0000000012897,ALIMENTO GATO SABROSITOS SAB.MAR 500G,2390.00,,2026-10-09
DAR,0000000016158,ALIMENTO GATO SABROSITOS MIX 500G,2390.00,,2026-10-09
DAR,0000000033447,ALIMENTO GATO RAZA CASTRADOS 500G,2476.00,,2026-10-09
DAR,0000000034799,ALIMENTO GATO RAZA RED.EN CALORIAS 1K,4290.00,,2026-10-09
DAR,0000000017385,ALIMENTO GATO WHISKAS GAT.CAR/LECH.500G,4950.00,,2026-10-09
DAR,0000000108022,ALIMENTO GATO CAT CHOW AD.CARN/POLL 500G,5490.00,,2026-10-09
DAR,0000000033126,ALFAJOR VIMAR 2 GLASEADO 38G,490.00,,2026-10-09
DAR,0000000033085,ALFAJOR TATIN BLANCO 33G,590.00,,2026-10-09
DAR,0000000033086,ALFAJOR TATIN NEGRO 33G,590.00,,2026-10-09
DAR,0000000033128,ALFAJOR VIMAR 3 GLASEADO 60G,690.00,,2026-10-09
DAR,0000000027845,ALFAJOR TOFI NEGRO 46G,1084.00,,2026-10-09
DAR,0000000024739,ALFAJOR TATIN BLANCO 60G,1190.00,,2026-10-09
DAR,0000000024740,ALFAJOR TATIN NEGRO 60G,1190.00,,2026-10-09
DAR,0000000008650,ALFAJOR JORGITO GLASEADO 50G,1290.00,,2026-10-09
DAR,0000000008651,ALFAJOR JORGITO NEGRO 55 G,1290.00,,2026-10-09
DAR,0000000033831,ALFAJOR MARLEY NEGRO 80G,1290.00,si,2026-10-09
DAR,0000000033832,ALFAJOR MARLEY BLANCO 80G,1290.00,si,2026-10-09
DAR,0000000033356,ALFAJOR ANGIOLA RELL. LIMON S/TACC 50G,1434.00,,2026-10-09
DAR,0000000033357,ALFAJOR ANGIOLA RELL.FRUT.ROJ S/TACC 50G,1434.00,,2026-10-09
DAR,0000000033818,ALFAJOR JORGITO NEGRO S/TACC 50 G,1460.00,,2026-10-09
DAR,0000000116899,ALFAJOR GOAT NEGRO CORAZON BONOBON 75G,1490.00,si,2026-10-09
DAR,0000000033807,ALFAJOR SHOT PASTA DE MANI 44G,1523.00,,2026-10-09
DAR,0000000008648,ALFAJOR MAXI JORGELIN BLANCO 85G,1790.00,,2026-10-09
DAR,0000000020881,ALFAJOR BAGLEY COFLER BLOCK 60G,1890.00,,2026-10-09
DAR,0000000022073,ALFAJOR AGUILA MINI TORTA 69G,1890.00,,2026-10-09
DAR,0000000026858,"ALFAJOR AGUILA MINI TORTA BROWN 71,5G",1890.00,,2026-10-09
DAR,0000000033843,"ALFAJOR BAGLEY CHOCOTORTA TRIPLE 71,5G",1890.00,,2026-10-09
DAR,0000000110112,ALFAJOR BON-O-BON TRIPLE 60G,1970.00,,2026-10-09
DAR,0000000013106,ALFAJOR MILKA MOUSSE TRIPLE BLANCO 55G,1990.00,,2026-10-09
DAR,0000000017492,ALFAJOR MILKA MOUSSE TRIPLE 55G,1990.00,,2026-10-09
DAR,0000000017494,ALFAJOR OREO TRIPLE 56G,1990.00,,2026-10-09
DAR,0000000024965,ALFAJOR TRIPLE SHOT 60G,1990.00,,2026-10-09
DAR,0000000029330,ALFAJOR MILKA OREO TRIPLE DDL 61G,1990.00,,2026-10-09
DAR,0000000034652,ALFAJOR RASTA TRICO MAICENA 100G,2190.00,,2026-10-09
DAR,0000000034750,ALFAJOR MILKA SUPER DDL BLANCO 70G,2265.00,,2026-10-09
DAR,0000000025119,ALFAJOR CACHAFAZ MOUSSE 50G,2290.00,,2026-10-09
DAR,0000000025120,ALFAJOR CACHAFAZ NEGRO FLOW PACK 60G,2290.00,,2026-10-09
DAR,0000000025121,ALFAJOR CACHAFAZ BLANCO FLOW PACK 60G,2290.00,,2026-10-09
DAR,0000000008310,ALFAJOR JORGITO BAÑO GLASEADO 6UNIDAD25G,4090.00,,2026-10-09
DAR,0000000008652,ALFAJOR JORGITO FRUTA 6UNIDADES 25G,4090.00,,2026-10-09
DAR,0000000012210,ALFAJOR JORGITO MOUSSE 6UNIDADES 150G,4090.00,,2026-10-09
DAR,0000000021407,ALFAJOR JORGITO BAÑO BCO C/DL 6UNID.25G,4090.00,,2026-10-09
DAR,0000000034087,ALFAJOR 9 DE ORO BLANCO C/DL. 6U 45G,4390.00,,2026-10-09
DAR,0000000011365,TAPITAS PARA ALFAJOR WHISPER 500G,6222.00,,2026-10-09
DAR,0000000033508,SNACK TAKIS XPLOSION 140G,4390.00,,2026-10-09
DAR,0000000116378,HELADO FREDDO PINTA COOKIES&CREAM 320G,10544.00,,2026-10-09
DAR,0000000050109,LEVADURA CALSA AMASAFACIL CUBO 50G.,843.60,,2026-10-09
DAR,0000000003173,LEVADURA LEVEX 20G,1090.00,,2026-10-09
DAR,0000000028903,LEVADURA LEVEX MASA MADRE 2 UNID X 13G,1345.00,,2026-10-09
DAR,0000000022694,PREMEZCLA TORTA FRITA LUCCHETTI 500G,2259.33,,2026-10-09
DAR,0000000025032,PREMEZCLA CHIPA MAMA COCINA PLUS 250G,2990.00,,2026-10-09
DAR,0000000019385,PREMEZCLA P/ÑOQUIS MAMA COCINA PAPA 400G,3910.33,,2026-10-09
DAR,0000000028942,PREMEZCLA CHIPA LUCCHETTI 400G,5703.00,,2026-10-09
